<?xml version="1.0" encoding="utf-8"?>
<COLLADA xmlns="http://www.collada.org/2005/11/COLLADASchema" version="1.4.1" xmlns:xsi="http://www.w3.org/2001/XMLSchema-instance">
  <asset>
    <contributor>
      <author>Blender User</author>
      <authoring_tool>Blender 4.4.3 commit date:2025-04-29, commit time:14:09, hash:802179c51ccc</authoring_tool>
    </contributor>
    <created>2026-08-25T15:20:23</created>
    <modified>2026-08-25T15:20:23</modified>
    <unit name="meter" meter="1"/>
    <up_axis>Z_UP</up_axis>
  </asset>
  <library_effects>
    <effect id="material_0_002-effect">
      <profile_COMMON>
        <technique sid="common">
          <lambert>
            <emission>
              <color sid="emission">0 0 0 1</color>
            </emission>
            <diffuse>
              <color sid="diffuse">0.901961 0.921569 0.929412 1</color>
            </diffuse>
            <index_of_refraction>
              <float sid="ior">1.5</float>
            </index_of_refraction>
          </lambert>
        </technique>
      </profile_COMMON>
    </effect>
  </library_effects>
  <library_images/>
  <library_materials>
    <material id="material_0_002-material" name="material_0.002">
      <instance_effect url="#material_0_002-effect"/>
    </material>
  </library_materials>
  <library_geometries>
    <geometry id="gelsight-mini-franka-finger-1-v2-mesh" name="gelsight-mini-franka-finger-1-v2">
      <mesh>
        <source id="gelsight-mini-franka-finger-1-v2-mesh-positions">
          <float_array id="gelsight-mini-franka-finger-1-v2-mesh-positions-array" count="3483">10.5 15.2497 14.32361 2.103017 -51.44701 20 2.103017 -51.44701 23 10 7.249701 14.32361 9.931893 6.514702 14.32361 2.15 -51 20 9.729889 5.804734 14.32361 2.15 -51 23 2.103017 -50.55299 20 -10.5 15.2497 14.32361 2.103017 -50.55299 23 4.905348 11.097 14.32361 1.964123 -50.12552 23 5.630927 11.23264 14.32361 1.964123 -51.87449 20 6.369073 11.23264 14.32361 1.964123 -51.87449 23 -10 7.249701 14.32361 1.739387 -52.26374 20 -9.931893 7.984699 14.32361 -9.729889 8.694667 14.32361 1.739387 -52.26374 23 -4.217047 3.669047 14.32361 1.438631 -52.59776 20 1.438631 -52.59776 23 -4.905348 3.402398 14.32361 1.075 -52.86195 20 -5.630927 3.266764 14.32361 1.075 -52.86195 23 9.400869 5.143972 14.32361 0.6643865 -53.04478 20 8.956036 4.554918 14.32361 0.6643865 -53.04478 23 8.410539 4.057631 14.32361 0.2247362 -53.13822 20 7.782953 3.669047 14.32361 7.094652 3.402398 14.32361 0.2247362 -53.13822 23 6.369073 3.266764 14.32361 -0.2247362 -53.13822 20 5.630927 3.266764 14.32361 -0.2247362 -53.13822 23 4.905348 3.402398 14.32361 -0.6643865 -53.04478 20 4.217047 3.669047 14.32361 -0.6643865 -53.04478 23 -1.075 -52.86195 20 3.589462 4.057631 14.32361 -3.589462 4.057631 14.32361 -1.075 -52.86195 23 -3.043964 4.554918 14.32361 -1.438631 -52.59776 20 3.043964 4.554918 14.32361 -1.438631 -52.59776 23 -1.739387 -52.26374 20 -2.599131 5.143972 14.32361 2.599131 5.143972 14.32361 -1.739387 -52.26374 23 -1.964123 -51.87449 20 -2.270111 5.804734 14.32361 2.270111 5.804734 14.32361 -1.964123 -51.87449 23 -2.068108 6.514702 14.32361 -2.103017 -51.44701 20 2.068108 6.514702 14.32361 -2.103017 -51.44701 23 -2 7.249701 14.32361 -2.15 -51 20 2 7.249701 14.32361 -2.15 -51 23 -2.068108 7.984699 14.32361 -2.103017 -50.55299 20 2.068108 7.984699 14.32361 -2.103017 -50.55299 23 -2.270111 8.694667 14.32361 -1.964123 -50.12552 20 -1.964123 -50.12552 23 2.270111 8.694667 14.32361 -2.599131 9.35543 14.32361 -1.739387 -49.73627 20 2.599131 9.35543 14.32361 -1.739387 -49.73627 23 -1.438631 -49.40224 20 -3.043964 9.944483 14.32361 -1.438631 -49.40224 23 3.043964 9.944483 14.32361 -1.075 -49.13805 20 -3.589462 10.44177 14.32361 -1.075 -49.13805 23 3.589462 10.44177 14.32361 -0.6643865 -48.95523 20 -4.217047 10.83035 14.32361 4.217047 10.83035 14.32361 -0.6643865 -48.95523 23 -0.2247362 -48.86178 20 -4.905348 11.097 14.32361 7.094652 11.097 14.32361 -0.2247362 -48.86178 23 7.782953 10.83035 14.32361 0.2247362 -48.86178 20 0.2247362 -48.86178 23 8.410539 10.44177 14.32361 0.6643865 -48.95523 20 8.956036 9.944483 14.32361 0.6643865 -48.95523 23 9.400869 9.35543 14.32361 9.729889 8.694667 14.32361 1.075 -49.13805 20 9.931893 7.984699 14.32361 1.075 -49.13805 23 1.438631 -49.40224 20 -6.369073 3.266764 14.32361 -7.094652 3.402398 14.32361 1.438631 -49.40224 23 1.739387 -49.73627 20 -7.782953 3.669047 14.32361 -8.410539 4.057631 14.32361 1.739387 -49.73627 23 1.964123 -50.12552 20 -8.956036 4.554918 14.32361 1.125 -51 20 -9.400869 5.143972 14.32361 1.086667 -50.70883 20 -9.729889 5.804734 14.32361 0.9742786 -50.4375 20 -9.931893 6.514702 14.32361 0.7954952 -50.2045 20 -9.400869 9.35543 14.32361 0.5625 -50.02573 20 -8.956036 9.944483 14.32361 0.2911714 -49.91334 20 -8.410539 10.44177 14.32361 0 -49.875 20 -7.782953 10.83035 14.32361 -0.2911714 -49.91334 20 -7.094652 11.097 14.32361 -6.369073 11.23264 14.32361 -0.5625 -50.02573 20 -0.7954952 -50.2045 20 -5.630927 11.23264 14.32361 -0.9742786 -50.4375 20 -2.068108 7.984699 11.32361 -1.086667 -50.70883 20 -2 7.249701 11.32361 -1.125 -51 20 -2.068108 6.514702 11.32361 -1.086667 -51.29117 20 -2.270111 5.804734 11.32361 -2.599131 5.143972 11.32361 -0.9742786 -51.5625 20 -0.7954952 -51.79549 20 -3.043964 4.554918 11.32361 -0.5625 -51.97428 20 -3.589462 4.057631 11.32361 -4.217047 3.669047 11.32361 -0.2911714 -52.08667 20 0 -52.125 20 -4.905348 3.402398 11.32361 -5.630927 3.266764 11.32361 0.2911714 -52.08667 20 -6.369073 3.266764 11.32361 0.5625 -51.97428 20 0.7954952 -51.79549 20 -7.094652 3.402398 11.32361 0.9742786 -51.5625 20 -7.782953 3.669047 11.32361 -8.410539 4.057631 11.32361 1.086667 -51.29117 20 -8.956036 4.554918 11.32361 2.103017 -69.44702 20 2.103017 -69.44702 23 -9.400869 5.143972 11.32361 2.15 -69 20 -9.729889 5.804734 11.32361 -9.931893 6.514702 11.32361 2.15 -69 23 2.103017 -68.55299 20 -10 7.249701 11.32361 2.103017 -68.55299 23 -9.931893 7.984699 11.32361 -9.729889 8.694667 11.32361 1.964123 -68.12552 23 1.964123 -69.87448 20 -9.400869 9.35543 11.32361 1.964123 -69.87448 23 -8.956036 9.944483 11.32361 -8.410539 10.44177 11.32361 1.739387 -70.26374 20 -7.782953 10.83035 11.32361 1.739387 -70.26374 23 1.438631 -70.59777 20 -7.094652 11.097 11.32361 1.438631 -70.59777 23 -6.369073 11.23264 11.32361 1.075 -70.86196 20 -5.630927 11.23264 11.32361 -4.905348 11.097 11.32361 1.075 -70.86196 23 -4.217047 10.83035 11.32361 0.6643865 -71.04477 20 -3.589462 10.44177 11.32361 0.6643865 -71.04477 23 -3.043964 9.944483 11.32361 0.2247362 -71.13822 20 -2.599131 9.35543 11.32361 0.2247362 -71.13822 23 -2.270111 8.694667 11.32361 -0.2247362 -71.13822 20 -3.85 7.249701 11.32361 -0.2247362 -71.13822 23 -3.917546 7.784384 11.32361 -0.6643865 -71.04477 20 -4.115941 8.285471 11.32361 -0.6643865 -71.04477 23 -4.432717 8.721477 11.32361 -1.075 -70.86196 20 -4.847972 9.065006 11.32361 -1.075 -70.86196 23 -5.335613 9.294472 11.32361 -1.438631 -70.59777 20 -5.865 9.395459 11.32361 -1.438631 -70.59777 23 -6.40287 9.361618 11.32361 -1.739387 -70.26374 20 -6.915425 9.195079 11.32361 -1.739387 -70.26374 23 -7.370461 8.906305 11.32361 -1.964123 -69.87448 20 -7.739387 8.51344 11.32361 -1.964123 -69.87448 23 -2.103017 -69.44702 20 -7.99902 8.041169 11.32361 -2.103017 -69.44702 23 -8.133047 7.519167 11.32361 -2.15 -69 20 -8.133047 6.980234 11.32361 -7.99902 6.458233 11.32361 -2.15 -69 23 -2.103017 -68.55299 20 -7.739387 5.985962 11.32361 -7.370461 5.593097 11.32361 -2.103017 -68.55299 23 -6.915425 5.304322 11.32361 -1.964123 -68.12552 20 -6.40287 5.137783 11.32361 -1.964123 -68.12552 23 -1.739387 -67.73626 20 -5.865 5.103943 11.32361 -1.739387 -67.73626 23 -5.335613 5.204929 11.32361 -4.847972 5.434395 11.32361 -1.438631 -67.40224 20 -1.438631 -67.40224 23 -4.432717 5.777924 11.32361 -1.075 -67.13805 20 -4.115941 6.21393 11.32361 -1.075 -67.13805 23 -3.917546 6.715017 11.32361 -0.6643865 -66.95523 20 9.931893 6.514702 11.32361 10 7.249701 11.32361 -0.6643865 -66.95523 23 8.15 7.249701 11.32361 -0.2247362 -66.86178 20 9.931893 7.984699 11.32361 -0.2247362 -66.86178 23 8.082454 7.784384 11.32361 0.2247362 -66.86178 20 9.729889 8.694667 11.32361 0.2247362 -66.86178 23 7.884059 8.285471 11.32361 0.6643865 -66.95523 20 9.400869 9.35543 11.32361 0.6643865 -66.95523 23 7.567283 8.721477 11.32361 1.075 -67.13805 20 8.956036 9.944483 11.32361 1.075 -67.13805 23 8.410539 10.44177 11.32361 1.438631 -67.40224 20 7.152028 9.065006 11.32361 1.438631 -67.40224 23 7.782953 10.83035 11.32361 1.739387 -67.73626 20 6.664387 9.294472 11.32361 1.739387 -67.73626 23 7.094652 11.097 11.32361 1.964123 -68.12552 20 6.135 9.395459 11.32361 1.125 -69 20 6.369073 11.23264 11.32361 1.086667 -68.70883 20 5.630927 11.23264 11.32361 0.9742786 -68.4375 20 5.59713 9.361618 11.32361 0.7954952 -68.20451 20 4.905348 11.097 11.32361 0.5625 -68.02572 20 5.084575 9.195079 11.32361 0.2911714 -67.91333 20 4.217047 10.83035 11.32361 0 -67.875 20 3.589462 10.44177 11.32361 -0.2911714 -67.91333 20 4.629539 8.906305 11.32361 -0.5625 -68.02572 20 3.043964 9.944483 11.32361 -0.7954952 -68.20451 20 -0.9742786 -68.4375 20 4.260613 8.51344 11.32361 2.599131 9.35543 11.32361 -1.086667 -68.70883 20 -1.125 -69 20 4.00098 8.041169 11.32361 -1.086667 -69.29117 20 2.270111 8.694667 11.32361 -0.9742786 -69.5625 20 2.068108 7.984699 11.32361 -0.7954952 -69.7955 20 3.866953 7.519167 11.32361 -0.5625 -69.97428 20 2 7.249701 11.32361 -0.2911714 -70.08667 20 3.866953 6.980234 11.32361 0 -70.125 20 2.068108 6.514702 11.32361 0.2911714 -70.08667 20 4.00098 6.458233 11.32361 0.5625 -69.97428 20 2.270111 5.804734 11.32361 2.599131 5.143972 11.32361 0.7954952 -69.7955 20 4.260613 5.985962 11.32361 0.9742786 -69.5625 20 3.043964 4.554918 11.32361 1.086667 -69.29117 20 4.629539 5.593097 11.32361 28.32843 -59 22.5 28.62306 -58.54413 22.95588 3.589462 4.057631 11.32361 5.084575 5.304322 11.32361 12.5 -59 22.5 4.217047 3.669047 11.32361 12 -58.5 23 4.905348 3.402398 11.32361 28.59808 -58.5 23 5.59713 5.137783 11.32361 12.5 -75 22.5 5.630927 3.266764 11.32361 12 -75.5 23 6.135 5.103943 11.32361 28.59808 -75.5 23 28.62306 -75.45588 22.95588 6.369073 3.266764 11.32361 28.32843 -75 22.5 7.094652 3.402398 11.32361 28.32843 -59 4.965921 6.664387 5.204929 11.32361 28.62306 -58.54413 4.500004 7.782953 3.669047 11.32361 12.5 -59 17 7.152028 5.434395 11.32361 15 -59 8.000004 8.410539 4.057631 11.32361 7.567283 5.777924 11.32361 28.29129 -59 5.000004 8.956036 4.554918 11.32361 15 -59 5.000004 9.400869 5.143972 11.32361 12.5 -59 8.000004 12.5 -75 17 -11.85543 -30.98106 23 15 -75 8.000004 7.884059 6.21393 11.32361 12.5 -75 8.000004 9.729889 5.804734 11.32361 11.85543 -30.98106 23 28.32843 -75 4.965921 8.082454 6.715017 11.32361 28.29129 -75 5.000004 -3.917546 6.715017 9.323608 15 -75 5.000004 -3.85 7.249701 9.323608 28.62306 -75.45588 4.500004 -3.917546 7.784384 9.323608 11.85543 -30.98077 23 -11.85543 -30.98077 23 -4.115941 8.285471 9.323608 -14.95442 -74.52095 23 -4.432717 8.721477 9.323608 -15 -74 23 -4.847972 9.065006 9.323608 -14.95442 -74.52095 15.5 -5.335613 9.294472 9.323608 -15 -74 8.000004 -5.865 9.395459 9.323608 -6.40287 9.361618 9.323608 -14.95442 -74.52095 8.000004 -14.81908 -75.02606 15.5 -6.915425 9.195079 9.323608 -14.81908 -75.02606 8.000004 -7.370461 8.906305 9.323608 -14.59808 -75.5 15.5 -7.739387 8.51344 9.323608 -7.99902 8.041169 9.323608 -14.59808 -75.5 8.000004 -8.133047 7.519167 9.323608 -14.29813 -75.92836 15.5 -8.133047 6.980234 9.323608 -14.29813 -75.92836 8.000004 -7.99902 6.458233 9.323608 -13.92836 -76.29814 15.5 -7.739387 5.985962 9.323608 -13.92836 -76.29814 8.000004 -13.5 -76.59808 15.5 -7.370461 5.593097 9.323608 -6.915425 5.304322 9.323608 -13.5 -76.59808 8.000004 -6.40287 5.137783 9.323608 -13.02606 -76.81908 15.5 -5.865 5.103943 9.323608 -13.02606 -76.81908 8.000004 -5.335613 5.204929 9.323608 -12.52094 -76.95442 15.5 -4.847972 5.434395 9.323608 -12.52094 -76.95442 8.000004 -4.432717 5.777924 9.323608 -12 -77 8.000004 -12 -77 23 -4.115941 6.21393 9.323608 10.5 15.2497 6.323607 -12.52094 -76.95442 23 -10.5 15.2497 6.323607 -13.02606 -76.81908 23 8.082454 6.715017 9.323608 -13.5 -76.59808 23 8.15 7.249701 9.323608 -13.92836 -76.29814 23 8.082454 7.784384 9.323608 -14.29813 -75.92836 23 7.884059 8.285471 9.323608 -14.59808 -75.5 23 -14.81908 -75.02606 23 7.567283 8.721477 9.323608 14.67438 -41.7554 7.281435 7.152028 9.065006 9.323608 14.67438 -41.7554 23 6.664387 9.294472 9.323608 6.135 9.395459 9.323608 15 -44.28649 8.000004 14.99075 -43.8566 8.000004 5.59713 9.361618 9.323608 5.084575 9.195079 9.323608 15 -44.28649 23 4.629539 8.906305 9.323608 14.96364 -43.43455 23 4.260613 8.51344 9.323608 14.96304 -43.4275 8.000004 14.9169 -43 8.000004 4.00098 8.041169 9.323608 14.85484 -42.5888 23 3.866953 7.519167 9.323608 14.81539 -42.37385 7.638498 3.866953 6.980234 9.323608 4.00098 6.458233 9.323608 -14.67438 -41.7554 7.281435 4.260613 5.985962 9.323608 -14.9169 -43 8.000004 4.629539 5.593097 9.323608 -14.81539 -42.37385 7.638498 -14.96304 -43.4275 8.000004 -10.5 -24.51381 19.26613 5.084575 5.304322 9.323608 -14.96364 -43.43455 23 5.59713 5.137783 9.323608 -14.85484 -42.5888 23 10.5 -24.51381 19.26613 -14.67438 -41.7554 23 10.52046 -25.15311 19.63523 -14.99075 -43.8566 8.000004 6.135 5.103943 9.323608 -15 -44.28649 23 -10.52046 -25.15311 19.63523 -15 -44.28649 8.000004 6.664387 5.204929 9.323608 11 -44.25 17 -11 -44.25 17 10.58174 -25.78978 20.00282 7.152028 5.434395 9.323608 11 -44.25 8.000004 -11 -44.25 8.000004 -10.58174 -25.78978 20.00282 7.567283 5.777924 9.323608 -12.5 -45.75 17 7.884059 6.21393 9.323608 -12.5 -45.75 8.000004 11 -75.75 8.000004 10.6836 -26.42124 20.36739 -11 -75.75 8.000004 10.5 15.2497 0.1736073 11 -75.75 17 -10.6836 -26.42124 20.36739 -11 -75.75 17 -10.5 15.2497 0.1736073 -12.5 -74.25 17 10.82562 -27.0449 20.72746 -12.5 -74.25 8.000004 -10.82562 -27.0449 20.72746 12.5 -45.75 17 10.5 -2.99454e-4 6.323607 12.5 -45.75 8.000004 10.5 -2.99454e-4 0.1736073 -10.5 -2.99454e-4 6.323607 1.086667 -68.70883 17 1.125 -69 17 -10.5 -2.99454e-4 0.1736073 1.086667 -69.29117 17 9.996188 7.424309 6.323607 0.9742786 -69.5625 17 9.89606 8.155633 6.323607 0.7954952 -69.7955 17 9.663258 8.856107 6.323607 0.5625 -69.97428 17 5.074334 3.358281 6.323607 0.2911714 -70.08667 17 5.805141 3.25445 6.323607 6.542585 3.286671 6.323607 0 -70.125 17 -9.996188 7.424309 6.323607 -0.2911714 -70.08667 17 -0.5625 -69.97428 17 -9.960229 6.687038 6.323607 -0.7954952 -69.7955 17 -9.78941 5.968928 6.323607 -4.738449 11.04555 6.323607 -0.9742786 -69.5625 17 -5.457415 11.21273 6.323607 -1.086667 -69.29117 17 -6.194859 11.24495 6.323607 -1.125 -69 17 9.305708 9.501877 6.323607 -1.086667 -68.70883 17 -0.9742786 -68.4375 17 8.835586 10.07095 6.323607 -0.7954952 -68.20451 17 8.268901 10.54395 6.323607 -0.5625 -68.02572 17 7.624951 10.90477 6.323607 6.925666 11.14112 6.323607 -0.2911714 -67.91333 17 6.194859 11.24495 6.323607 0 -67.875 17 5.457415 11.21273 6.323607 0.2911714 -67.91333 17 4.738449 11.04555 6.323607 0.5625 -68.02572 17 -4.062443 10.74911 6.323607 0.7954952 -68.20451 17 4.062443 10.74911 6.323607 0.9742786 -68.4375 17 1.125 -51 17 -3.452419 10.3335 6.323607 1.086667 -50.70883 17 3.452419 10.3335 6.323607 0.9742786 -50.4375 17 -2.929149 9.812878 6.323607 1.086667 -51.29117 17 2.929149 9.812878 6.323607 -2.510454 9.204968 6.323607 0.9742786 -51.5625 17 2.510454 9.204968 6.323607 0.7954952 -51.79549 17 0.5625 -51.97428 17 -2.210591 8.530473 6.323607 0.2911714 -52.08667 17 10.53636 -25.36575 9.02714 2.210591 8.530473 6.323607 0 -52.125 17 -2.039771 7.812363 6.323607 11.75 -75 17 -0.9742786 -51.5625 17 10.52046 -25.15311 -2.304081 2.039771 7.812363 6.323607 -0.7954952 -51.79549 17 -0.5625 -51.97428 17 10.5 -24.51381 -2.673177 -2.003813 7.075092 6.323607 -0.2911714 -52.08667 17 -1.086667 -51.29117 17 10.64516 -26.2115 9.02714 2.003813 7.075092 6.323607 -1.125 -51 17 -1.086667 -50.70883 17 10.58174 -25.78978 -1.936494 -2.10394 6.343768 6.323607 -0.9742786 -50.4375 17 -0.7954952 -50.2045 17 10.6836 -26.42124 -1.571921 2.10394 6.343768 6.323607 -0.5625 -50.02573 17 10.82562 -27.0449 -1.211854 -0.2911714 -49.91334 17 0 -49.875 17 -2.336742 5.643294 6.323607 0.2911714 -49.91334 17 2.336742 5.643294 6.323607 0.5625 -50.02573 17 -2.694293 4.997524 6.323607 0.7954952 -50.2045 17 2.694293 4.997524 6.323607 15 -77 4.000004 -3.164415 4.42845 6.323607 26 -77 4.000004 3.164415 4.42845 6.323607 -3.731099 3.95545 6.323607 15 -77 8.000004 26 -77 23 -10.82562 -27.0449 -1.211854 3.731099 3.95545 6.323607 15 -57 8.000004 15 -57 23 -10.6836 -26.42124 -1.571921 15 -57 4.000004 -4.375049 3.594631 6.323607 -10.58174 -25.78978 -1.936494 26 -57 4.000004 4.375049 3.594631 6.323607 26 -57 23 -10.52046 -25.15311 -2.304081 11.75 -75 8.000004 -5.074334 3.358281 6.323607 29 -60 4.000004 -10.5 -24.51381 -2.673177 29 -60 4.500004 7.261551 3.453849 6.323607 29 -74 4.000004 7.937557 3.75029 6.323607 29 -74 4.500004 8.547581 4.165899 6.323607 28.47652 -59.65814 5.000004 9.070851 4.686523 6.323607 28.40651 -59.32271 5.000004 28.5 -60 5.000004 9.489546 5.294434 6.323607 9.78941 5.968928 6.323607 28.5 -74 5.000004 9.960229 6.687038 6.323607 28.40651 -74.67729 5.000004 -9.305708 9.501877 6.323607 28.47652 -74.34186 5.000004 -9.663258 8.856107 6.323607 28.83046 -74.99423 4.500004 -9.89606 8.155633 6.323607 28.95731 -74.50429 4.500004 28.83046 -59.00577 4.500004 -9.489546 5.294434 6.323607 28.95731 -59.49571 4.500004 -9.070851 4.686523 6.323607 15 -57.03407 3.741185 -8.547581 4.165899 6.323607 15 -58 3.000004 -7.937557 3.75029 6.323607 15 -57.13398 3.500004 -7.261551 3.453849 6.323607 15 -57.29289 3.292897 -6.542585 3.286671 6.323607 15 -57.5 3.133978 -5.805141 3.25445 6.323607 15 -57.74118 3.034078 -6.925666 11.14112 6.323607 15 -76 3.000004 -7.624951 10.90477 6.323607 -8.268901 10.54395 6.323607 15 -76.96593 3.741185 15 -76.25882 3.034078 -8.835586 10.07095 6.323607 9.737248 8.675528 9.323608 15 -76.5 3.133978 15 -76.70711 3.292897 9.411619 9.337968 9.323608 15 -76.86603 3.500004 8.969811 9.929295 9.323608 26 -76 3.000004 8.426871 10.42937 9.323608 26 -58 3.000004 7.801285 10.82117 9.323608 28 -74 3.000004 7.11436 11.09134 9.323608 28 -60 3.000004 6.389486 11.23069 9.323608 26.44504 -58.05015 3.000004 5.651349 11.23448 9.323608 26.86777 -58.19807 3.000004 4.925085 11.10256 9.323608 4.235425 10.83945 9.323608 27.24698 -58.43634 3.000004 3.605856 10.45408 9.323608 27.56366 -58.75302 3.000004 3.057817 9.959602 9.323608 27.80194 -59.13223 3.000004 2.609971 9.372836 9.323608 27.94986 -59.55496 3.000004 2.277567 8.713769 9.323608 27.94986 -74.44505 3.000004 27.80194 -74.86777 3.000004 2.071927 8.004845 9.323608 2.000052 7.270205 9.323608 27.56366 -75.24698 3.000004 27.24698 -75.56366 3.000004 2.064391 6.534868 9.323608 2.262753 5.823873 9.323608 26.86777 -75.80194 3.000004 2.588382 5.161433 9.323608 26.44504 -75.94986 3.000004 20.5 -57.74118 3.034078 3.030189 4.570106 9.323608 20.5 -57.5 3.133978 3.57313 4.070031 9.323608 20.5 -57.29289 3.292897 4.198715 3.678234 9.323608 20.5 -57.13398 3.500004 4.88564 3.40806 9.323608 5.610514 3.268708 9.323608 20.5 -57.03407 3.741185 6.348651 3.264924 9.323608 26 -57.03407 3.741185 26 -57.13398 3.500004 7.074915 3.396837 9.323608 26 -57.29289 3.292897 7.764575 3.659955 9.323608 26 -57.5 3.133978 8.394144 4.045317 9.323608 26 -57.74118 3.034078 8.942183 4.5398 9.323608 26.39224 -57.7755 3.034078 9.390029 5.126566 9.323608 26.43412 -57.53798 3.133978 9.722434 5.785633 9.323608 26.47008 -57.33402 3.292897 9.928073 6.494556 9.323608 9.999948 7.229196 9.323608 26.49768 -57.17752 3.500004 9.935609 7.964533 9.323608 26.51503 -57.07913 3.741185 4.406222 7.676752 -4.826392 26.52095 -57.04558 4.000004 27.01441 -57.21294 3.741185 4.406222 7.676752 0.1736073 27.02606 -57.18092 4.000004 4.35 7.249701 -4.826392 4.35 7.249701 0.1736073 27.48296 -57.43143 3.741185 4.406222 6.822649 -4.826392 27.5 -57.40192 4.000004 4.406222 6.822649 0.1736073 27.90646 -57.72797 3.741185 4.571058 6.424701 -4.826392 27.92836 -57.70186 4.000004 4.571058 6.424701 0.1736073 28.27203 -58.09354 3.741185 28.29813 -58.07164 4.000004 4.833274 6.082974 -4.826392 4.833274 6.082974 0.1736073 28.56857 -58.51704 3.741185 28.59808 -58.5 4.000004 5.175 5.820759 -4.826392 5.175 5.820759 0.1736073 28.78706 -58.98559 3.741185 5.572948 5.655923 -4.826392 28.81908 -58.97394 4.000004 5.572948 5.655923 0.1736073 28.92087 -59.48498 3.741185 6 5.5997 -4.826392 28.95442 -59.47906 4.000004 6 5.5997 0.1736073 28.96593 -60 3.741185 28.86603 -60 3.500004 6.427052 5.655923 -4.826392 6.427052 5.655923 0.1736073 28.82249 -59.50232 3.500004 6.825 5.820759 -4.826392 28.69318 -59.01976 3.500004 6.825 5.820759 0.1736073 28.48205 -58.56698 3.500004 7.166726 6.082974 -4.826392 28.1955 -58.15775 3.500004 7.166726 6.082974 0.1736073 27.84225 -57.8045 3.500004 27.43301 -57.51795 3.500004 7.428942 6.424701 -4.826392 7.428942 6.424701 0.1736073 26.98024 -57.30681 3.500004 7.593778 6.822649 -4.826392 28.70711 -60 3.292897 7.593778 6.822649 0.1736073 28.66598 -59.52991 3.292897 7.65 7.249701 -4.826392 28.54385 -59.07412 3.292897 7.65 7.249701 0.1736073 28.34442 -58.64645 3.292897 7.593778 7.676752 -4.826392 28.07377 -58.25991 3.292897 27.7401 -57.92624 3.292897 7.593778 7.676752 0.1736073 7.428942 8.074701 -4.826392 27.35355 -57.65558 3.292897 7.428942 8.074701 0.1736073 26.92588 -57.45615 3.292897 7.166726 8.416427 -4.826392 28.5 -60 3.133978 7.166726 8.416427 0.1736073 28.46202 -59.56588 3.133978 6.825 8.678643 -4.826392 28.34923 -59.14495 3.133978 6.825 8.678643 0.1736073 28.16506 -58.75 3.133978 27.91511 -58.39303 3.133978 6.427052 8.843479 -4.826392 6.427052 8.843479 0.1736073 27.60697 -58.08489 3.133978 27.25 -57.83494 3.133978 6 8.899701 -4.826392 26.85505 -57.65077 3.133978 6 8.899701 0.1736073 28.25882 -60 3.034078 5.572948 8.843479 -4.826392 28.2245 -59.60776 3.034078 5.572948 8.843479 0.1736073 28.1226 -59.22744 3.034078 5.175 8.678643 -4.826392 27.95619 -58.87059 3.034078 5.175 8.678643 0.1736073 27.73036 -58.54806 3.034078 4.833274 8.416427 -4.826392 27.45194 -58.26964 3.034078 4.833274 8.416427 0.1736073 27.12941 -58.04381 3.034078 4.571058 8.074701 -4.826392 26.77256 -57.8774 3.034078 4.571058 8.074701 0.1736073 28.25882 -64.66667 3.034078 -7.65 7.249701 0.1736073 28.25882 -69.33334 3.034078 -7.593778 7.676752 0.1736073 28.25882 -74 3.034078 -7.428942 8.074701 0.1736073 -5.175 5.820759 0.1736073 28.5 -74 3.133978 28.5 -69.33334 3.133978 -5.572948 5.655923 0.1736073 28.70711 -74 3.292897 -4.406222 7.676752 0.1736073 28.70711 -69.33334 3.292897 -4.35 7.249701 0.1736073 28.86603 -74 3.500004 -4.406222 6.822649 0.1736073 28.86603 -69.33334 3.500004 -4.571058 8.074701 0.1736073 28.96593 -74 3.741185 -4.833274 8.416427 0.1736073 28.96593 -69.33334 3.741185 -4.833274 6.082974 0.1736073 -4.571058 6.424701 0.1736073 28.96593 -64.66667 3.741185 -7.166726 8.416427 0.1736073 28.86603 -64.66667 3.500004 -6.825 8.678643 0.1736073 28.70711 -64.66667 3.292897 -6.427052 8.843479 0.1736073 28.5 -64.66667 3.133978 28.2245 -74.39225 3.034078 -6 8.899701 0.1736073 28.46202 -74.43412 3.133978 -5.572948 8.843479 0.1736073 -5.175 8.678643 0.1736073 28.66598 -74.47009 3.292897 -6 5.5997 0.1736073 28.82249 -74.49768 3.500004 -6.427052 5.655923 0.1736073 28.92087 -74.51503 3.741185 28.95442 -74.52095 4.000004 -6.825 5.820759 0.1736073 28.78706 -75.01441 3.741185 -7.166726 6.082974 0.1736073 28.81908 -75.02606 4.000004 -7.428942 6.424701 0.1736073 28.56857 -75.48297 3.741185 -7.593778 6.822649 0.1736073 28.59808 -75.5 4.000004 -7.593778 7.676752 -4.826392 28.27203 -75.90647 3.741185 -7.65 7.249701 -4.826392 28.29813 -75.92836 4.000004 -7.593778 6.822649 -4.826392 27.90646 -76.27204 3.741185 -7.428942 6.424701 -4.826392 -7.166726 6.082974 -4.826392 27.92836 -76.29814 4.000004 -6.825 5.820759 -4.826392 27.48296 -76.56857 3.741185 -6.427052 5.655923 -4.826392 27.5 -76.59808 4.000004 -6 5.5997 -4.826392 27.01441 -76.78706 3.741185 -5.572948 5.655923 -4.826392 27.02606 -76.81908 4.000004 -5.175 5.820759 -4.826392 26.51503 -76.92087 3.741185 26.52095 -76.95442 4.000004 -4.833274 6.082974 -4.826392 -4.571058 6.424701 -4.826392 26 -76.96593 3.741185 26 -76.86603 3.500004 -4.406222 6.822649 -4.826392 26.49768 -76.82249 3.500004 -4.35 7.249701 -4.826392 26.98024 -76.69319 3.500004 -4.406222 7.676752 -4.826392 -4.571058 8.074701 -4.826392 27.43301 -76.48205 3.500004 27.84225 -76.19551 3.500004 -4.833274 8.416427 -4.826392 28.1955 -75.84225 3.500004 -5.175 8.678643 -4.826392 28.48205 -75.43302 3.500004 -5.572948 8.843479 -4.826392 28.69318 -74.98024 3.500004 -6 8.899701 -4.826392 26 -76.70711 3.292897 -6.427052 8.843479 -4.826392 26.47008 -76.66598 3.292897 -6.825 8.678643 -4.826392 26.92588 -76.54385 3.292897 -7.166726 8.416427 -4.826392 27.35355 -76.34442 3.292897 -7.428942 8.074701 -4.826392 27.7401 -76.07376 3.292897 -2.071927 8.004845 9.323608 28.07377 -75.7401 3.292897 -2.000052 7.270205 9.323608 28.34442 -75.35356 3.292897 -2.064391 6.534868 9.323608 -2.277567 8.713769 9.323608 28.54385 -74.92589 3.292897 -2.609971 9.372836 9.323608 26 -76.5 3.133978 26.43412 -76.46202 3.133978 -3.057817 9.959602 9.323608 26.85505 -76.34923 3.133978 -3.605856 10.45408 9.323608 -4.235425 10.83945 9.323608 27.25 -76.16506 3.133978 -4.925085 11.10256 9.323608 27.60697 -75.91511 3.133978 27.91511 -75.60697 3.133978 -5.651349 11.23448 9.323608 -6.389486 11.23069 9.323608 28.16506 -75.25 3.133978 -7.11436 11.09134 9.323608 28.34923 -74.85505 3.133978 -7.801285 10.82117 9.323608 26 -76.25882 3.034078 -8.426871 10.42937 9.323608 26.39224 -76.22451 3.034078 -8.969811 9.929295 9.323608 26.77256 -76.1226 3.034078 27.12941 -75.95619 3.034078 -9.411619 9.337968 9.323608 27.45194 -75.73036 3.034078 -9.737248 8.675528 9.323608 -9.935609 7.964533 9.323608 27.73036 -75.45195 3.034078 -9.999948 7.229196 9.323608 27.95619 -75.12941 3.034078 -9.928073 6.494556 9.323608 28.1226 -74.77256 3.034078 -9.722434 5.785633 9.323608 20.5 -76.96593 3.741185 -9.390029 5.126566 9.323608 20.5 -76.86603 3.500004 -8.942183 4.5398 9.323608 20.5 -76.70711 3.292897 -8.394144 4.045317 9.323608 20.5 -76.5 3.133978 -7.764575 3.659955 9.323608 20.5 -76.25882 3.034078 28.29813 -58.07164 23 -7.074915 3.396837 9.323608 28.59808 -58.5 13.5 -6.348651 3.264924 9.323608 28.29813 -58.07164 13.5 -5.610514 3.268708 9.323608 27.92836 -57.70186 23 -4.88564 3.40806 9.323608 27.92836 -57.70186 13.5 -4.198715 3.678234 9.323608 27.5 -57.40192 23 -3.57313 4.070031 9.323608 27.5 -57.40192 13.5 -3.030189 4.570106 9.323608 -2.588382 5.161433 9.323608 27.02606 -57.18092 23 -2.262753 5.823873 9.323608 27.02606 -57.18092 13.5 6.427052 5.655923 -11.15139 26.52095 -57.04558 23 6.825 5.820759 -11.15139 26.52095 -57.04558 13.5 28.59808 -75.5 13.5 4.833274 6.082974 -11.15139 28.29813 -75.92836 13.5 5.175 5.820759 -11.15139 4.406222 7.676752 -11.15139 28.29813 -75.92836 23 4.35 7.249701 -11.15139 27.92836 -76.29814 13.5 7.593778 6.822649 -11.15139 27.92836 -76.29814 23 27.5 -76.59808 13.5 7.65 7.249701 -11.15139 27.5 -76.59808 23 7.166726 8.416427 -11.15139 27.02606 -76.81908 13.5 6.825 8.678643 -11.15139 27.02606 -76.81908 23 5.572948 8.843479 -11.15139 26.52095 -76.95442 13.5 5.175 8.678643 -11.15139 4.571058 8.074701 -11.15139 26.52095 -76.95442 23 -7.593778 7.676752 -11.15139 11.84329 -30.93437 22.97321 11.58804 -30.93437 22.97321 -7.65 7.249701 -11.15139 -11.84329 -30.93437 22.97321 -5.572948 5.655923 -11.15139 11.84329 -30.93437 22.71457 -5.175 5.820759 -11.15139 11.84329 -30.93437 1.033904 -4.833274 8.416427 -11.15139 -5.175 8.678643 -11.15139 -11.84329 -30.93437 1.033904 -7.428942 8.074701 -11.15139 -4.571058 6.424701 -11.15139 -11.84329 -30.93437 22.71457 -4.833274 6.082974 -11.15139 -4.571058 8.074701 -11.15139 -4.406222 7.676752 -11.15139 -7.593778 6.822649 -11.15139 -5.572948 8.843479 -11.15139 4.406222 6.822649 -11.15139 5.572948 5.655923 -11.15139 7.166726 6.082974 -11.15139 7.593778 7.676752 -11.15139 6.427052 8.843479 -11.15139 4.833274 8.416427 -11.15139 -7.428942 6.424701 -11.15139 -6 8.899701 -11.15139 -4.406222 6.822649 -11.15139 -4.35 7.249701 -11.15139 -7.166726 6.082974 -11.15139 -6.427052 8.843479 -11.15139 10.5 15.2497 -11.15139 -10.5 15.2497 -11.15139 -10.64516 -26.2115 9.02714 4.571058 6.424701 -11.15139 6 5.5997 -11.15139 -10.53636 -25.36575 9.02714 7.428942 6.424701 -11.15139 7.428942 8.074701 -11.15139 6 8.899701 -11.15139 -6.825 5.820759 -11.15139 -6.825 8.678643 -11.15139 -6 5.5997 -11.15139 -6.427052 5.655923 -11.15139 -7.166726 8.416427 -11.15139 10.5 -3.995832 14.32361 10.459 -3.995832 14.32361 10.45044 -3.995832 14.32361 10.42841 -3.995832 14.32361 -10.5 -3.995832 14.32361 -10.459 -3.995832 14.32361 8.794821 -3.995832 14.32361 -9.772031 -3.995832 14.32361 -9.83121 -3.995832 14.32361 -9.908397 -3.995832 14.32361 10.39117 -3.995832 14.32361 10.33769 -3.995832 14.32361 10.26829 -3.995832 14.32361 10.18519 -3.995832 14.32361 10.09292 -3.995832 14.32361 9.998084 -3.995832 14.32361 9.908397 -3.995832 14.32361 9.83121 -3.995832 14.32361 9.772031 -3.995832 14.32361 -10.5 -4.026335 -11.15 -9.998084 -3.995832 14.32361 -10.09292 -3.995832 14.32361 -10.18519 -3.995832 14.32361 -10.26829 -3.995832 14.32361 -10.33769 -3.995832 14.32361 10.5 -4.026335 -11.15 -10.39117 -3.995832 14.32361 -10.42841 -3.995832 14.32361 -10.45044 -3.995832 14.32361 -10.5 -3.995832 -11.15139 10.5 -3.995832 -11.15139 -9.481648 -3.995832 -11.15139 -9.397545 -3.995832 -11.15139 -9.277721 -3.995832 -11.15139 9.481648 -3.995832 -11.15139 -4.655837 -3.995832 -11.15139 8.514663 -3.995832 -11.15139 8.64348 -3.995832 -11.15139 8.798216 -3.995832 -11.15139 -8.514663 -3.995832 -11.15139 -8.64348 -3.995832 -11.15139 -8.798216 -3.995832 -11.15139 -8.965308 -3.995832 -11.15139 -9.129837 -3.995832 -11.15139 8.965308 -3.995832 -11.15139 9.129837 -3.995832 -11.15139 9.277721 -3.995832 -11.15139 9.397545 -3.995832 -11.15139 -10.5 -4.026335 -11.14085 10.5 -4.026335 -11.14085 -11.81161 -31.04958 23 -11.85615 -31.04958 23 -11.87336 -31.04958 23 -11.80947 -31.04958 23 11.8105 -31.04958 23 11.81277 -31.04958 23 11.87336 -31.04958 23 11.87336 -31.04958 1.100252 4.343587 -31.04958 1.100252 -11.87336 -31.04958 1.100252 -11.87336 -31.04958 1.100423 -11.84321 -30.93437 1.033904 -3.883314 -31.04958 1.100423 11.84321 -30.93437 1.033904 11.87336 -31.04958 1.100423 -11.84321 -30.93437 22.97304 11.84321 -30.93437 22.97304 11.84321 -30.93437 22.71277 -11.84321 -30.93437 22.71277 11.58636 -30.93437 22.97304 -11.85524 -30.98106 23 -11.85525 -30.98106 23 11.85523 -30.98106 23 11.85524 -30.98106 23 11.85525 -30.98106 23 11.81259 -31.04958 23 11.81067 -31.04958 23 -11.81259 -31.04958 23 11.80894 -31.04958 23 -11.81067 -31.04958 23 11.83193 -31.01691 23 11.85184 -30.98655 23 -11.84919 -30.99037 23 -11.8529 -30.98483 23 -11.84857 -30.99179 23</float_array>
          <technique_common>
            <accessor source="#gelsight-mini-franka-finger-1-v2-mesh-positions-array" count="1161" stride="3">
              <param name="X" type="float"/>
              <param name="Y" type="float"/>
              <param name="Z" type="float"/>
            </accessor>
          </technique_common>
        </source>
        <source id="gelsight-mini-franka-finger-1-v2-mesh-normals">
          <float_array id="gelsight-mini-franka-finger-1-v2-mesh-normals-array" count="7038">-0.9945219 0.1045278 0 -0.9945219 0.1045278 0 -0.9945217 -0.1045296 0 -0.9945217 -0.1045296 0 -0.9510568 -0.309016 0 -0.9510568 0.309016 0 -0.9510568 0.309016 0 -0.8660238 0.5000028 0 -0.8660238 0.5000028 0 -0.7431442 0.6691312 0 -0.7431442 0.6691312 0 -0.5877815 0.8090196 0 -0.5877815 0.8090196 0 -0.4067482 0.9135403 0 -0.4067482 0.9135403 0 -0.2078995 0.9781502 0 -0.2078995 0.9781502 0 0 1 0 0 1 0 0.2078995 0.9781502 0 0.2078995 0.9781502 0 0.4067482 0.9135403 0 0.4067482 0.9135403 0 0.5877815 0.8090196 0 0.5877815 0.8090196 0 0.7431442 0.6691312 0 0.7431442 0.6691312 0 0.8660238 0.5000028 0 0.8660238 0.5000028 0 0.9510568 0.309016 0 0.9510568 0.309016 0 0.9945219 0.1045278 0 0.9945219 0.1045278 0 0.9945217 -0.1045296 0 0.9945217 -0.1045296 0 0.9510568 -0.309016 0 0.9510568 -0.309016 0 0.8660238 -0.5000028 0 0.8660238 -0.5000028 0 0.7431519 -0.6691228 0 0.7431519 -0.6691228 0 0.5877815 -0.8090196 0 0.5877815 -0.8090196 0 0.4067341 -0.9135466 0 0.4067341 -0.9135466 0 0.2079157 -0.9781467 0 0.2079157 -0.9781467 0 0 -1 0 0 -1 0 -0.2079157 -0.9781467 0 -0.2079157 -0.9781467 0 -0.4067341 -0.9135466 0 -0.4067341 -0.9135466 0 -0.5877815 -0.8090196 0 -0.5877815 -0.8090196 0 -0.7431519 -0.6691228 0 -0.7431519 -0.6691228 0 -0.8660238 -0.5000028 0 -0.8660238 -0.5000028 0 -0.9510568 -0.309016 0 0 0 1 0 0 1 0 0 1 0 0 1 0 0 1 0 0 1 0 0 1 0 0 1 0 0 1 0 0 1 0 0 1 0 0 1 0 0 1 0 0 1 0 0 1 0 0 1 0 0 1 0 0 1 0 0 1 0 0 1 0 0 1 0 0 1 0 0 1 0 0 1 0 0 1 0 0 1 0 0 1 0 0 1 0 0 1 0 0 1 0 0 1 0 0 1 0 0 1 0 0 1 0 0 1 0 0 1 0 0 1 0 0 1 0 0 1 0 0 1 0 0 1 0 0 1 0 0 1 0 0 1 0 0 1 0 0 1 0 0 1 0 0 1 0 0 1 0 0 1 0 0 1 0 0 1 0 0 1 0 0 1 -0.9945219 0.1045278 0 -0.9945219 0.1045278 0 -0.9945219 -0.1045278 0 -0.9945219 -0.1045278 0 -0.9510552 -0.309021 0 -0.9510552 0.309021 0 -0.9510552 0.309021 0 -0.866028 0.4999954 0 -0.866028 0.4999954 0 -0.7431442 0.6691312 0 -0.7431442 0.6691312 0 -0.5877815 0.8090196 0 -0.5877815 0.8090196 0 -0.4067341 0.9135466 0 -0.4067341 0.9135466 0 -0.2079157 0.9781467 0 -0.2079157 0.9781467 0 0 1 0 0 1 0 0.2079157 0.9781467 0 0.2079157 0.9781467 0 0.4067341 0.9135466 0 0.4067341 0.9135466 0 0.5877815 0.8090196 0 0.5877815 0.8090196 0 0.7431442 0.6691312 0 0.7431442 0.6691312 0 0.866028 0.4999954 0 0.866028 0.4999954 0 0.9510552 0.309021 0 0.9510552 0.309021 0 0.9945219 0.1045278 0 0.9945219 0.1045278 0 0.9945219 -0.1045278 0 0.9945219 -0.1045278 0 0.9510552 -0.309021 0 0.9510552 -0.309021 0 0.866028 -0.4999954 0 0.866028 -0.4999954 0 0.7431442 -0.6691312 0 0.7431442 -0.6691312 0 0.5877815 -0.8090196 0 0.5877815 -0.8090196 0 0.4067341 -0.9135466 0 0.4067341 -0.9135466 0 0.2079157 -0.9781467 0 0.2079157 -0.9781467 0 0 -1 0 0 -1 0 -0.2079157 -0.9781467 0 -0.2079157 -0.9781467 0 -0.4067341 -0.9135466 0 -0.4067341 -0.9135466 0 -0.5877815 -0.8090196 0 -0.5877815 -0.8090196 0 -0.7431442 -0.6691312 0 -0.7431442 -0.6691312 0 -0.866028 -0.4999954 0 -0.866028 -0.4999954 0 -0.9510552 -0.309021 0 0 0 1 0 0 1 0 0 1 0 0 1 0 0 1 0 0 1 0 0 1 0 0 1 0 0 1 0 0 1 0 0 1 0 0 1 0 0 1 0 0 1 0 0 1 0 0 1 0 0 1 0 0 1 0 0 1 0 0 1 0 0 1 0 0 1 0 0 1 0 0 1 0 0 1 0 0 1 0 0 1 0 0 1 0 0 1 0 0 1 0 0 1 0 0 1 0 0 1 0 0 1 0 0 1 0 0 1 0 0 1 0 0 1 0 0 1 0 0 1 0 0 1 0 0 1 0 0 1 0 0 1 0 0 1 0 0 1 0 0 1 0 0 1 0 0 1 0 0 1 0 0 1 0 0 1 0 0 1 0 0 1 0 -0.7071097 0.7071038 -1.627e-7 -0.7071069 0.7071068 0 -0.7070761 0.7071374 0.7071068 0 0.7071068 0.7071068 0 0.7071068 0 0.7071374 0.7070763 1.627e-7 0.7071067 0.7071068 0 0.7071038 0.7071097 0.8398605 -0.5428023 0 0.8398605 -0.5428023 0 0 -1 0 0 -1 0 0 -1 0 0 -1 0 0 -1 0 0 -1 0 1 0 0 1 0 0 0 1 0 0 1 0 0 1 0 0 1 0 0 1 0 0 1 0 0.8398646 0.5427959 0 0.8398647 0.5427959 0 0 0.4999905 0.8660308 0 0.4999905 0.8660309 -0.9961946 -0.08715659 0 -0.9961946 -0.08715659 0 -0.9961947 -0.08715659 0 -0.9659262 -0.2588175 0 -0.9659262 -0.2588175 0 -0.9063072 -0.4226194 0 -0.9063072 -0.4226194 0 -0.8191502 -0.5735791 0 -0.8191502 -0.5735791 0 -0.7071105 -0.7071031 0 -0.7071105 -0.7071031 0 -0.5735753 -0.8191528 0 -0.5735753 -0.8191528 0 -0.4226165 -0.9063086 0 -0.4226165 -0.9063086 0 -0.2588194 -0.9659258 0 -0.2588194 -0.9659258 0 -0.08715808 -0.9961945 0 -0.08715808 -0.9961945 0 -0.08715808 -0.9961945 0 -0.2588194 -0.9659258 0 -0.2588194 -0.9659258 0 -0.4226165 -0.9063086 0 -0.4226165 -0.9063086 0 -0.5735753 -0.8191529 0 -0.5735753 -0.8191529 0 -0.7071104 -0.7071031 0 -0.7071104 -0.7071031 0 -0.8191502 -0.5735791 0 -0.8191502 -0.5735791 0 -0.9063073 -0.4226194 0 -0.9063073 -0.4226194 0 -0.9659262 -0.2588175 0 -0.9659262 -0.2588175 0 0.9674392 0.2531033 0 0.9674381 0.2531079 7.88076e-7 0.9674378 0.253109 0 0.9997688 0.02150052 0 0.9990906 0.04263532 6.06121e-4 0.9979205 0.06445592 -9.96514e-6 0.9942266 0.1073002 1.02975e-5 0.9918258 0.1275985 6.05816e-4 0.9871382 0.1598694 -2.98219e-4 0.9773498 0.2116301 4.51197e-4 0.974979 0.2222966 0 -5.56469e-5 -0.5000081 -0.8660207 0 -0.5000001 -0.8660254 0 -0.5000002 -0.8660253 0 -0.5000001 -0.8660254 5.56469e-5 -0.5000081 -0.8660207 0 -0.5000002 -0.8660253 -0.9942266 0.1073002 1.02975e-5 -0.9918258 0.1275985 6.05816e-4 -0.9871382 0.1598694 -2.98219e-4 -0.9773498 0.2116301 4.51196e-4 -0.9749791 0.2222965 0 -0.9979205 0.06445592 -9.96514e-6 -0.9990906 0.04263532 6.06121e-4 -0.9997688 0.02150052 0 0 -1 0 0 -1 0 0.7071068 -0.7071068 0 0.7071068 -0.7071068 0 0 1 0 0 1 0 0.7071068 0.7071068 0 0.7071068 0.7071068 0 1 0 0 1 0 0 -1 0 0 -1 0 0 -0.7071068 -0.7071068 0 -0.7071068 -0.7071068 0 -0.9914447 -0.1305275 0 -0.9914447 -0.1305275 0 -0.9914447 0.1305275 0 -0.9914447 0.1305275 0 -0.9238811 0.3826797 0 -0.9238811 0.3826797 0 -0.7933521 0.6087631 0 -0.7933521 0.6087631 0 -0.6087695 0.7933472 0 -0.6087695 0.7933472 0 -0.3826853 0.9238788 0 -0.3826853 0.9238788 0 -0.1305149 0.9914463 0 -0.1305149 0.9914463 0 0.1305149 0.9914463 0 0.1305149 0.9914463 0 0.3826853 0.9238788 0 0.3826853 0.9238788 0 0.6087695 0.7933472 0 0.6087695 0.7933472 0 0.7933521 0.6087631 0 0.7933521 0.6087631 0 0.9238811 0.3826797 0 0.9238811 0.3826797 0 0.9914447 0.1305275 0 0.9914447 0.1305275 0 0.9914447 -0.1305275 0 0.9914447 -0.1305275 0 0.9238811 -0.3826797 0 0.9238811 -0.3826797 0 0.7933521 -0.6087631 0 0.7933521 -0.6087631 0 0.6087695 -0.7933472 0 0.6087695 -0.7933472 0 0.3826853 -0.9238788 0 0.3826853 -0.9238788 0 0.1305149 -0.9914463 0 0.1305149 -0.9914463 0 -0.1305149 -0.9914463 0 -0.1305149 -0.9914463 0 -0.3826853 -0.9238788 0 -0.3826853 -0.9238788 0 -0.6087695 -0.7933472 0 -0.6087695 -0.7933472 0 -0.7933521 -0.6087631 0 -0.7933521 -0.6087631 0 -0.9238811 -0.3826797 0 -0.9238811 -0.3826797 0 0 0 -1 0 0 -1 0 0 -1 0 0 -1 0 0 -1 0 0 -1 0 0 -1 0 0 -1 0 0 -1 0 0 -1 0 0 -1 0 0 -1 0 0 -1 0 0 -1 0 0 -1 0 0 -1 0 0 -1 0 0 -1 0 0 -1 0 0 -1 0 0 -1 0 0 -1 0 0 -1 0 0 -1 0 0 -1 0 0 -1 0 0 -1 0 0 -1 0 0 -1 0 0 -1 0 0 -1 0 0 -1 0 0 -1 0 0 -1 0 0 -1 0 0 -1 0 0 -1 0 0 -1 0 0 -1 0 0 -1 0 0 -1 0 0 -1 0 0 -1 0 0 -1 0 0 -1 0 0 -1 0 0 -1 0 0 -1 0 0 -1 0 0 -1 0 0 -1 0 0 -1 0 0 -1 0 0 -1 0 0 -1 0 0 -1 0 0 -1 0 0 -1 0 0 -1 0 0 -1 -0.9914447 -0.1305275 0 -0.9914447 -0.1305275 0 -0.9914451 0.1305241 0 -0.9914451 0.1305241 0 -0.9238773 0.3826889 0 -0.9238773 0.3826889 0 -0.7933521 0.6087631 0 -0.7933521 0.6087631 0 -0.6087695 0.7933472 0 -0.6087695 0.7933472 0 -0.3826853 0.9238788 0 -0.3826853 0.9238788 0 -0.1305149 0.9914463 0 -0.1305149 0.9914463 0 0.1305149 0.9914463 0 0.1305149 0.9914463 0 0.3826853 0.9238788 0 0.3826853 0.9238788 0 0.6087695 0.7933472 0 0.6087695 0.7933472 0 0.7933521 0.6087631 0 0.7933521 0.6087631 0 0.9238773 0.3826889 0 0.9238773 0.3826889 0 0.9914451 0.1305241 0 0.9914451 0.1305241 0 0.9914447 -0.1305275 0 0.9914447 -0.1305275 0 0.9238811 -0.3826797 0 0.9238811 -0.3826797 0 0.7933521 -0.6087631 0 0.7933521 -0.6087631 0 0.6087532 -0.7933597 0 0.6087532 -0.7933597 0 0.3826853 -0.9238788 0 0.3826853 -0.9238788 0 0.1305404 -0.991443 0 0.1305404 -0.991443 0 -0.1305404 -0.991443 0 -0.1305404 -0.991443 0 -0.3826853 -0.9238788 0 -0.3826853 -0.9238788 0 -0.6087532 -0.7933597 0 -0.6087532 -0.7933597 0 -0.7933521 -0.6087631 0 -0.7933521 -0.6087631 0 -0.9238811 -0.3826797 0 -0.9238811 -0.3826797 0 0 -1 0 0 -1 0 0 -1 0 0 -1 0 1 0 0 1 0 0 0 1 0 0 1 0 0 1 0 -1 0 0 -1 0 0 0 0 -1 0 0 -1 0 0 -1 0 0 -1 0 0 -1 0 0 -1 0 0 -1 0 0 -1 0 0 -1 0 0 -1 0 0 -1 0 0 -1 0 0 -1 0 0 -1 0 0 -1 0 0 -1 0 0 -1 0 0 -1 0 0 -1 0 0 -1 0 0 -1 0 0 -1 0 0 -1 0 0 -1 0 0 -1 0 0 -1 0 0 -1 0 0 -1 0 0 -1 0 0 -1 -0.7071068 0.7071068 0 -0.7071068 0.7071068 0 0 1 0 0 1 0 1 0 0 1 0 0 0 0 1 0 0 1 0 0 1 0 0 1 0 0 1 0 0 1 0 0 1 0 0 1 0.6521996 -0.2930123 0.6991276 0.6625842 -0.2354107 0.7110302 0.6572666 -0.2346692 0.716192 0.6915118 -0.17904 0.6998258 0.689539 -0.1439153 0.7098059 0.7096906 -0.06007587 0.7019475 0.7062741 -0.04851615 0.7062741 0.7071068 0 0.7071068 0.7071068 0 0.7071068 0.6572666 0.2346692 0.716192 0.6625842 0.2354107 0.7110302 0.6521987 0.2930168 0.6991266 0.6915118 0.17904 0.6998258 0.689539 0.1439153 0.7098059 0.7096906 0.06007587 0.7019475 0.7062741 0.04851615 0.7062741 -1 0 0 -1 0 0 -1 0 0 -1 0 0 -1 0 0 -1 0 0 -1 0 0 -1 0 0 -1 0 0 -1 0 0 -1 0 0 -1 0 0 -1 0 0 -1 0 0 -1 0 0 -1 0 0 -1 0 0 -1 0 0 0 0 -1 0 0 -1 0 0 -1 0 0 -1 0 0 -1 0 0 -1 0 0 -1 0 0 -1 0 0 -1 0 0 -1 0 0 -1 0 0 -1 0 0 -1 0 0 -1 0 0 -1 0 0 -1 0 0.1305255 -0.991445 0 0.1305255 -0.991445 0 0.3826844 -0.9238792 0 0.3826844 -0.9238792 0 0.60876 -0.7933544 0 0.60876 -0.7933544 0 0.7933644 -0.608747 0 0.7933644 -0.608747 0 0.9238707 -0.3827047 0 0.9238707 -0.3827047 0 0.9914455 -0.1305212 0 0.9914455 -0.1305212 0 0.9914455 -0.1305212 0 0.9238707 -0.3827047 0 0.9238707 -0.3827047 0 0.7933644 -0.608747 0 0.7933644 -0.608747 0 0.60876 -0.7933544 0 0.60876 -0.7933544 0 0.3826844 -0.9238792 0 0.3826844 -0.9238792 0 0.1305255 -0.991445 0.01417422 0.1257902 -0.9919556 0.01141887 0.130517 -0.9913803 0.03346216 0.38247 -0.9233618 0.03346025 0.3824677 -0.9233628 0.05318212 0.6078985 -0.7922317 0.05318892 0.6079064 -0.7922253 0.06924897 0.7914599 -0.6072856 0.06924247 0.7914537 -0.6072944 0.08056461 0.9208675 -0.3814607 0.08056569 0.9208682 -0.3814589 0.08641594 0.9877367 -0.130033 0.08641815 0.987737 -0.1300286 0.2566289 0.9577235 -0.1300286 0.2566215 0.9577236 -0.1300425 0.4190276 0.8986128 -0.1300421 0.4190279 0.8986127 -0.1300416 0.5687112 0.8121927 -0.1300407 0.5687047 0.8121951 -0.1300539 0.7010997 0.7011033 -0.1300514 0.7011042 0.7011007 -0.1300413 0.8121937 0.5687097 -0.1300404 0.812196 0.5687079 -0.1300349 0.8986144 0.4190266 -0.1300351 0.8986099 0.4190319 -0.1300482 0.9577236 0.2566196 -0.1300462 0.9577236 0.2566196 -0.1300463 0.9877352 0.08641672 -0.1300442 0.9877358 0.08641475 -0.1300402 0.9208777 0.08056741 -0.3814358 0.9208793 0.08056563 -0.3814324 0.8929004 0.2392503 -0.3814293 0.8928959 0.2392538 -0.3814372 0.8377884 0.3906632 -0.3814353 0.8377844 0.3906654 -0.3814418 0.7572162 0.5302137 -0.3814411 0.7572237 0.5302112 -0.3814297 0.6536471 0.6536505 -0.3814269 0.653647 0.6536505 -0.3814271 0.5302187 0.7572205 -0.3814253 0.5302051 0.75722 -0.3814449 0.390663 0.8377844 -0.3814444 0.3906734 0.8377865 -0.3814289 0.2392585 0.8928984 -0.3814285 0.2392392 0.8928908 -0.3814585 0.7914497 0.06924211 -0.6072996 0.7914468 0.06924432 -0.6073033 0.7673988 0.2056264 -0.6073029 0.7673993 0.2056263 -0.6073024 0.7200334 0.3357571 -0.6073049 0.7200391 0.3357554 -0.6072989 0.6507951 0.4556894 -0.6072996 0.6507855 0.4556905 -0.6073091 0.5617695 0.5617725 -0.607311 0.5617761 0.5617729 -0.6073045 0.4556848 0.6507927 -0.6073057 0.4556936 0.6507949 -0.6072969 0.3357645 0.7200362 -0.6072973 0.3357551 0.7200321 -0.6073074 0.205615 0.7673984 -0.6073073 0.2056253 0.7674052 -0.6072952 0.6078984 0.05318552 -0.7922316 0.6078995 0.05318492 -0.7922308 0.5894281 0.1579385 -0.792231 0.5894316 0.1579372 -0.7922288 0.553053 0.2578895 -0.7922281 0.5530495 0.2578902 -0.7922303 0.4998627 0.350012 -0.7922303 0.4998621 0.350012 -0.7922307 0.4314933 0.4314908 -0.7922305 0.4314936 0.4314909 -0.7922304 0.3500099 0.4998638 -0.7922306 0.3500102 0.4998638 -0.7922304 0.2578901 0.5530496 -0.7922304 0.2578883 0.5530485 -0.7922317 0.1579363 0.5894273 -0.792232 0.1579453 0.5894346 -0.7922248 0.38247 0.03346216 -0.9233618 0.3824692 0.03346258 -0.9233621 0.3708472 0.09936791 -0.9233625 0.3708469 0.09936797 -0.9233626 0.347958 0.1622548 -0.9233627 0.3479583 0.1622548 -0.9233626 0.3144952 0.2202149 -0.9233624 0.3145025 0.220215 -0.9233599 0.2714849 0.2714833 -0.9233595 0.2714782 0.2714819 -0.9233619 0.2202147 0.3144977 -0.9233616 0.2202122 0.3144968 -0.9233625 0.1622542 0.3479586 -0.9233626 0.1622616 0.347963 -0.9233596 0.09937399 0.3708528 -0.9233596 0.09936714 0.3708469 -0.9233628 0.130517 0.01141905 -0.9913803 0.1257919 0.01417344 -0.9919553 0.1296203 0.03473162 -0.9909552 0.1176581 0.04117012 -0.9922004 0.1222131 0.05698859 -0.9908664 0.1060875 0.06665903 -0.99212 0.108868 0.07622951 -0.991129 0.09091997 0.09092104 -0.991699 0.09092003 0.09092122 -0.991699 0.07622963 0.1088675 -0.9911291 0.06665861 0.1060869 -0.99212 0.05698913 0.1222108 -0.9908666 0.04116964 0.1176557 -0.9922007 0.03473073 0.1296182 -0.9909555 0.1305255 0 -0.991445 0.1305255 0 -0.9914449 0.1305255 0 -0.991445 0.1305255 0 -0.991445 0.3826843 0 -0.9238792 0.3826843 0 -0.9238792 0.60876 0 -0.7933544 0.60876 0 -0.7933544 0.7933539 0 -0.6087608 0.7933539 0 -0.6087608 0.9238811 0 -0.3826798 0.9238811 0 -0.3826798 0.9914446 0 -0.1305284 0.9914445 0 -0.1305285 0.9914445 0 -0.1305285 0.9914446 0 -0.1305284 0.9238811 0 -0.3826798 0.9238811 0 -0.3826798 0.7933539 0 -0.6087608 0.7933539 0 -0.6087608 0.60876 0 -0.7933544 0.60876 0 -0.7933544 0.3826843 0 -0.9238792 0.3826843 0 -0.9238792 0.3826844 0 -0.9238792 0.3826844 0 -0.9238792 0.60876 0 -0.7933544 0.60876 0 -0.7933544 0.7933539 0 -0.6087608 0.7933539 0 -0.6087608 0.923881 0 -0.3826798 0.923881 0 -0.3826798 0.1257919 -0.0141732 -0.9919554 0.130517 -0.01141881 -0.9913803 0.38247 -0.03346198 -0.9233618 0.3824703 -0.03346216 -0.9233617 0.6078984 -0.0531848 -0.7922316 0.6078993 -0.05318564 -0.7922308 0.7914496 -0.06924462 -0.6072996 0.791447 -0.06924188 -0.6073032 0.9208778 -0.08056551 -0.3814359 0.9208782 -0.08056622 -0.3814345 0.9877358 -0.08641552 -0.1300402 0.9877357 -0.08641475 -0.1300417 0.9577235 -0.2566235 -0.1300389 0.9577236 -0.2566196 -0.1300462 0.8986127 -0.4190258 -0.1300482 0.8986115 -0.4190326 -0.1300351 0.8121992 -0.5687033 -0.1300349 0.8121972 -0.5687087 -0.1300238 0.7011025 -0.7011061 -0.1300209 0.7011052 -0.7011016 -0.130031 0.5687021 -0.8122007 -0.1300303 0.5687057 -0.8121965 -0.1300408 0.4190276 -0.8986129 -0.1300416 0.4190279 -0.8986127 -0.1300421 0.2566283 -0.9577217 -0.1300426 0.256622 -0.9577252 -0.1300287 0.08641594 -0.9877372 -0.1300286 0.08641809 -0.9877365 -0.130033 0.08056652 -0.9208777 -0.3814358 0.08056557 -0.9208785 -0.381434 0.2392579 -0.8928964 -0.3814339 0.2392556 -0.8928993 -0.3814284 0.3906656 -0.8377901 -0.3814292 0.3906707 -0.8377807 -0.3814446 0.530205 -0.7572203 -0.3814449 0.530205 -0.75722 -0.3814454 0.6536419 -0.6536453 -0.3814448 0.6536419 -0.6536454 -0.3814446 0.7572197 -0.5302066 -0.3814439 0.7572197 -0.5302084 -0.3814412 0.837786 -0.3906621 -0.3814417 0.8377869 -0.3906665 -0.3814352 0.8928962 -0.2392529 -0.3814372 0.8928967 -0.2392539 -0.3814356 0.06924182 -0.7914462 -0.6073043 0.06924718 -0.791439 -0.607313 0.2056252 -0.7673912 -0.607313 0.2056229 -0.767396 -0.6073077 0.3357614 -0.7200294 -0.6073071 0.3357585 -0.7200393 -0.6072971 0.4556885 -0.6507981 -0.6072971 0.4556895 -0.6507892 -0.607306 0.561773 -0.561776 -0.6073047 0.5617734 -0.561783 -0.6072978 0.650796 -0.4556901 -0.6072983 0.6507956 -0.4556886 -0.6072998 0.7200374 -0.335759 -0.6072991 0.7200382 -0.3357609 -0.607297 0.7674026 -0.2056275 -0.6072977 0.7673997 -0.205623 -0.607303 0.0531882 -0.6078984 -0.7922315 0.05318289 -0.6079072 -0.792225 0.1579387 -0.589436 -0.7922251 0.1579428 -0.5894251 -0.7922323 0.2578894 -0.553048 -0.7922317 0.257889 -0.5530501 -0.7922303 0.35001 -0.4998639 -0.7922304 0.35001 -0.4998636 -0.7922306 0.4314882 -0.4314957 -0.7922306 0.4314883 -0.4314963 -0.7922302 0.4998658 -0.3500072 -0.7922304 0.4998657 -0.350007 -0.7922306 0.5530486 -0.257892 -0.7922304 0.5530468 -0.2578889 -0.7922326 0.5894281 -0.1579359 -0.7922315 0.5894286 -0.1579365 -0.7922311 0.03346049 -0.3824701 -0.9233618 0.03346192 -0.3824674 -0.9233628 0.09937214 -0.3708459 -0.9233626 0.09936916 -0.3708545 -0.9233594 0.162257 -0.3479648 -0.9233598 0.1622584 -0.3479562 -0.9233627 0.2202135 -0.314496 -0.9233625 0.2202136 -0.3144987 -0.9233616 0.2714775 -0.2714825 -0.9233619 0.2714772 -0.2714809 -0.9233624 0.3144974 -0.2202117 -0.9233624 0.3144973 -0.2202113 -0.9233626 0.3479582 -0.1622549 -0.9233626 0.3479581 -0.1622547 -0.9233626 0.370847 -0.09936785 -0.9233626 0.3708494 -0.09937065 -0.9233613 0.01141887 -0.130517 -0.9913803 0.01417243 -0.1257934 -0.9919552 0.03473168 -0.1296219 -0.990955 0.04117071 -0.1176587 -0.9922003 0.05699068 -0.1222141 -0.9908661 0.06666123 -0.1060877 -0.9921198 0.07622963 -0.1088675 -0.9911291 0.09092009 -0.09092116 -0.991699 0.09091991 -0.0909211 -0.991699 0.108868 -0.07622951 -0.991129 0.1060875 -0.06665903 -0.99212 0.1222131 -0.05698859 -0.9908664 0.1176584 -0.04117095 -0.9922003 0.1296204 -0.03473234 -0.9909552 0 -0.9914455 -0.1305212 0 -0.9914455 -0.1305212 0 -0.9238811 -0.3826798 0 -0.9238811 -0.3826798 0 -0.7933503 -0.6087654 0 -0.7933503 -0.6087654 0 -0.60876 -0.7933544 0 -0.60876 -0.7933544 0 -0.3826844 -0.9238792 0 -0.3826844 -0.9238792 0 -0.1305255 -0.991445 0 -0.1305255 -0.991445 0 -0.1305255 -0.991445 0 -0.3826844 -0.9238792 0 -0.3826844 -0.9238792 0 -0.60876 -0.7933544 0 -0.60876 -0.7933544 0 -0.7933503 -0.6087654 0 -0.7933503 -0.6087654 0 -0.9238811 -0.3826798 0 -0.9238811 -0.3826798 0 -0.9914455 -0.1305212 0.8191511 0.5735778 0 0.8702383 0.492631 0 0.8702383 0.492631 0 0.9121558 0.4098091 0.005325496 0.9062777 0.4226074 -0.007980585 0.8702383 0.492631 0 0.819151 0.5735779 0 0.8191511 0.5735778 0 0.7071086 0.7071049 0 0.7071086 0.7071049 0 0.5735762 0.8191522 0 0.5735762 0.8191522 0 0.4226165 0.9063087 0 0.4226165 0.9063087 0 0.2588194 0.9659257 0 0.2588194 0.9659257 0 0.08715808 0.9961946 0 0.08715808 0.9961946 0 0.08715808 0.9961946 0 0.2588194 0.9659258 0 0.2588194 0.9659258 0 0.4226164 0.9063086 0 0.4226164 0.9063086 0 0.5735762 0.8191522 0 0.5735762 0.8191522 0 0.7071086 0.7071049 0 0.7071086 0.7071049 0 0.819151 0.5735779 0 0.9659116 0.2588136 -0.00551033 0.968075 0.2506453 0.002757906 0.9961907 0.08715444 -0.002850294 0.9964362 0.08434915 0 0.8702018 -0.4926955 0 0.8702018 -0.4926955 0 0.8191511 -0.5735778 0 0.8191511 -0.5735778 0 0.7071086 -0.7071049 0 0.7071086 -0.7071049 0 0.5735762 -0.8191522 0 0.5735762 -0.8191522 0 0.4226165 -0.9063087 0 0.4226165 -0.9063087 0 0.2588194 -0.9659257 0 0.2588194 -0.9659257 0 0.08715808 -0.9961946 0 0.08715808 -0.9961946 0 0.08715808 -0.9961946 0 0.2588194 -0.9659258 0 0.2588194 -0.9659258 0 0.4226164 -0.9063086 0 0.4226164 -0.9063086 0 0.5735762 -0.8191522 0 0.5735762 -0.8191522 0 0.7071086 -0.7071049 0 0.7071086 -0.7071049 0 0.819151 -0.5735779 0 0.819151 -0.5735779 0 0.8702018 -0.4926955 0 0.9062777 -0.4226074 -0.007987022 0.9121584 -0.4098035 0.005325078 0.9659116 -0.2588136 -0.00551033 0.968075 -0.2506453 0.002757906 0.9961907 -0.08715444 -0.002850294 0.9964362 -0.08434915 0 -0.9674392 0.2531033 0 -0.9674378 0.2531089 0 -0.9674378 0.253109 0 0 0 1 0 0 1 0 0 1 0 0 1 0 0 1 0 0 1 0 0 1 0 0 1 0 0 1 0 0 1 0 0 1 0 0 1 0 0 1 0 0 1 0 0 1 0 0 1 0 0 1 0 0 1 0 0 1 0 0 1 0 0 1 0 0 1 0 0 1 0 0 1 0 0 1 0 0 1 0 0 1 0 0 1 0 0 1 0 0 1 0 0 1 0 0 1 0 0 1 0 0 1 0 0 1 0 0 1 0 0 1 0 0 1 0 0 1 0 0 1 0 0 1 0 0 1 0 0 1 0 0 1 0 0 1 0 0 1 0 0 1 0 0 1 0 0 1 0 0 1 0 0 1 0 0 1 0 0 1 0 0 1 0 0 1 0 0 1 0 0 1 0 0 1 0 0 1 0 0 1 0 0 1 0 0 1 0 0 1 0 0 1 0 0 1 0 0 1 0 0 1 0 0 1 0 0 1 0 0 1 0 0 1 0 0 1 0 0 1 0 0 1 0 0 1 0 0 1 0 0 1 0 0 1 0 0 1 0 0 1 0 0 1 0 0 1 0 0 1 0 0 1 0 0 1 0 0 1 0 0 1 0 0 1 0 0 1 0 0 1 0 0 1 0 0 1 0 0 1 0 0 1 0 0 1 0 0 1 0 0 1 0 0 1 0 0 1 0 0 1 0 0 1 0 0 1 0 0 1 0 0 1 0 0 1 0 0 1 0 0 1 0 0 1 0 0 1 0 0 1 0 0 1 0 0 1 0 0 1 0 0 1 0 0 1 0 0 1 0 0 1 0 0 1 0 0 1 0 1 0 0 0.4999985 0.8660264 0 0.4999984 0.8660263 0 0.5000015 0.8660246 0 0.5000014 0.8660246 0 0.5000019 0.8660243 0 0.5000019 0.8660243 0 0.4999978 0.8660266 0 0.4999978 0.8660266 0 0.4999997 0.8660256 0 0.4999997 0.8660256 0.9994724 0.03246909 8.47258e-4 0.9988219 0.04852467 -4.90968e-4 0.9994885 0.03198039 0 0.9954226 0.09557062 -4.23727e-4 0.9918256 0.1275979 8.28482e-4 0.9918256 0.1275979 -8.29391e-4 0.9871993 0.1594907 4.24118e-4 0.9751433 0.2215737 -8.48169e-4 0.9785794 0.2058695 4.90628e-4 0.9750377 0.2220393 0 0.9872747 0.159024 -4.05285e-4 0.9953769 0.09604507 4.05653e-4 0.9674379 0.2531087 0 0.9673045 0.2536143 0.001347184 0 -0.5 -0.8660254 0 -0.5 -0.8660255 0 -0.4999999 -0.8660255 0 -0.4999999 -0.8660254 0 -0.5000003 -0.8660252 0 -0.5000003 -0.8660253 0 -0.5000001 -0.8660253 0 -0.5000001 -0.8660253 0 -0.5000004 -0.8660252 0 -0.5000004 -0.8660252 -1 0 0 0 -0.3823227 -0.9240289 1 0 0 -0.974936 0.2224839 8.10273e-4 -0.9787904 0.2048634 -5.04264e-4 -0.9750377 0.2220393 0 -0.9872747 0.159024 -4.05285e-4 -0.9918256 0.1275979 8.28482e-4 -0.9918256 0.1275979 -8.29392e-4 -0.9953769 0.09604507 4.05653e-4 -0.999503 0.03151255 -8.11181e-4 -0.9987719 0.04954296 5.03949e-4 -0.9994885 0.03198039 0 -0.9954226 0.09557062 -4.23727e-4 -0.9871994 0.1594907 4.24118e-4 -0.9674379 0.2531086 0 -0.9674379 0.2531087 0 0 1 0 0 0 1 0 0 1 0 0 1 0 0 1 0 0 1 0 0 1 0 0 1 0 0 1 0 0 1 0 0 1 0 0 1 0 0 1 0 0 1 0 0 1 0 0 1 0 0 1 0 0 1 0 0 1 0 0 1 0 0 1 0 0 1 0 0 1 0 0 1 0 0 1 0 0 1 0 0 1 0 0 1 0 0 1 0 0 1 0 0 1 0 0 1 0 0 1 0 0 1 0 0 1 0 0 1 0 0 1 0 0 1 0 0 1 0 0 1 0 0 1 0 0 1 0 0 1 0 0 1 0 0 1 0 0 1 0 0 1 0 0 1 0 0 1 0 0 1 0 0 1 0 0 1 0 0 1 0 0 1 0 0 1 0 0 1 0 0 1 0 0 1 0 0 1 0 0 1 0 0 1 0 0 1 0 0 1 0 0 1 0 0 1 0 0 1 0 0 1 0 0 1 0 0 1 0 0 1 0 0 1 0 0 1 0 0 1 0 0 1 0 0 1 -0.9957342 -0.09226834 0 -0.9957342 -0.09226834 0 -0.9957342 0.09226834 0 -0.9957342 0.09226834 0 -0.9618256 0.273663 0 -0.9618256 0.273663 0 -0.8951633 0.4457383 0 -0.8951633 0.4457383 0 -0.7980173 0.6026347 0 -0.7980173 0.6026347 0 -0.6736956 0.739009 0 -0.6736956 0.739009 0 -0.526432 0.8502172 0 -0.526432 0.8502172 0 -0.3612419 0.9324721 0 -0.3612419 0.9324721 0 -0.1837492 0.9829732 0 -0.1837492 0.9829732 0 0 1 0 0 1 0 0.1837492 0.9829732 0 0.1837492 0.9829732 0 0.3612419 0.9324721 0 0.3612419 0.9324721 0 0.5264319 0.8502174 0 0.5264319 0.8502174 0 0.6736957 0.7390088 0 0.6736957 0.7390088 0 0.7980174 0.6026345 0 0.7980174 0.6026345 0 0.8951632 0.4457386 0 0.8951632 0.4457386 0 0.9618256 0.273663 0 0.9618256 0.273663 0 0.9957342 0.09226834 0 0.9957342 0.09226834 0 0.9957342 -0.09226834 0 0.9957342 -0.09226834 0 0.9618256 -0.2736632 0 0.9618256 -0.2736632 0 0.8951634 -0.445738 0 0.8951634 -0.445738 0 0.7980169 -0.6026351 0 0.7980169 -0.6026351 0 0.6736962 -0.7390086 0 0.6736962 -0.7390086 0 0.5264319 -0.8502174 0 0.5264319 -0.8502174 0 0.3612416 -0.9324722 0 0.3612416 -0.9324722 0 0.1837498 -0.982973 0 0.1837498 -0.982973 0 0 -1 0 0 -1 0 -0.1837498 -0.982973 0 -0.1837498 -0.982973 0 -0.3612416 -0.9324722 0 -0.3612416 -0.9324722 0 -0.526432 -0.8502172 0 -0.526432 -0.8502172 0 -0.6736959 -0.7390086 0 -0.6736959 -0.7390086 0 -0.7980167 -0.6026353 0 -0.7980167 -0.6026353 0 -0.8951635 -0.4457378 0 -0.8951635 -0.4457378 0 -0.9618256 -0.2736632 0 -0.9618256 -0.2736632 0 0 0 1 0 0 1 0 0 1 0 0 1 0 0 1 0 0 1 0 0 1 0 0 1 0 0 1 0 0 1 0 0 1 0 0 1 0 0 1 0 0 1 0 0 1 0 0 1 0 0 1 0 0 1 0 0 1 0 0 1 0 0 1 0 0 1 0 0 1 0 0 1 0 0 1 0 0 1 0 0 1 0 0 1 0 0 1 0 0 1 0 0 1 0 0 1 0 0 1 0 0 1 0 0 1 0 0 1 0 0 1 0 0 1 0 0 1 0 0 1 0 0 1 0 0 1 0 0 1 0 0 1 0 0 1 0 0 1 0 0 1 0 0 1 0 0 1 0 0 1 0 0 1 0 0 1 0 0 1 0 0 1 0 0 1 0 0 1 0 0 1 0 0 1 0 0 1 0 0 1 0 0 1 0 0 1 0 0 1 0 0 1 0 0 1 0 0 1 0 0 1 0 0 1 0 0 1 0 0 1 0 0 1 0 0 1 0 0 1 0 0 1 0 0 1 0 0 1 0 0 1 0 0 1 0 0 1 0 0 1 0 0 1 0 0 1 0 0 1 0 0 1 0 0 1 0 0 1 0 0 1 0 0 1 0 0 1 0 0 1 0 0 1 0 0 1 0 0 1 0 0 1 0 0 1 0 0 1 0 0 1 0 0 1 0 0 1 0 0 1 0 0 1 0 0 1 0 0 1 0 0 1 0 0 1 0 0 1 0 0 1 0 0 1 0 0 1 0 0 1 0 0 1 0 0 1 0 0 1 0 0 1 0 0 1 0 0 1 0 0 1 0 0 1 -0.9957342 -0.09226834 0 -0.9957342 -0.09226834 0 -0.9957342 0.09226834 0 -0.9957342 0.09226834 0 -0.9618256 0.273663 0 -0.9618256 0.273663 0 -0.8951632 0.4457386 0 -0.8951632 0.4457386 0 -0.7980174 0.6026345 0 -0.7980174 0.6026345 0 -0.6736957 0.7390088 0 -0.6736957 0.7390088 0 -0.5264319 0.8502174 0 -0.5264319 0.8502174 0 -0.3612419 0.9324721 0 -0.3612419 0.9324721 0 -0.1837492 0.9829732 0 -0.1837492 0.9829732 0 0 1 0 0 1 0 0.1837492 0.9829732 0 0.1837492 0.9829732 0 0.3612419 0.9324721 0 0.3612419 0.9324721 0 0.526432 0.8502172 0 0.526432 0.8502172 0 0.6736956 0.739009 0 0.6736956 0.739009 0 0.7980173 0.6026347 0 0.7980173 0.6026347 0 0.8951633 0.4457383 0 0.8951633 0.4457383 0 0.9618256 0.273663 0 0.9618256 0.273663 0 0.9957342 0.09226834 0 0.9957342 0.09226834 0 0.9957342 -0.09226834 0 0.9957342 -0.09226834 0 0.9618256 -0.2736632 0 0.9618256 -0.2736632 0 0.8951635 -0.4457378 0 0.8951635 -0.4457378 0 0.7980167 -0.6026353 0 0.7980167 -0.6026353 0 0.6736959 -0.7390086 0 0.6736959 -0.7390086 0 0.526432 -0.8502172 0 0.526432 -0.8502172 0 0.3612416 -0.9324722 0 0.3612416 -0.9324722 0 0.1837498 -0.982973 0 0.1837498 -0.982973 0 0 -1 0 0 -1 0 -0.1837498 -0.982973 0 -0.1837498 -0.982973 0 -0.3612416 -0.9324722 0 -0.3612416 -0.9324722 0 -0.5264319 -0.8502174 0 -0.5264319 -0.8502174 0 -0.6736962 -0.7390086 0 -0.6736962 -0.7390086 0 -0.7980169 -0.6026351 0 -0.7980169 -0.6026351 0 -0.8951634 -0.445738 0 -0.8951634 -0.445738 0 -0.9618256 -0.2736632 0 -0.9618256 -0.2736632 0 -0.9921146 0.1253335 0 -0.9921146 -0.1253335 0 -0.9921146 -0.1253335 0 -0.9297766 -0.3681243 0 -0.9297766 -0.3681243 0 -0.8090169 -0.5877854 0 -0.8090169 -0.5877854 0 -0.6374239 -0.7705134 0 -0.6374239 -0.7705134 0 -0.4257794 -0.9048271 0 -0.4257794 -0.9048271 0 -0.1873822 -0.9822872 0 -0.1873822 -0.9822872 0 0.06279104 -0.9980267 0 0.06279104 -0.9980267 0 0.3090166 -0.9510566 0 0.3090166 -0.9510566 0 0.5358265 -0.8443281 0 0.5358265 -0.8443281 0 0.7289685 -0.6845473 0 0.7289685 -0.6845473 0 0.8763067 -0.4817535 0 0.8763067 -0.4817535 0 0.9685834 -0.2486888 0 0.9685834 -0.2486888 0 1 0 0 1 0 0 0.9685834 0.2486888 0 0.9685834 0.2486888 0 0.8763065 0.4817539 0 0.8763065 0.4817539 0 0.7289685 0.6845473 0 0.7289685 0.6845473 0 0.5358271 0.8443278 0 0.5358271 0.8443278 0 0.3090166 0.9510566 0 0.3090166 0.9510566 0 0.06279104 0.9980267 0 0.06279104 0.9980267 0 -0.1873813 0.9822872 0 -0.1873813 0.9822872 0 -0.4257794 0.9048271 0 -0.4257794 0.9048271 0 -0.6374239 0.7705134 0 -0.6374239 0.7705134 0 -0.8090171 0.587785 0 -0.8090171 0.587785 0 -0.9297766 0.3681243 0 -0.9297766 0.3681243 0 -0.9921146 0.1253335 0 0 1 0 -0.9921147 0.1253327 0 -0.9921147 -0.1253327 0 -0.9921147 -0.1253327 0 -0.9297766 -0.3681243 0 -0.9297766 -0.3681243 0 -0.8090169 -0.5877854 0 -0.8090169 -0.5877854 0 -0.6374239 -0.7705134 0 -0.6374239 -0.7705134 0 -0.4257794 -0.9048271 0 -0.4257794 -0.9048271 0 -0.1873822 -0.9822872 0 -0.1873822 -0.9822872 0 0.06279104 -0.9980267 0 0.06279104 -0.9980267 0 0.3090166 -0.9510566 0 0.3090166 -0.9510566 0 0.5358265 -0.8443281 0 0.5358265 -0.8443281 0 0.7289685 -0.6845473 0 0.7289685 -0.6845473 0 0.8763067 -0.4817535 0 0.8763067 -0.4817535 0 0.9685832 -0.2486896 0 0.9685832 -0.2486896 0 1 0 0 1 0 0 0.9685832 0.2486896 0 0.9685832 0.2486896 0 0.8763065 0.4817539 0 0.8763065 0.4817539 0 0.7289685 0.6845473 0 0.7289685 0.6845473 0 0.5358271 0.8443278 0 0.5358271 0.8443278 0 0.3090166 0.9510566 0 0.3090166 0.9510566 0 0.06279104 0.9980267 0 0.06279104 0.9980267 0 -0.1873813 0.9822872 0 -0.1873813 0.9822872 0 -0.4257794 0.9048271 0 -0.4257794 0.9048271 0 -0.6374239 0.7705134 0 -0.6374239 0.7705134 0 -0.8090171 0.587785 0 -0.8090171 0.587785 0 -0.9297766 0.3681243 0 -0.9297766 0.3681243 0 -0.9921147 0.1253327 0 0 1 0 0 1 0 0 0 -1 0 0 -1 0 0 -1 0 0 -1 0 0 -1 0 0 -1 0 0 -1 0 0 -1 0 0 -1 0 0 -1 0 0 -1 0 0 -1 0 0 -1 0 0 -1 0 0 -1 0 0 -1 0 0 -1 0 0 -1 0 0 -1 0 0 -1 0 0 -1 0 0 -1 0 0 -1 0 0 -1 0 0 -1 0 0 -1 0 0 -1 0 0 -1 0 0 -1 0 0 -1 0 0 -1 0 0 -1 0 0 -1 0 0 -1 0 0 -1 0 0 -1 0 0 -1 0 0 -1 0 0 -1 0 0 -1 0 0 -1 0 0 -1 0 0 -1 0 0 -1 0 0 -1 0 0 -1 0 0 -1 0 0 -1 0 0 -1 0 0 -1 0 0 -1 0 0 -1 0 0 -1 0 0 -1 0 0 -1 0 0 -1 0 0 -1 0 0 -1 0 0 -1 0 0 -1 0 0 -1 0 0 -1 0 0 -1 0 0 -1 0 0 -1 0 0 -1 0 0 -1 0 0 -1 0 0 -1 0 0 -1 0 0 -1 0 0 -1 0 0 -1 0 0 -1 -0.9489536 -0.3153846 0.00442034 -0.8974276 -0.4411396 -0.004419982 -0.8748446 -0.4843835 0.004420042 -0.801088 -0.5985302 -0.00442028 -0.7709428 -0.6368891 0.004419982 -0.677469 -0.735538 -0.00442022 -0.6407882 -0.767705 0.004420161 -0.5307782 -0.8474992 -0.004420161 -0.4888113 -0.8723785 0.004420161 -0.3660132 -0.9305992 -0.004420042 -0.3201904 -0.9473428 0.004420042 -0.1887841 -0.9820086 -0.00442028 -0.1406635 -0.9900476 0.004420101 -0.005126535 -0.9999771 -0.004420042 0.04365181 -0.999037 0.00442034 0.1787068 -0.9838925 -0.004419982 0.2264801 -0.9740058 0.004420101 0.3564538 -0.9343025 -0.00442028 0.4015977 -0.9158056 0.004419922 0.5220613 -0.8528965 -0.00442028 0.5630388 -0.8264186 0.004420161 0.6698915 -0.7424458 -0.004420101 0.7053057 -0.7088896 0.00442022 0.7949099 -0.6067113 -0.004420101 0.8235547 -0.5672197 0.004420101 0.8928578 -0.4503171 -0.004420161 0.9137585 -0.4062337 0.00442022 0.9604008 -0.2785871 -0.004420101 0.9728452 -0.2314144 0.004420101 0.9952383 -0.09737074 -0.004420161 0.998803 -0.0487141 0.004420161 0.9961844 0.08716189 -0.004420101 0.9907476 0.1356448 0.004420161 0.9632065 0.2687263 -0.004420101 0.9489536 0.3153847 0.004420161 0.8974277 0.4411396 -0.004420161 0.8748441 0.4843845 0.004420101 0.8010883 0.5985298 -0.004420161 0.7709429 0.6368889 0.004420161 0.6774682 0.7355388 -0.004420161 0.6407878 0.7677053 0.004420101 0.5307785 0.847499 -0.004420161 0.4888121 0.8723779 0.004420101 0.3660134 0.9305992 -0.004420161 0.3201899 0.9473431 0.004420101 0.1887841 0.9820086 -0.00442022 0.1406641 0.9900475 0.004420101 0.005126178 0.9999771 -0.004420161 -0.04365152 0.999037 0.004420101 -0.1787061 0.9838926 -0.004420161 -0.2264811 0.9740055 0.00442022 -0.3564535 0.9343027 -0.004420101 -0.4015974 0.9158056 0.004420101 -0.5220621 0.852896 -0.00442022 -0.563039 0.8264185 0.004420101 -0.6698917 0.7424456 -0.004420161 -0.7053057 0.7088896 0.004420101 -0.7949098 0.6067115 -0.004420161 -0.8235547 0.5672197 0.004420042 -0.8928574 0.4503178 -0.004420161 -0.9137582 0.4062345 0.00442022 -0.9604009 0.2785866 -0.004420161 -0.9728453 0.2314141 0.004420042 -0.9952383 0.09737074 -0.00442022 -0.998803 0.04871374 0.004420161 -0.9961844 -0.08716154 -0.004420101 -0.9907476 -0.1356455 0.00442034 -0.9632065 -0.2687265 -0.004419922 0 0 -1 0 0 -1 0 0 -1 0 0 -1 0 0 -1 0 0 -1 0 0 -1 0 0 -1 0 0 -1 0 0 -1 0 0 -1 0 0 -1 0 0 -1 0 0 -1 0 0 -1 0 0 -1 0 0 -1 0 0 -1 0 0 -1 0 0 -1 0 0 -1 0 0 -1 0 0 -1 0 0 -1 0 0 -1 0 0 -1 0 0 -1 0 0 -1 0 0 -1 0 0 -1 0 0 -1 0 0 -1 0 0 -1 0 0 -1 0 0 -1 0 0 -1 0 0 -1 0 0 -1 0 0 -1 0 0 -1 0 0 -1 0 0 -1 0 0 -1 0 0 -1 0 0 -1 0 0 -1 0 0 -1 0 0 -1 0 0 -1 0 0 -1 0 0 -1 0 0 -1 0 0 -1 0 0 -1 0 0 -1 0 0 -1 0 0 -1 0 0 -1 0 0 -1 0.9914449 -0.1305263 0 0.9914449 -0.1305263 0 0.9914449 0.1305263 0 0.9914449 0.1305263 0 0.9238793 0.3826842 0 0.9238793 0.3826842 0 0.7933535 0.6087611 0 0.7933535 0.6087611 0 0.6087611 0.7933535 0 0.6087611 0.7933535 0 0.3826842 0.9238793 0 0.3826842 0.9238793 0 0.1305263 0.9914449 0 0.1305263 0.9914449 0 -0.1305263 0.9914449 0 -0.1305263 0.9914449 0 -0.3826842 0.9238793 0 -0.3826842 0.9238793 0 -0.6087611 0.7933535 0 -0.6087611 0.7933535 0 -0.7933535 0.6087611 0 -0.7933535 0.6087611 0 -0.9238793 0.3826842 0 -0.9238793 0.3826842 0 -0.9914449 0.1305263 0 -0.9914449 0.1305263 0 -0.9914449 -0.1305263 0 -0.9914449 -0.1305263 0 -0.9238793 -0.3826842 0 -0.9238793 -0.3826842 0 -0.7933535 -0.6087611 0 -0.7933535 -0.6087611 0 -0.6087611 -0.7933535 0 -0.6087611 -0.7933535 0 -0.3826842 -0.9238793 0 -0.3826842 -0.9238793 0 -0.1305252 -0.991445 0 -0.1305252 -0.991445 0 0.1305252 -0.991445 0 0.1305252 -0.991445 0 0.3826842 -0.9238793 0 0.3826842 -0.9238793 0 0.6087611 -0.7933535 0 0.6087611 -0.7933535 0 0.7933535 -0.6087611 0 0.7933535 -0.6087611 0 0.9238793 -0.3826842 0 0.9238793 -0.3826842 0 0 0 1 0 0 1 0 0 1 0 0 1 0 0 1 0 0 1 0 0 1 0 0 1 0 0 1 0 0 1 0 0 1 0 0 1 0 0 1 0 0 1 0 0 1 0 0 1 0 0 1 0 0 1 0 0 1 0 0 1 0 0 1 0 0 1 0 0 1 0 0 1 0 0 1 0 0 1 0 0 1 0 0 1 0 0 1 0 0 1 0 0 1 0 0 1 0 0 1 0 0 1 0 0 1 0 0 1 0 0 1 0 0 1 0 0 1 0 0 1 0 0 1 0 0 1 0 0 1 0 0 1 0 0 1 0 0 1 0 0 1 0 0 1 0 0 1 0 0 1 0 0 1 0 0 1 0 0 1 0 0 1 0.9914449 -0.1305263 0 0.9914449 -0.1305263 0 0.9914449 0.1305263 0 0.9914449 0.1305263 0 0.9238793 0.3826842 0 0.9238793 0.3826842 0 0.7933535 0.6087611 0 0.7933535 0.6087611 0 0.6087611 0.7933535 0 0.6087611 0.7933535 0 0.3826842 0.9238793 0 0.3826842 0.9238793 0 0.1305263 0.9914449 0 0.1305263 0.9914449 0 -0.1305263 0.9914449 0 -0.1305263 0.9914449 0 -0.3826842 0.9238793 0 -0.3826842 0.9238793 0 -0.6087611 0.7933535 0 -0.6087611 0.7933535 0 -0.7933535 0.6087611 0 -0.7933535 0.6087611 0 -0.9238793 0.3826842 0 -0.9238793 0.3826842 0 -0.9914449 0.1305263 0 -0.9914449 0.1305263 0 -0.9914449 -0.1305263 0 -0.9914449 -0.1305263 0 -0.9238793 -0.3826842 0 -0.9238793 -0.3826842 0 -0.7933535 -0.6087611 0 -0.7933535 -0.6087611 0 -0.6087611 -0.7933535 0 -0.6087611 -0.7933535 0 -0.3826842 -0.9238793 0 -0.3826842 -0.9238793 0 -0.1305252 -0.991445 0 -0.1305252 -0.991445 0 0.1305252 -0.991445 0 0.1305252 -0.991445 0 0.3826842 -0.9238793 0 0.3826842 -0.9238793 0 0.6087611 -0.7933535 0 0.6087611 -0.7933535 0 0.7933535 -0.6087611 0 0.7933535 -0.6087611 0 0.9238793 -0.3826842 0 0.9238793 -0.3826842 0 0 0 -1 0 0 -1 0 0 -1 0 0 -1 0 0 -1 0 0 -1 0 0 -1 0 0 -1 0 0 -1 0 0 -1 0 0 -1 0 0 -1 0 0 -1 0 0 -1 0 0 -1 0 0 -1 0 0 -1 0 0 -1 0 0 -1 0 0 -1 0 0 -1 0 0 -1 0 0 -1 0 0 -1 0 0 -1 0 0 -1 0 0 -1 0 0 -1 0 0 -1 0 0 -1 0 0 -1 0 0 -1 0 0 -1 0 0 -1 0 0 -1 0 0 -1 0 0 -1 0 0 -1 0 0 -1 0 0 -1 0 0 -1 0 0 -1 0 0 -1 0 0 -1 0 0 -1 0 0 -1 0 0 -1 0 0 -1 0 0 -1 0 0 -1 0 0 -1 0 0 -1 0 0 -1 0 0 -1 0 0 -1 0 0 -1 0 0 -1 0 0 -1 0 0 -1 0.8748446 -0.4843835 0.004420042 0.8974276 -0.4411396 -0.004419982 0.9489536 -0.3153846 0.00442034 0.9632065 -0.2687265 -0.004419922 0.9907476 -0.1356455 0.00442034 0.9961844 -0.08716154 -0.004420101 0.998803 0.04871374 0.004420161 0.9952383 0.09737074 -0.00442022 0.9728453 0.2314141 0.004420042 0.9604009 0.2785866 -0.004420161 0.9137582 0.4062345 0.00442022 0.8928574 0.4503178 -0.004420161 0.8235547 0.5672197 0.004420042 0.7949098 0.6067115 -0.004420161 0.7053057 0.7088896 0.004420101 0.6698917 0.7424456 -0.004420161 0.563039 0.8264185 0.004420101 0.5220621 0.852896 -0.00442022 0.4015974 0.9158056 0.004420101 0.3564535 0.9343027 -0.004420101 0.2264811 0.9740055 0.00442022 0.1787061 0.9838926 -0.004420161 0.04365152 0.999037 0.004420101 -0.005126178 0.9999771 -0.004420161 -0.1406641 0.9900475 0.004420101 -0.1887841 0.9820086 -0.00442022 -0.3201899 0.9473431 0.004420101 -0.3660134 0.9305992 -0.00442022 -0.4888121 0.8723779 0.004420101 -0.5307785 0.847499 -0.004420161 -0.6407878 0.7677053 0.004420101 -0.6774682 0.7355388 -0.004420161 -0.7709429 0.6368889 0.004420161 -0.8010883 0.5985298 -0.004420161 -0.8748441 0.4843845 0.004420101 -0.8974277 0.4411396 -0.004420161 -0.9489536 0.3153847 0.004420161 -0.9632065 0.2687263 -0.004420101 -0.9907476 0.1356448 0.004420161 -0.9961844 0.08716189 -0.004420101 -0.998803 -0.0487141 0.004420161 -0.9952383 -0.09737074 -0.004420161 -0.9728452 -0.2314144 0.004420101 -0.9604008 -0.2785871 -0.004420101 -0.9137585 -0.4062337 0.00442022 -0.8928578 -0.4503171 -0.004420161 -0.8235547 -0.5672197 0.004420101 -0.7949099 -0.6067113 -0.004420101 -0.7053057 -0.7088896 0.00442022 -0.6698915 -0.7424458 -0.004420101 -0.5630388 -0.8264186 0.004420161 -0.5220613 -0.8528965 -0.00442028 -0.4015977 -0.9158056 0.004419922 -0.3564538 -0.9343025 -0.00442028 -0.2264801 -0.9740058 0.004420101 -0.1787068 -0.9838925 -0.004419982 -0.04365181 -0.999037 0.00442034 0.005126535 -0.9999771 -0.004420042 0.1406635 -0.9900476 0.004420101 0.1887841 -0.9820086 -0.00442028 0.3201904 -0.9473428 0.004420042 0.3660132 -0.9305992 -0.004420042 0.4888113 -0.8723785 0.004420161 0.5307782 -0.8474992 -0.004420161 0.6407882 -0.767705 0.004420161 0.677469 -0.735538 -0.00442022 0.7709428 -0.6368891 0.004419982 0.801088 -0.5985302 -0.00442028 0.3826841 -0.9238793 0 0.6087611 0.7933535 0 -0.9914448 0.1305263 0 0.6087611 -0.7933535 0 -0.3826841 0.9238793 0 0.6087611 0.7933535 0 -0.9914448 -0.1305263 0 0.7933535 -0.6087611 0 0.3826841 0.9238793 0 0.9238793 -0.3826841 0 -0.1305252 -0.991445 0 -0.6087611 -0.7933535 0 -0.9238793 -0.3826841 0 -0.3826841 0.9238793 0 -0.7933535 0.6087611 0 0.7933535 0.6087611 0 0.9914448 -0.1305263 0 0.1305263 0.9914448 0 0.9238793 -0.3826841 0 0.9238793 0.3826841 0 0.3826841 -0.9238793 0 -0.6087611 -0.7933535 0 -0.9914448 0.1305263 0 0.1305252 -0.991445 0 0.7933535 -0.6087611 0 -0.9238793 0.3826841 0 -0.9238793 -0.3826841 0 0.1305263 0.9914448 0 -0.1305252 -0.991445 0 0.1305252 -0.991445 0 -0.7933535 0.6087611 0 -0.7933535 -0.6087611 0 0.9238793 0.3826841 0 -0.9238793 0.3826841 0 0.6087611 -0.7933535 0 -0.1305263 0.9914448 0 -0.3826841 -0.9238793 0 0.7933535 0.6087611 0 -0.9914448 -0.1305263 0 -0.7933535 -0.6087611 0 -0.6087611 0.7933535 0 -0.1305263 0.9914448 0 0.3826841 0.9238793 0 0.9914448 0.1305263 0 -0.3826841 -0.9238793 0 -0.6087611 0.7933535 0 0.9914448 0.1305263 0 0.9914448 -0.1305263 0 0 0 -1 0 0 -1 0 0 -1 0 0 -1 0 0 -1 0 0 -1 0 0 -1 0 0 -1 0 0 -1 0 0 -1 0 0 -1 0 0 -1 0 0 -1 0 0 -1 0 0 -1 0 0 -1 0 0 -1 0 0 -1 0 0 -1 0 0 -1 0 0 -1 0 0 -1 0 0 -1 0 0 -1 0 0 -1 0 0 -1 0 0 -1 0 0 -1 0 0 -1 0 0 -1 0 0 -1 0 0 -1 0 0 -1 0 0 -1 0 0 -1 0 0 -1 0 0 -1 0 0 -1 0 0 -1 0 0 -1 0 0 -1 0 0 -1 0 0 -1 0 0 -1 0 0 -1 0 0 -1 0 0 -1 0 0 -1 0 0 -1 0 0 -1 0 0 -1 0 0 -1 0 0 -1 0 0 -1 0 -0.3266254 -0.9451538 0 1 0 0 0.2341887 0.9721912 0 -1 0 0 0.4999906 0.8660309 0.9674378 0.2531089 0 0 -0.5000002 -0.8660253 0 -0.4999921 -0.8660299 0 -0.5000002 -0.8660253 0 -0.5000002 -0.8660253 0 -0.4995508 -0.8662846 -0.9674381 0.2531079 7.88076e-7 0 0 1 0 0 1 0 0 1 0 0 1 0 0 1 0 0 1 0 0 1 0 0 1 0 0 1 0 0 1 0 0 1 0 0 1 0 0 1 0 0 1 0 0 1 0 0 1 0 0 1 0 0 1 0 0 1 0 0 1 0 0 1 0 0 1 0 0 1 0 0 1 0 0 1 0 0 1 0 0 1 0 0 1 0 1 0 0 1 0 0 1 0 0 1 0 0 1 0 0 1 0 0 1 0 0 1 0 0 1 0 0 1 0 0 1 0 0 0.4999997 0.8660255 0.9674379 0.2531086 0 0.9674375 0.2531103 0 0.9674379 0.2531087 0 0 -0.5 -0.8660253 -1 0 0 -1 0 0 -1 0 0 -1 0 0 -1 0 0 -1 0 0 -1 0 0 -1 0 0 -1 0 0 0 -0.3823227 -0.9240289 1 0 0 1 0 0 1 0 0 1 0 0 1 0 0 1 0 0 1 0 0 1 0 0 1 0 0 -0.9674379 0.2531087 0 -0.9672735 0.2537338 0.001134753 -0.9674375 0.2531103 0 0 1 0 0 0 1 0 0 1 0 0 1 0 0 1 0 0 1 0 0 1 0 0 1 0 0 1 0 0 1 0 0 1 0 0 1 0 0 1 0 0 1 0 0 1 0 0 1 0 0 1 0 0 1 0 0 1 0 0 1 0 0 1 0 0 1 0 0 1 0 0 1 0 0 1 0 0 1 0 1 0 0.3826841 -0.9238793 0 0.6087611 0.7933535 0 -0.9914448 0.1305263 0 0.6087611 -0.7933535 0 -0.3826841 0.9238793 0 0.6087611 0.7933535 0 -0.9914448 -0.1305263 0 0.7933535 -0.6087611 0 0.3826841 0.9238793 0 0.9238793 -0.3826841 0 -0.1305252 -0.991445 0 -0.6087611 -0.7933535 0 -0.9238793 -0.3826841 0 -0.3826841 0.9238793 0 -0.7933535 0.6087611 0 0.7933535 0.6087611 0 0.9914448 -0.1305263 0 0.1305263 0.9914448 0 0.9238793 -0.3826841 0 0.9238793 0.3826841 0 0.3826841 -0.9238793 0 -0.6087611 -0.7933535 0 -0.9914448 0.1305263 0 0.1305252 -0.991445 0 0.7933535 -0.6087611 0 -0.9238793 0.3826841 0 -0.9238793 -0.3826841 0 0.1305263 0.9914448 0 -0.1305252 -0.991445 0 0.1305252 -0.991445 0 -0.7933535 0.6087611 0 -0.7933535 -0.6087611 0 0.9238793 0.3826841 0 -0.9238793 0.3826841 0 0.6087611 -0.7933535 0 -0.1305263 0.9914448 0 -0.3826841 -0.9238793 0 0.7933535 0.6087611 0 -0.9914448 -0.1305263 0 -0.7933535 -0.6087611 0 -0.6087611 0.7933535 0 -0.1305263 0.9914448 0 0.3826841 0.9238793 0 0.9914448 0.1305263 0 -0.3826841 -0.9238793 0 -0.6087611 0.7933535 0 0.9914448 0.1305263 0 0.9914448 -0.1305263 0 0 0 -1 0 0 -1 0 0 -1 0 0 -1 0 0 -1 0 0 -1 0 0 -1 0 0 -1 0 0 -1 0 0 -1 0 0 -1 0 0 -1 0 0 -1 0 0 -1 0 0 -1 0 0 -1 0 0 -1 0 -0.3266254 -0.945154 0 -0.3266254 -0.9451539 0 -0.3266254 -0.945154 0 -0.3266254 -0.9451539 0 -0.3266251 -0.945154 0 -0.3266252 -0.9451539 0 -0.3266254 -0.9451539 0 -0.3266254 -0.9451538 0 -0.3266255 -0.9451538 0 -0.3266254 -0.9451538 0 -0.3266254 -0.9451538 0 -0.3266254 -0.9451538 0 -0.3266255 -0.9451539 0 -0.3266253 -0.945154 0 -0.3266254 -0.9451538 0 -0.3266254 -0.9451539 0 -0.3266255 -0.9451538 0 -0.3266254 -0.9451539 0 1 0 0 0.2341887 0.9721912 0 0.2341887 0.9721912 0 0.2341887 0.9721912 0 0.2341887 0.9721912 0 0.2341887 0.9721912 0 0.2341887 0.9721912 0 0.2341887 0.9721912 0 0.2341887 0.9721911 0 0.2341887 0.9721911 0 0.2341887 0.9721911 0 0.2341887 0.9721911 0 0.2341887 0.9721912 0 0.2341887 0.9721912 0 0.2341887 0.9721912 0 0.2341887 0.9721912 0 0.2341887 0.9721912 0 0.2341887 0.9721912 0 0.2341887 0.9721912 0 0.2341887 0.9721912 0 0.2341887 0.9721911 0 0.2341887 0.9721911 0 0.2341887 0.9721912 0 0.2341887 0.9721912 0 0.2341887 0.9721911 0 0.2341887 0.9721911 0 0.2341887 0.9721911 0 -1 0 0 -1 0 0 -1 0</float_array>
          <technique_common>
            <accessor source="#gelsight-mini-franka-finger-1-v2-mesh-normals-array" count="2346" stride="3">
              <param name="X" type="float"/>
              <param name="Y" type="float"/>
              <param name="Z" type="float"/>
            </accessor>
          </technique_common>
        </source>
        <source id="gelsight-mini-franka-finger-1-v2-mesh-map-0">
          <float_array id="gelsight-mini-franka-finger-1-v2-mesh-map-0-array" count="14076">0 0 0 0 0 0 0 0 0 0 0 0 0 0 0 0 0 0 0 0 0 0 0 0 0 0 0 0 0 0 0 0 0 0 0 0 0 0 0 0 0 0 0 0 0 0 0 0 0 0 0 0 0 0 0 0 0 0 0 0 0 0 0 0 0 0 0 0 0 0 0 0 0 0 0 0 0 0 0 0 0 0 0 0 0 0 0 0 0 0 0 0 0 0 0 0 0 0 0 0 0 0 0 0 0 0 0 0 0 0 0 0 0 0 0 0 0 0 0 0 0 0 0 0 0 0 0 0 0 0 0 0 0 0 0 0 0 0 0 0 0 0 0 0 0 0 0 0 0 0 0 0 0 0 0 0 0 0 0 0 0 0 0 0 0 0 0 0 0 0 0 0 0 0 0 0 0 0 0 0 0 0 0 0 0 0 0 0 0 0 0 0 0 0 0 0 0 0 0 0 0 0 0 0 0 0 0 0 0 0 0 0 0 0 0 0 0 0 0 0 0 0 0 0 0 0 0 0 0 0 0 0 0 0 0 0 0 0 0 0 0 0 0 0 0 0 0 0 0 0 0 0 0 0 0 0 0 0 0 0 0 0 0 0 0 0 0 0 0 0 0 0 0 0 0 0 0 0 0 0 0 0 0 0 0 0 0 0 0 0 0 0 0 0 0 0 0 0 0 0 0 0 0 0 0 0 0 0 0 0 0 0 0 0 0 0 0 0 0 0 0 0 0 0 0 0 0 0 0 0 0 0 0 0 0 0 0 0 0 0 0 0 0 0 0 0 0 0 0 0 0 0 0 0 0 0 0 0 0 0 0 0 0 0 0 0 0 0 0 0 0 0 0 0 0 0 0 0 0 0 0 0 0 0 0 0 0 0 0 0 0 0 0 0 0 0 0 0 0 0 0 0 0 0 0 0 0 0 0 0 0 0 0 0 0 0 0 0 0 0 0 0 0 0 0 0 0 0 0 0 0 0 0 0 0 0 0 0 0 0 0 0 0 0 0 0 0 0 0 0 0 0 0 0 0 0 0 0 0 0 0 0 0 0 0 0 0 0 0 0 0 0 0 0 0 0 0 0 0 0 0 0 0 0 0 0 0 0 0 0 0 0 0 0 0 0 0 0 0 0 0 0 0 0 0 0 0 0 0 0 0 0 0 0 0 0 0 0 0 0 0 0 0 0 0 0 0 0 0 0 0 0 0 0 0 0 0 0 0 0 0 0 0 0 0 0 0 0 0 0 0 0 0 0 0 0 0 0 0 0 0 0 0 0 0 0 0 0 0 0 0 0 0 0 0 0 0 0 0 0 0 0 0 0 0 0 0 0 0 0 0 0 0 0 0 0 0 0 0 0 0 0 0 0 0 0 0 0 0 0 0 0 0 0 0 0 0 0 0 0 0 0 0 0 0 0 0 0 0 0 0 0 0 0 0 0 0 0 0 0 0 0 0 0 0 0 0 0 0 0 0 0 0 0 0 0 0 0 0 0 0 0 0 0 0 0 0 0 0 0 0 0 0 0 0 0 0 0 0 0 0 0 0 0 0 0 0 0 0 0 0 0 0 0 0 0 0 0 0 0 0 0 0 0 0 0 0 0 0 0 0 0 0 0 0 0 0 0 0 0 0 0 0 0 0 0 0 0 0 0 0 0 0 0 0 0 0 0 0 0 0 0 0 0 0 0 0 0 0 0 0 0 0 0 0 0 0 0 0 0 0 0 0 0 0 0 0 0 0 0 0 0 0 0 0 0 0 0 0 0 0 0 0 0 0 0 0 0 0 0 0 0 0 0 0 0 0 0 0 0 0 0 0 0 0 0 0 0 0 0 0 0 0 0 0 0 0 0 0 0 0 0 0 0 0 0 0 0 0 0 0 0 0 0 0 0 0 0 0 0 0 0 0 0 0 0 0 0 0 0 0 0 0 0 0 0 0 0 0 0 0 0 0 0 0 0 0 0 0 0 0 0 0 0 0 0 0 0 0 0 0 0 0 0 0 0 0 0 0 0 0 0 0 0 0 0 0 0 0 0 0 0 0 0 0 0 0 0 0 0 0 0 0 0 0 0 0 0 0 0 0 0 0 0 0 0 0 0 0 0 0 0 0 0 0 0 0 0 0 0 0 0 0 0 0 0 0 0 0 0 0 0 0 0 0 0 0 0 0 0 0 0 0 0 0 0 0 0 0 0 0 0 0 0 0 0 0 0 0 0 0 0 0 0 0 0 0 0 0 0 0 0 0 0 0 0 0 0 0 0 0 0 0 0 0 0 0 0 0 0 0 0 0 0 0 0 0 0 0 0 0 0 0 0 0 0 0 0 0 0 0 0 0 0 0 0 0 0 0 0 0 0 0 0 0 0 0 0 0 0 0 0 0 0 0 0 0 0 0 0 0 0 0 0 0 0 0 0 0 0 0 0 0 0 0 0 0 0 0 0 0 0 0 0 0 0 0 0 0 0 0 0 0 0 0 0 0 0 0 0 0 0 0 0 0 0 0 0 0 0 0 0 0 0 0 0 0 0 0 0 0 0 0 0 0 0 0 0 0 0 0 0 0 0 0 0 0 0 0 0 0 0 0 0 0 0 0 0 0 0 0 0 0 0 0 0 0 0 0 0 0 0 0 0 0 0 0 0 0 0 0 0 0 0 0 0 0 0 0 0 0 0 0 0 0 0 0 0 0 0 0 0 0 0 0 0 0 0 0 0 0 0 0 0 0 0 0 0 0 0 0 0 0 0 0 0 0 0 0 0 0 0 0 0 0 0 0 0 0 0 0 0 0 0 0 0 0 0 0 0 0 0 0 0 0 0 0 0 0 0 0 0 0 0 0 0 0 0 0 0 0 0 0 0 0 0 0 0 0 0 0 0 0 0 0 0 0 0 0 0 0 0 0 0 0 0 0 0 0 0 0 0 0 0 0 0 0 0 0 0 0 0 0 0 0 0 0 0 0 0 0 0 0 0 0 0 0 0 0 0 0 0 0 0 0 0 0 0 0 0 0 0 0 0 0 0 0 0 0 0 0 0 0 0 0 0 0 0 0 0 0 0 0 0 0 0 0 0 0 0 0 0 0 0 0 0 0 0 0 0 0 0 0 0 0 0 0 0 0 0 0 0 0 0 0 0 0 0 0 0 0 0 0 0 0 0 0 0 0 0 0 0 0 0 0 0 0 0 0 0 0 0 0 0 0 0 0 0 0 0 0 0 0 0 0 0 0 0 0 0 0 0 0 0 0 0 0 0 0 0 0 0 0 0 0 0 0 0 0 0 0 0 0 0 0 0 0 0 0 0 0 0 0 0 0 0 0 0 0 0 0 0 0 0 0 0 0 0 0 0 0 0 0 0 0 0 0 0 0 0 0 0 0 0 0 0 0 0 0 0 0 0 0 0 0 0 0 0 0 0 0 0 0 0 0 0 0 0 0 0 0 0 0 0 0 0 0 0 0 0 0 0 0 0 0 0 0 0 0 0 0 0 0 0 0 0 0 0 0 0 0 0 0 0 0 0 0 0 0 0 0 0 0 0 0 0 0 0 0 0 0 0 0 0 0 0 0 0 0 0 0 0 0 0 0 0 0 0 0 0 0 0 0 0 0 0 0 0 0 0 0 0 0 0 0 0 0 0 0 0 0 0 0 0 0 0 0 0 0 0 0 0 0 0 0 0 0 0 0 0 0 0 0 0 0 0 0 0 0 0 0 0 0 0 0 0 0 0 0 0 0 0 0 0 0 0 0 0 0 0 0 0 0 0 0 0 0 0 0 0 0 0 0 0 0 0 0 0 0 0 0 0 0 0 0 0 0 0 0 0 0 0 0 0 0 0 0 0 0 0 0 0 0 0 0 0 0 0 0 0 0 0 0 0 0 0 0 0 0 0 0 0 0 0 0 0 0 0 0 0 0 0 0 0 0 0 0 0 0 0 0 0 0 0 0 0 0 0 0 0 0 0 0 0 0 0 0 0 0 0 0 0 0 0 0 0 0 0 0 0 0 0 0 0 0 0 0 0 0 0 0 0 0 0 0 0 0 0 0 0 0 0 0 0 0 0 0 0 0 0 0 0 0 0 0 0 0 0 0 0 0 0 0 0 0 0 0 0 0 0 0 0 0 0 0 0 0 0 0 0 0 0 0 0 0 0 0 0 0 0 0 0 0 0 0 0 0 0 0 0 0 0 0 0 0 0 0 0 0 0 0 0 0 0 0 0 0 0 0 0 0 0 0 0 0 0 0 0 0 0 0 0 0 0 0 0 0 0 0 0 0 0 0 0 0 0 0 0 0 0 0 0 0 0 0 0 0 0 0 0 0 0 0 0 0 0 0 0 0 0 0 0 0 0 0 0 0 0 0 0 0 0 0 0 0 0 0 0 0 0 0 0 0 0 0 0 0 0 0 0 0 0 0 0 0 0 0 0 0 0 0 0 0 0 0 0 0 0 0 0 0 0 0 0 0 0 0 0 0 0 0 0 0 0 0 0 0 0 0 0 0 0 0 0 0 0 0 0 0 0 0 0 0 0 0 0 0 0 0 0 0 0 0 0 0 0 0 0 0 0 0 0 0 0 0 0 0 0 0 0 0 0 0 0 0 0 0 0 0 0 0 0 0 0 0 0 0 0 0 0 0 0 0 0 0 0 0 0 0 0 0 0 0 0 0 0 0 0 0 0 0 0 0 0 0 0 0 0 0 0 0 0 0 0 0 0 0 0 0 0 0 0 0 0 0 0 0 0 0 0 0 0 0 0 0 0 0 0 0 0 0 0 0 0 0 0 0 0 0 0 0 0 0 0 0 0 0 0 0 0 0 0 0 0 0 0 0 0 0 0 0 0 0 0 0 0 0 0 0 0 0 0 0 0 0 0 0 0 0 0 0 0 0 0 0 0 0 0 0 0 0 0 0 0 0 0 0 0 0 0 0 0 0 0 0 0 0 0 0 0 0 0 0 0 0 0 0 0 0 0 0 0 0 0 0 0 0 0 0 0 0 0 0 0 0 0 0 0 0 0 0 0 0 0 0 0 0 0 0 0 0 0 0 0 0 0 0 0 0 0 0 0 0 0 0 0 0 0 0 0 0 0 0 0 0 0 0 0 0 0 0 0 0 0 0 0 0 0 0 0 0 0 0 0 0 0 0 0 0 0 0 0 0 0 0 0 0 0 0 0 0 0 0 0 0 0 0 0 0 0 0 0 0 0 0 0 0 0 0 0 0 0 0 0 0 0 0 0 0 0 0 0 0 0 0 0 0 0 0 0 0 0 0 0 0 0 0 0 0 0 0 0 0 0 0 0 0 0 0 0 0 0 0 0 0 0 0 0 0 0 0 0 0 0 0 0 0 0 0 0 0 0 0 0 0 0 0 0 0 0 0 0 0 0 0 0 0 0 0 0 0 0 0 0 0 0 0 0 0 0 0 0 0 0 0 0 0 0 0 0 0 0 0 0 0 0 0 0 0 0 0 0 0 0 0 0 0 0 0 0 0 0 0 0 0 0 0 0 0 0 0 0 0 0 0 0 0 0 0 0 0 0 0 0 0 0 0 0 0 0 0 0 0 0 0 0 0 0 0 0 0 0 0 0 0 0 0 0 0 0 0 0 0 0 0 0 0 0 0 0 0 0 0 0 0 0 0 0 0 0 0 0 0 0 0 0 0 0 0 0 0 0 0 0 0 0 0 0 0 0 0 0 0 0 0 0 0 0 0 0 0 0 0 0 0 0 0 0 0 0 0 0 0 0 0 0 0 0 0 0 0 0 0 0 0 0 0 0 0 0 0 0 0 0 0 0 0 0 0 0 0 0 0 0 0 0 0 0 0 0 0 0 0 0 0 0 0 0 0 0 0 0 0 0 0 0 0 0 0 0 0 0 0 0 0 0 0 0 0 0 0 0 0 0 0 0 0 0 0 0 0 0 0 0 0 0 0 0 0 0 0 0 0 0 0 0 0 0 0 0 0 0 0 0 0 0 0 0 0 0 0 0 0 0 0 0 0 0 0 0 0 0 0 0 0 0 0 0 0 0 0 0 0 0 0 0 0 0 0 0 0 0 0 0 0 0 0 0 0 0 0 0 0 0 0 0 0 0 0 0 0 0 0 0 0 0 0 0 0 0 0 0 0 0 0 0 0 0 0 0 0 0 0 0 0 0 0 0 0 0 0 0 0 0 0 0 0 0 0 0 0 0 0 0 0 0 0 0 0 0 0 0 0 0 0 0 0 0 0 0 0 0 0 0 0 0 0 0 0 0 0 0 0 0 0 0 0 0 0 0 0 0 0 0 0 0 0 0 0 0 0 0 0 0 0 0 0 0 0 0 0 0 0 0 0 0 0 0 0 0 0 0 0 0 0 0 0 0 0 0 0 0 0 0 0 0 0 0 0 0 0 0 0 0 0 0 0 0 0 0 0 0 0 0 0 0 0 0 0 0 0 0 0 0 0 0 0 0 0 0 0 0 0 0 0 0 0 0 0 0 0 0 0 0 0 0 0 0 0 0 0 0 0 0 0 0 0 0 0 0 0 0 0 0 0 0 0 0 0 0 0 0 0 0 0 0 0 0 0 0 0 0 0 0 0 0 0 0 0 0 0 0 0 0 0 0 0 0 0 0 0 0 0 0 0 0 0 0 0 0 0 0 0 0 0 0 0 0 0 0 0 0 0 0 0 0 0 0 0 0 0 0 0 0 0 0 0 0 0 0 0 0 0 0 0 0 0 0 0 0 0 0 0 0 0 0 0 0 0 0 0 0 0 0 0 0 0 0 0 0 0 0 0 0 0 0 0 0 0 0 0 0 0 0 0 0 0 0 0 0 0 0 0 0 0 0 0 0 0 0 0 0 0 0 0 0 0 0 0 0 0 0 0 0 0 0 0 0 0 0 0 0 0 0 0 0 0 0 0 0 0 0 0 0 0 0 0 0 0 0 0 0 0 0 0 0 0 0 0 0 0 0 0 0 0 0 0 0 0 0 0 0 0 0 0 0 0 0 0 0 0 0 0 0 0 0 0 0 0 0 0 0 0 0 0 0 0 0 0 0 0 0 0 0 0 0 0 0 0 0 0 0 0 0 0 0 0 0 0 0 0 0 0 0 0 0 0 0 0 0 0 0 0 0 0 0 0 0 0 0 0 0 0 0 0 0 0 0 0 0 0 0 0 0 0 0 0 0 0 0 0 0 0 0 0 0 0 0 0 0 0 0 0 0 0 0 0 0 0 0 0 0 0 0 0 0 0 0 0 0 0 0 0 0 0 0 0 0 0 0 0 0 0 0 0 0 0 0 0 0 0 0 0 0 0 0 0 0 0 0 0 0 0 0 0 0 0 0 0 0 0 0 0 0 0 0 0 0 0 0 0 0 0 0 0 0 0 0 0 0 0 0 0 0 0 0 0 0 0 0 0 0 0 0 0 0 0 0 0 0 0 0 0 0 0 0 0 0 0 0 0 0 0 0 0 0 0 0 0 0 0 0 0 0 0 0 0 0 0 0 0 0 0 0 0 0 0 0 0 0 0 0 0 0 0 0 0 0 0 0 0 0 0 0 0 0 0 0 0 0 0 0 0 0 0 0 0 0 0 0 0 0 0 0 0 0 0 0 0 0 0 0 0 0 0 0 0 0 0 0 0 0 0 0 0 0 0 0 0 0 0 0 0 0 0 0 0 0 0 0 0 0 0 0 0 0 0 0 0 0 0 0 0 0 0 0 0 0 0 0 0 0 0 0 0 0 0 0 0 0 0 0 0 0 0 0 0 0 0 0 0 0 0 0 0 0 0 0 0 0 0 0 0 0 0 0 0 0 0 0 0 0 0 0 0 0 0 0 0 0 0 0 0 0 0 0 0 0 0 0 0 0 0 0 0 0 0 0 0 0 0 0 0 0 0 0 0 0 0 0 0 0 0 0 0 0 0 0 0 0 0 0 0 0 0 0 0 0 0 0 0 0 0 0 0 0 0 0 0 0 0 0 0 0 0 0 0 0 0 0 0 0 0 0 0 0 0 0 0 0 0 0 0 0 0 0 0 0 0 0 0 0 0 0 0 0 0 0 0 0 0 0 0 0 0 0 0 0 0 0 0 0 0 0 0 0 0 0 0 0 0 0 0 0 0 0 0 0 0 0 0 0 0 0 0 0 0 0 0 0 0 0 0 0 0 0 0 0 0 0 0 0 0 0 0 0 0 0 0 0 0 0 0 0 0 0 0 0 0 0 0 0 0 0 0 0 0 0 0 0 0 0 0 0 0 0 0 0 0 0 0 0 0 0 0 0 0 0 0 0 0 0 0 0 0 0 0 0 0 0 0 0 0 0 0 0 0 0 0 0 0 0 0 0 0 0 0 0 0 0 0 0 0 0 0 0 0 0 0 0 0 0 0 0 0 0 0 0 0 0 0 0 0 0 0 0 0 0 0 0 0 0 0 0 0 0 0 0 0 0 0 0 0 0 0 0 0 0 0 0 0 0 0 0 0 0 0 0 0 0 0 0 0 0 0 0 0 0 0 0 0 0 0 0 0 0 0 0 0 0 0 0 0 0 0 0 0 0 0 0 0 0 0 0 0 0 0 0 0 0 0 0 0 0 0 0 0 0 0 0 0 0 0 0 0 0 0 0 0 0 0 0 0 0 0 0 0 0 0 0 0 0 0 0 0 0 0 0 0 0 0 0 0 0 0 0 0 0 0 0 0 0 0 0 0 0 0 0 0 0 0 0 0 0 0 0 0 0 0 0 0 0 0 0 0 0 0 0 0 0 0 0 0 0 0 0 0 0 0 0 0 0 0 0 0 0 0 0 0 0 0 0 0 0 0 0 0 0 0 0 0 0 0 0 0 0 0 0 0 0 0 0 0 0 0 0 0 0 0 0 0 0 0 0 0 0 0 0 0 0 0 0 0 0 0 0 0 0 0 0 0 0 0 0 0 0 0 0 0 0 0 0 0 0 0 0 0 0 0 0 0 0 0 0 0 0 0 0 0 0 0 0 0 0 0 0 0 0 0 0 0 0 0 0 0 0 0 0 0 0 0 0 0 0 0 0 0 0 0 0 0 0 0 0 0 0 0 0 0 0 0 0 0 0 0 0 0 0 0 0 0 0 0 0 0 0 0 0 0 0 0 0 0 0 0 0 0 0 0 0 0 0 0 0 0 0 0 0 0 0 0 0 0 0 0 0 0 0 0 0 0 0 0 0 0 0 0 0 0 0 0 0 0 0 0 0 0 0 0 0 0 0 0 0 0 0 0 0 0 0 0 0 0 0 0 0 0 0 0 0 0 0 0 0 0 0 0 0 0 0 0 0 0 0 0 0 0 0 0 0 0 0 0 0 0 0 0 0 0 0 0 0 0 0 0 0 0 0 0 0 0 0 0 0 0 0 0 0 0 0 0 0 0 0 0 0 0 0 0 0 0 0 0 0 0 0 0 0 0 0 0 0 0 0 0 0 0 0 0 0 0 0 0 0 0 0 0 0 0 0 0 0 0 0 0 0 0 0 0 0 0 0 0 0 0 0 0 0 0 0 0 0 0 0 0 0 0 0 0 0 0 0 0 0 0 0 0 0 0 0 0 0 0 0 0 0 0 0 0 0 0 0 0 0 0 0 0 0 0 0 0 0 0 0 0 0 0 0 0 0 0 0 0 0 0 0 0 0 0 0 0 0 0 0 0 0 0 0 0 0 0 0 0 0 0 0 0 0 0 0 0 0 0 0 0 0 0 0 0 0 0 0 0 0 0 0 0 0 0 0 0 0 0 0 0 0 0 0 0 0 0 0 0 0 0 0 0 0 0 0 0 0 0 0 0 0 0 0 0 0 0 0 0 0 0 0 0 0 0 0 0 0 0 0 0 0 0 0 0 0 0 0 0 0 0 0 0 0 0 0 0 0 0 0 0 0 0 0 0 0 0 0 0 0 0 0 0 0 0 0 0 0 0 0 0 0 0 0 0 0 0 0 0 0 0 0 0 0 0 0 0 0 0 0 0 0 0 0 0 0 0 0 0 0 0 0 0 0 0 0 0 0 0 0 0 0 0 0 0 0 0 0 0 0 0 0 0 0 0 0 0 0 0 0 0 0 0 0 0 0 0 0 0 0 0 0 0 0 0 0 0 0 0 0 0 0 0 0 0 0 0 0 0 0 0 0 0 0 0 0 0 0 0 0 0 0 0 0 0 0 0 0 0 0 0 0 0 0 0 0 0 0 0 0 0 0 0 0 0 0 0 0 0 0 0 0 0 0 0 0 0 0 0 0 0 0 0 0 0 0 0 0 0 0 0 0 0 0 0 0 0 0 0 0 0 0 0 0 0 0 0 0 0 0 0 0 0 0 0 0 0 0 0 0 0 0 0 0 0 0 0 0 0 0 0 0 0 0 0 0 0 0 0 0 0 0 0 0 0 0 0 0 0 0 0 0 0 0 0 0 0 0 0 0 0 0 0 0 0 0 0 0 0 0 0 0 0 0 0 0 0 0 0 0 0 0 0 0 0 0 0 0 0 0 0 0 0 0 0 0 0 0 0 0 0 0 0 0 0 0 0 0 0 0 0 0 0 0 0 0 0 0 0 0 0 0 0 0 0 0 0 0 0 0 0 0 0 0 0 0 0 0 0 0 0 0 0 0 0 0 0 0 0 0 0 0 0 0 0 0 0 0 0 0 0 0 0 0 0 0 0 0 0 0 0 0 0 0 0 0 0 0 0 0 0 0 0 0 0 0 0 0 0 0 0 0 0 0 0 0 0 0 0 0 0 0 0 0 0 0 0 0 0 0 0 0 0 0 0 0 0 0 0 0 0 0 0 0 0 0 0 0 0 0 0 0 0 0 0 0 0 0 0 0 0 0 0 0 0 0 0 0 0 0 0 0 0 0 0 0 0 0 0 0 0 0 0 0 0 0 0 0 0 0 0 0 0 0 0 0 0 0 0 0 0 0 0 0 0 0 0 0 0 0 0 0 0 0 0 0 0 0 0 0 0 0 0 0 0 0 0 0 0 0 0 0 0 0 0 0 0 0 0 0 0 0 0 0 0 0 0 0 0 0 0 0 0 0 0 0 0 0 0 0 0 0 0 0 0 0 0 0 0 0 0 0 0 0 0 0 0 0 0 0 0 0 0 0 0 0 0 0 0 0 0 0 0 0 0 0 0 0 0 0 0 0 0 0 0 0 0 0 0 0 0 0 0 0 0 0 0 0 0 0 0 0 0 0 0 0 0 0 0 0 0 0 0 0 0 0 0 0 0 0 0 0 0 0 0 0 0 0 0 0 0 0 0 0 0 0 0 0 0 0 0 0 0 0 0 0 0 0 0 0 0 0 0 0 0 0 0 0 0 0 0 0 0 0 0 0 0 0 0 0 0 0 0 0 0 0 0 0 0 0 0 0 0 0 0 0 0 0 0 0 0 0 0 0 0 0 0 0 0 0 0 0 0 0 0 0 0 0 0 0 0 0 0 0 0 0 0 0 0 0 0 0 0 0 0 0 0 0 0 0 0 0 0 0 0 0 0 0 0 0 0 0 0 0 0 0 0 0 0 0 0 0 0 0 0 0 0 0 0 0 0 0 0 0 0 0 0 0 0 0 0 0 0 0 0 0 0 0 0 0 0 0 0 0 0 0 0 0 0 0 0 0 0 0 0 0 0 0 0 0 0 0 0 0 0 0 0 0 0 0 0 0 0 0 0 0 0 0 0 0 0 0 0 0 0 0 0 0 0 0 0 0 0 0 0 0 0 0 0 0 0 0 0 0 0 0 0 0 0 0 0 0 0 0 0 0 0 0 0 0 0 0 0 0 0 0 0 0 0 0 0 0 0 0 0 0 0 0 0 0 0 0 0 0 0 0 0 0 0 0 0 0 0 0 0 0 0 0 0 0 0 0 0 0 0 0 0 0 0 0 0 0 0 0 0 0 0 0 0 0 0 0 0 0 0 0 0 0 0 0 0 0 0 0 0 0 0 0 0 0 0 0 0 0 0 0 0 0 0 0 0 0 0 0 0 0 0 0 0 0 0 0 0 0 0 0 0 0 0 0 0 0 0 0 0 0 0 0 0 0 0 0 0 0 0 0 0 0 0 0 0 0 0 0 0 0 0 0 0 0 0 0 0 0 0 0 0 0 0 0 0 0 0 0 0 0 0 0 0 0 0 0 0 0 0 0 0 0 0 0 0 0 0 0 0 0 0 0 0 0 0 0 0 0 0 0 0 0 0 0 0 0 0 0 0 0 0 0 0 0 0 0 0 0 0 0 0 0 0 0 0 0 0 0 0 0 0 0 0 0 0 0 0 0 0 0 0 0 0 0 0 0 0 0 0 0 0 0 0 0 0 0 0 0 0 0 0 0 0 0 0 0 0 0 0 0 0 0 0 0 0 0 0 0 0 0 0 0 0 0 0 0 0 0 0 0 0 0 0 0 0 0 0 0 0 0 0 0 0 0 0 0 0 0 0 0 0 0 0 0 0 0 0 0 0 0 0 0 0 0 0 0 0 0 0 0 0 0 0 0 0 0 0 0 0 0 0 0 0 0 0 0 0 0 0 0 0 0 0 0 0 0 0 0 0 0 0 0 0 0 0 0 0 0 0 0 0 0 0 0 0 0 0 0 0 0 0 0 0 0 0 0 0 0 0 0 0 0 0 0 0 0 0 0 0 0 0 0 0 0 0 0 0 0 0 0 0 0 0 0 0 0 0 0 0 0 0 0 0 0 0 0 0 0 0 0 0 0 0 0 0 0 0 0 0 0 0 0 0 0 0 0 0 0 0 0 0 0 0 0 0 0 0 0 0 0 0 0 0 0 0 0 0 0 0 0 0 0 0 0 0 0 0 0 0 0 0 0 0 0 0 0 0 0 0 0 0 0 0 0 0 0 0 0 0 0 0 0 0 0 0 0 0 0 0 0 0 0 0 0 0 0 0 0 0 0 0 0 0 0 0 0 0 0 0 0 0 0 0 0 0 0 0 0 0 0 0 0 0 0 0 0 0 0 0 0 0 0 0 0 0 0 0 0 0 0 0 0 0 0 0 0 0 0 0 0 0 0 0 0 0 0 0 0 0 0 0 0 0 0 0 0 0 0 0 0 0 0 0 0 0 0 0 0 0 0 0 0 0 0 0 0 0 0 0 0 0 0 0 0 0 0 0 0 0 0 0 0 0 0 0 0 0 0 0 0 0 0 0 0 0 0 0 0 0 0 0 0 0 0 0 0 0 0 0 0 0 0 0 0 0 0 0 0 0 0 0 0 0 0 0 0 0 0 0 0 0 0 0 0 0 0 0 0 0 0 0 0 0 0 0 0 0 0 0 0 0 0 0 0 0 0 0 0 0 0 0 0 0 0 0 0 0 0 0 0 0 0 0 0 0 0 0 0 0 0 0 0 0 0 0 0 0 0 0 0 0 0 0 0 0 0 0 0 0 0 0 0 0 0 0 0 0 0 0 0 0 0 0 0 0 0 0 0 0 0 0 0 0 0 0 0 0 0 0 0 0 0 0 0 0 0 0 0 0 0 0 0 0 0 0 0 0 0 0 0 0 0 0 0 0 0 0 0 0 0 0 0 0 0 0 0 0 0 0 0 0 0 0 0 0 0 0 0 0 0 0 0 0 0 0 0 0 0 0 0 0 0 0 0 0 0 0 0 0 0 0 0 0 0 0 0 0 0 0 0 0 0 0 0 0 0 0 0 0 0 0 0 0 0 0 0 0 0 0 0 0 0 0 0 0 0 0 0 0 0 0 0 0 0 0 0 0 0 0 0 0 0 0 0 0 0 0 0 0 0 0 0 0 0 0 0 0 0 0 0 0 0 0 0 0 0 0 0 0 0 0 0 0 0 0 0 0 0 0 0 0 0 0 0 0 0 0 0 0 0 0 0 0 0 0 0 0 0 0 0 0 0 0 0 0 0 0 0 0 0 0 0 0 0 0 0 0 0 0 0 0 0 0 0 0 0 0 0 0 0 0 0 0 0 0 0 0 0 0 0 0 0 0 0 0 0 0 0 0 0 0 0 0 0 0 0 0 0 0 0 0 0 0 0 0 0 0 0 0 0 0 0 0 0 0 0 0 0 0 0 0 0 0 0 0 0 0 0 0 0 0 0 0 0 0 0 0 0 0 0 0 0 0 0 0 0 0 0 0 0 0 0 0 0 0 0 0 0 0 0 0 0 0 0 0 0 0 0 0 0 0 0 0 0 0 0 0 0 0 0 0 0 0 0 0 0 0 0 0 0 0 0 0 0 0 0 0 0 0 0 0 0 0 0 0 0 0 0 0 0 0 0 0 0 0 0 0 0 0 0 0 0 0 0 0 0 0 0 0 0 0 0 0 0 0 0 0 0 0 0 0 0 0 0 0 0 0 0 0 0 0 0 0 0 0 0 0 0 0 0 0 0 0 0 0.7210299 0.5 0.7203918 0.5 0.7203919 0.5 0 0 0 0 0 0 0 0 0 0 0 0 0 0 0 0 0 0 0 0 0 0 0 0 0 0 0 0 0 0 0 0 0 0 0 0 0 0 0 0 0 0 0 0 0 0 0 0 0 0 0 0 0 0 0 0 0 0 0 0 0 0 0 0 0 0 0 0 0 0 0 0 0 0 0 0 0 0 0 0 0 0 0 0 0 0 0 0 0 0 0 0 0 0 0 0 0 0 0 0 0 0 0 0 0 0 0 0 0 0 0 0 0 0 0 0 0 0 0 0 0 0 0 0 0 0 0 0 0 0 0 0 0 0 0 0 0 0 0 0 0 0 0 0 0 0 0 0 0 0 0 0 0 0 0 0 0 0 0 0 0 0 0 0 0 0 0 0 0 0 0 0 0 0 0 0 0 0 0 0 0 0 0 0 0 0 0 0 0 0 0 0 0 0 0 0 0 0 0 0 0 0 0 0 0 0 0 0 0 0 0 0 0 0 0 0 0 0 0 0 0 0 0 0 0 0 0 0 0 0 0 0 0 0 0 0 0 0 0 0 0 0 0 0 0 0 0 0 0 0 0 0 0 0 0 0 0 0 0 0 0 0 0 0 0 0 0 0 0 0 0 0 0 0 0 0 0 0 0 0 0 0 0 0 0 0 0 0 0 0 0 0 0 0 0 0 0 0 0 0 0 0 0 0 0 0 0.72375 0.5 0.77625 0.5 0.72375 0.5 0 0 0 0 0 0 0 0 0 0 0 0 0 0 0 0 0 0 0 0 0 0 0 0 0 0 0 0 0 0 0 0 0 0 0 0 0 0 0 0 0 0 0 0 0 0 0 0 0 0 0 0 0 0 0 0 0 0 0 0 0 0 0 0 0 0 0 0 0 0 0 0 0 0 0 0 0 0 0 0 0 0 0 0 0 0 0 0 0 0 0 0 0 0 0 0 0 0 0 0 0 0 0 0 0 0 0 0 0 0 0 0 0 0 0 0 0 0 0 0 0 0 0 0 0 0 0 0 0 0 0 0 0 0 0 0 0 0 0 0 0 0 0 0 0 0 0 0 0 0 0 0 0 0 0 0 0 0 0 0 0 0 0 0 0 0 0 0 0 0 0 0 0 0 0 0 0 0 0 0 0 0 0 0 0 0 0 0 0 0 0 0 0 0 0 0 0 0 0 0 0 0 0 0 0 0 0 0 0 0 0 0 0 0 0 0 0 0 0 0 0 0 0 0 0 0 0 0 0 0 0 0 0 0 0 0 0 0 0 0 0 0 0 0 0 0 0 0 0 0 0 0 0 0 0 0 0 0 0 0 0 0 0 0 0 0 0 0 0 0 0 0 0 0 0 0 0 0 0 0 0 0 0 0 0 0 0 0 0 0 0 0 0 0 0 0 0 0 0 0 0 0 0 0 0 0 0 0 0 0 0 0 0 0 0 0 0 0 0 0 0 0 0 0 0 0 0 0 0 0 0 0 0 0 0 0 0 0 0 0 0 0 0 0 0 0 0 0 0 0 0 0 0 0 0 0 0 0 0 0 0 0 0 0 0 0 0 0 0 0 0 0 0 0 0 0 0 0 0 0 0 0 0 0 0 0 0 0 0 0 0 0 0 0 0 0 0 0 0 0 0 0 0 0 0 0 0 0 0 0 0 0 0 0 0 0 0 0 0 0 0 0 0 0 0 0 0 0 0 0 0 0 0 0 0 0 0 0 0 0 0 0 0 0 0 0 0 0 0 0 0 0 0 0 0 0 0 0 0 0 0 0 0 0 0 0 0 0 0 0 0 0 0 0 0 0 0 0 0 0 0 0 0 0 0 0 0 0 0 0 0 0 0 0 0 0 0 0 0 0 0 0 0 0 0 0 0 0 0 0 0 0 0 0 0 0 0 0 0 0 0 0 0 0 0 0 0 0 0 0 0 0 0 0 0 0 0 0 0 0 0 0 0 0 0 0 0 0 0 0 0 0 0 0 0 0 0 0 0 0 0 0 0 0 0 0 0 0 0 0 0 0 0 0 0 0 0 0 0 0 0 0 0 0 0 0 0 0 0 0 0 0 0 0 0 0 0 0 0 0 0 0 0 0 0 0 0 0 0 0 0 0 0 0 0 0 0 0 0 0 0 0 0 0 0 0 0 0 0 0 0 0 0 0 0 0 0 0 0 0 0 0 0 0 0 0 0 0 0 0 0 0 0 0 0 0 0 0 0 0 0 0 0 0 0 0 0 0 0 0 0 0 0 0 0 0 0 0 0 0 0 0 0 0 0 0 0 0 0 0 0 0 0 0 0 0 0 0 0 0 0 0 0 0 0 0 0 0 0 0 0 0 0 0 0 0 0 0 0 0 0 0 0 0 0 0 0 0 0 0 0 0 0 0 0 0 0 0 0 0 0 0 0 0 0 0 0 0 0 0 0 0 0 0 0 0 0 0 0 0 0 0 0 0 0 0 0 0 0 0 0 0 0 0 0 0 0 0 0 0 0 0 0 0 0 0 0 0 0 0 0 0 0 0 0 0 0 0 0 0 0 0 0 0 0 0 0 0 0 0 0 0 0 0 0 0 0 0 0 0 0 0 0 0 0 0 0 0 0 0 0 0 0 0 0 0 0 0 0 0 0 0 0 0 0 0 0 0 0 0 0 0 0 0 0 0 0 0 0 0 0 0 0 0 0 0 0 0 0 0 0 0 0 0 0 0 0 0 0 0 0 0 0 0 0 0 0 0 0 0 0 0 0 0 0 0 0 0 0 0 0 0 0 0 0 0 0 0 0 0 0 0 0 0 0 0 0 0 0 0 0 0 0 0 0 0 0 0 0 0 0 0 0 0 0 0 0 0 0 0 0 0 0 0 0 0 0 0 0 0 0 0 0 0 0 0 0 0 0 0 0 0 0 0 0 0 0 0 0 0 0 0 0 0 0 0 0 0 0 0 0 0 0 0 0 0 0 0 0 0 0 0 0 0 0 0 0 0 0 0 0 0 0 0 0 0 0 0 0 0 0 0 0 0 0 0 0 0 0 0 0 0 0 0 0 0 0 0 0 0 0 0 0 0 0 0 0 0 0 0 0 0 0 0 0 0 0 0 0 0 0 0 0 0 0 0 0 0 0 0 0 0 0 0 0 0 0 0 0 0 0 0 0 0 0 0 0 0 0 0 0 0 0 0 0 0 0 0 0 0 0 0 0 0 0 0 0 0 0 0 0 0 0 0 0 0 0 0 0 0 0 0 0 0 0 0 0 0 0 0 0 0 0 0 0 0 0 0 0 0 0 0 0 0 0 0 0 0 0 0 0 0 0 0 0 0 0 0 0 0 0 0 0 0 0 0 0 0 0 0 0 0 0 0 0 0 0 0 0 0 0 0 0 0 0 0 0 0 0 0 0 0 0 0 0 0 0 0 0 0 0 0 0 0 0 0 0 0 0 0 0 0 0 0 0 0 0 0 0 0 0 0 0 0 0 0 0 0 0 0 0 0 0 0 0 0 0 0 0 0 0 0 0 0 0 0 0 0 0 0 0 0 0 0 0 0 0 0 0 0 0 0 0 0 0 0 0 0 0 0 0 0 0 0 0 0 0 0 0 0 0 0 0 0 0 0 0 0 0 0 0 0 0 0 0 0 0 0 0 0 0 0 0 0 0 0 0 0 0 0 0 0 0 0 0 0 0 0 0 0 0 0 0 0 0 0 0 0 0 0 0 0 0 0 0 0 0 0 0 0 0 0 0 0 0 0 0 0 0 0 0 0 0 0 0 0 0 0 0 0 0 0 0 0 0 0 0 0 0 0 0 0 0 0 0 0 0 0 0 0 0 0 0 0 0 0 0 0 0 0 0 0 0 0 0 0 0 0 0 0 0 0 0 0 0 0 0 0 0 0 0 0 0 0 0 0 0 0 0 0 0 0 0 0 0 0 0 0 0 0 0 0 0 0 0 0 0 0 0 0 0 0 0 0 0 0 0 0 0 0 0 0 0 0 0 0 0 0 0 0 0 0 0 0 0 0 0 0 0 0 0 0 0 0 0 0 0 0 0 0 0 0 0 0 0 0 0 0 0 0 0 0 0 0 0 0 0 0 0 0 0 0 0 0 0 0 0 0 0 0 0 0 0 0 0 0 0 0 0 0 0 0 0 0 0 0 0 0 0 0 0 0 0 0 0 0 0 0 0 0 0 0 0 0 0 0 0 0 0 0 0 0 0 0 0 0 0 0 0 0 0 0 0 0 0 0 0 0 0 0 0 0 0 0 0 0 0 0 0 0 0 0 0 0 0 0 0 0 0 0 0 0 0 0 0 0 0 0 0 0 0 0 0 0 0 0 0 0 0 0 0 0 0 0 0 0 0 0 0 0 0 0 0 0 0 0 0 0 0 0 0 0 0 0 0 0 0 0 0 0 0 0 0 0 0 0 0 0 0 0 0 0 0 0 0 0 0 0 0 0 0 0 0 0 0 0 0 0 0 0 0 0 0 0 0 0 0 0 0 0 0 0 0 0 0 0 0 0 0 0 0 0 0 0 0 0 0 0 0 0 0 0 0 0 0 0 0 0 0 0 0 0 0 0 0 0 0 0 0 0 0 0 0 0 0 0 0 0 0 0 0 0 0 0 0 0 0 0 0 0 0 0 0 0 0 0 0 0 0 0 0 0 0 0 0 0 0 0 0 0 0 0 0 0 0 0 0 0 0 0 0 0 0 0 0 0 0 0 0 0 0 0 0 0 0 0 0 0 0 0 0 0 0 0 0 0 0 0 0 0 0 0 0 0 0 0 0 0 0 0 0 0 0 0 0 0 0 0 0 0 0 0 0 0 0 0 0 0 0 0 0 0 0 0 0 0 0 0 0 0 0 0 0 0 0 0 0 0 0 0 0 0 0 0 0 0 0 0 0 0 0 0 0 0 0 0 0 0 0 0 0 0 0 0 0 0 0 0 0 0 0 0 0 0 0 0 0 0 0 0 0 0 0 0 0 0 0 0 0 0 0 0 0 0 0 0 0 0 0 0 0 0 0 0 0 0 0 0 0 0 0 0 0 0 0 0 0 0 0 0 0 0 0 0 0 0 0 0 0 0 0 0 0 0 0 0 0 0 0 0 0 0 0 0 0 0 0 0 0 0 0 0 0 0 0 0 0 0 0 0 0 0 0 0 0 0 0 0 0 0 0 0 0 0 0 0 0 0 0 0 0 0 0 0 0 0 0 0 0 0 0 0 0 0 0 0 0 0 0 0 0 0 0 0 0 0 0 0 0 0 0 0 0 0 0 0 0 0 0 0 0 0 0 0 0 0 0 0 0 0 0 0 0 0 0 0 0 0 0 0 0 0 0 0 0 0 0 0 0 0 0 0 0 0 0 0 0 0 0 0 0 0 0 0 0 0 0 0 0 0 0 0 0 0 0 0 0 0 0 0 0 0 0 0 0 0 0 0 0 0 0 0 0 0 0 0 0 0 0 0 0 0 0 0 0 0 0 0 0 0 0 0 0 0 0 0 0 0 0 0 0 0 0 0 0 0 0 0 0 0 0 0 0 0 0 0 0 0 0 0 0 0 0 0 0 0 0 0 0 0 0 0 0 0 0 0 0 0 0 0 0 0 0 0 0 0 0 0 0 0 0 0 0 0 0 0 0 0 0 0 0 0 0 0 0 0 0 0 0 0 0 0 0 0 0 0 0 0 0 0 0 0 0 0 0 0 0 0 0 0 0 0 0 0 0 0 0 0 0 0 0 0 0 0 0 0 0 0 0 0 0 0 0 0 0 0 0 0 0 0 0 0 0 0 0 0 0 0 0 0 0 0 0 0 0 0 0 0 0 0 0 0 0 0 0 0 0 0 0 0 0 0 0 0 0 0 0 0 0 0 0 0 0 0 0 0 0 0 0 0 0 0 0 0 0 0 0 0 0 0 0 0 0 0 0 0 0 0 0 0 0 0 0 0 0 0 0 0 0 0 0 0 0 0 0 0 0 0 0 0 0 0 0 0 0 0 0 0 0 0 0 0 0 0 0 0 0 0 0 0 0 0 0 0 0 0 0 0 0 0 0 0 0 0 0 0 0 0 0 0 0 0 0 0 0 0 0 0 0 0 0 0 0 0 0 0 0 0 0 0 0 0 0 0 0 0 0 0 0 0 0 0 0 0 0 0 0 0 0 0 0 0 0 0 0 0 0 0 0 0 0 0 0 0 0 0 0 0 0 0 0 0 0 0 0 0 0 0 0 0 0 0 0 0 0 0 0 0 0 0 0 0 0 0 0 0 0 0 0 0 0 0 0 0 0 0 0 0 0 0 0 0 0 0 0 0 0 0 0 0 0 0 0 0 0 0 0 0 0 0 0 0 0 0 0 0 0 0 0 0 0 0 0 0 0 0 0 0 0 0 0 0 0 0 0 0 0 0 0 0 0 0 0 0 0 0 0 0 0 0 0 0 0 0 0 0 0 0 0 0 0 0 0 0 0 0 0 0 0 0 0 0 0 0 0 0 0 0 0 0 0 0 0 0 0 0 0 0 0 0 0 0 0 0 0 0 0 0 0 0 0 0 0 0 0 0 0 0 0 0 0 0 0 0 0 0 0 0 0 0 0 0 0 0 0 0 0 0 0 0 0 0 0 0 0 0 0 0 0 0 0 0 0 0 0 0 0 0 0 0 0 0 0 0 0 0 0 0 0 0 0 0 0 0 0 0 0 0 0 0 0 0 0 0 0 0 0 0 0 0 0 0 0 0 0 0 0 0 0 0 0 0 0 0 0 0 0 0 0 0 0 0 0 0 0 0 0 0 0 0 0 0 0 0 0 0 0 0 0 0 0 0 0 0 0 0 0 0 0 0 0 0 0 0 0 0 0 0 0 0 0 0 0 0 0 0 0 0 0 0 0 0 0 0 0 0 0 0 0 0 0 0 0 0 0 0 0 0 0 0 0 0 0 0 0 0 0 0 0 0 0 0 0 0 0 0 0 0 0 0 0 0 0 0 0 0 0 0 0 0 0 0 0 0 0 0 0 0 0 0 0 0 0 0 0 0 0 0 0 0 0 0 0 0 0 0 0 0 0 0 0 0 0 0 0 0 0 0 0 0 0 0 0 0 0 0 0 0 0 0 0 0 0 0 0 0 0 0 0 0 0 0 0 0 0 0 0 0 0 0 0 0 0 0 0 0 0 0 0 0 0 0 0 0 0 0 0 0 0 0 0 0 0 0 0 0 0 0 0 0 0 0 0 0 0 0 0 0 0 0 0 0 0 0 0 0 0 0 0 0 0 0 0 0 0 0 0 0 0 0 0 0 0 0 0 0 0 0 0 0 0 0 0 0 0 0 0 0 0 0 0 0 0 0 0 0 0 0 0 0 0 0 0 0 0 0 0 0 0 0 0 0 0 0 0 0 0 0 0 0 0 0 0 0 0 0 0 0 0 0 0 0 0 0 0 0 0 0 0 0 0 0 0 0 0 0 0 0 0 0 0 0 0 0 0 0 0 0 0 0 0 0 0 0 0 0 0 0 0 0 0 0 0 0 0 0 0 0 0 0 0 0 0 0 0 0 0 0 0 0 0 0 0 0 0 0 0 0 0 0 0 0 0 0 0 0 0 0 0 0 0 0 0 0 0 0 0 0 0 0 0 0 0 0 0 0 0 0 0 0 0 0 0 0 0 0 0 0 0 0 0 0 0 0 0 0 0 0 0 0 0 0 0 0 0 0 0 0 0 0 0 0 0 0 0 0 0 0 0 0 0 0 0 0 0 0 0 0 0 0 0 0 0 0 0 0 0 0 0 0 0 0 0 0 0 0 0 0 0 0 0 0 0 0 0 0 0 0 0 0 0 0 0 0 0 0 0 0 0 0 0 0 0 0 0 0 0 0 0 0 0 0 0 0 0 0 0 0 0 0 0 0 0 0 0 0 0 0 0 0 0 0 0 0 0 0 0 0 0 0 0 0 0 0 0 0 0 0 0 0 0 0 0 0 0 0 0 0 0 0 0 0 0 0 0 0 0 0 0 0 0 0 0 0 0 0 0 0 0 0 0 0 0 0 0 0 0 0 0 0 0 0 0 0 0 0 0 0 0 0 0 0 0 0 0 0 0 0 0 0 0 0 0 0 0 0 0 0 0 0 0 0 0 0 0 0 0 0 0 0 0 0 0 0 0 0 0 0 0 0 0 0 0 0 0 0 0 0 0 0 0 0 0 0 0 0 0 0 0 0 0 0 0 0 0 0 0 0 0 0 0 0 0 0 0 0 0 0 0 0 0 0 0 0 0 0 0 0 0 0 0 0 0 0 0 0 0 0 0 0 0 0 0 0 0 0 0 0 0 0 0 0 0 0 0 0 0 0 0 0 0 0 0 0 0 0 0 0 0 0 0 0 0 0 0 0 0 0 0 0 0 0 0 0 0 0 0 0 0 0 0 0 0 0 0 0 0 0 0 0 0 0 0 0 0 0 0 0 0 0 0 0 0 0 0 0 0 0 0 0 0 0 0 0 0 0 0 0 0 0 0 0 0 0 0 0 0 0 0 0 0 0 0 0 0 0 0 0 0 0 0 0 0 0 0 0 0 0 0 0 0 0 0 0 0 0 0 0 0 0 0 0 0 0 0 0 0 0 0 0 0 0 0 0 0 0 0 0 0 0 0 0 0 0 0 0 0 0 0 0 0 0 0 0 0 0 0 0 0 0 0 0 0 0 0 0 0 0 0 0 0 0 0 0 0 0 0 0 0 0 0 0 0 0 0 0 0 0 0 0 0 0 0 0 0 0 0 0 0 0 0 0 0 0 0 0 0 0 0 0 0 0 0 0 0 0 0 0 0 0 0 0 0 0 0 0 0 0 0 0 0 0 0 0 0 0 0 0 0 0 0 0 0 0 0 0 0 0 0 0 0 0 0 0 0 0 0 0 0 0 0 0 0 0 0 0 0 0 0 0 0 0 0 0 0 0 0 0 0 0 0 0 0 0 0 0 0 0 0 0 0 0 0 0 0 0 0 0 0 0 0 0 0 0 0 0 0 0 0 0 0 0 0 0 0 0 0 0 0 0 0 0 0 0 0 0 0 0 0 0 0 0 0 0 0 0 0 0 0 0 0 0 0 0 0 0 0 0 0 0 0 0 0 0 0 0 0 0 0 0 0 0 0 0 0 0 0 0 0 0 0 0 0 0 0 0 0 0 0 0 0 0 0 0 0 0 0 0 0 0 0 0 0 0 0 0 0 0 0 0 0 0 0 0 0 0 0 0 0 0 0 0 0 0 0 0 0 0 0 0 0 0 0 0 0 0 0 0 0 0 0 0 0 0 0 0 0 0 0 0 0 0 0 0 0 0 0 0 0 0 0 0 0 0 0 0 0 0 0 0 0 0 0 0 0 0 0 0 0 0 0 0 0 0 0 0 0 0 0 0 0 0 0 0 0 0 0 0 0 0 0 0 0 0 0 0 0 0 0 0 0 0 0 0 0 0 0 0 0 0 0 0 0 0 0 0 0 0 0 0 0 0 0 0 0 0 0 0 0 0 0 0 0 0 0 0 0 0 0 0 0 0 0 0 0 0 0 0 0 0 0 0 0 0 0 0 0 0 0 0 0 0 0 0 0 0 0 0 0 0 0 0 0 0 0 0 0 0 0 0 0 0 0 0 0 0 0 0 0 0 0 0 0 0 0 0 0 0 0 0 0 0 0 0 0 0 0 0 0 0 0 0 0 0 0 0 0 0 0 0 0 0 0 0 0 0 0 0 0 0 0 0 0 0 0 0 0 0 0 0 0 0 0 0 0 0 0 0 0 0 0 0 0 0 0 0 0 0 0 0 0 0 0 0 0 0 0 0 0 0 0 0 0 0 0 0 0 0 0 0 0 0 0 0 0 0 0 0 0 0 0 0 0 0 0 0 0 0 0 0 0 0 0 0 0 0 0 0 0 0 0 0 0 0 0 0 0 0 0 0 0 0 0 0 0 0 0 0 0 0 0 0 0 0 0 0 0 0 0 0 0 0 0 0 0 0 0 0 0 0 0 0 0 0 0 0 0 0 0 0 0 0 0 0 0 0 0 0 0 0 0 0 0 0 0 0 0 0 0 0 0 0 0 0 0 0 0 0 0 0 0 0 0 0 0 0 0 0 0 0 0 0 0 0 0 0 0 0 0 0 0 0 0 0 0 0 0 0 0 0 0 0 0 0 0 0 0 0 0 0 0 0 0 0 0 0 0 0 0 0 0 0 0 0 0 0 0 0 0 0 0 0 0 0 0 0 0 0 0 0 0 0 0 0 0 0 0 0 0 0 0 0 0 0 0 0 0 0 0 0 0 0 0 0 0 0 0 0 0 0 0 0 0 0 0 0 0 0 0 0 0 0 0 0 0 0 0 0 0 0 0 0 0 0 0 0 0 0 0 0 0 0 0 0 0 0 0 0 0 0 0 0 0 0 0 0 0 0 0 0 0 0 0 0 0 0 0 0 0 0 0 0 0 0 0 0 0 0 0 0 0 0 0 0 0 0 0 0 0 0 0 0 0 0 0 0 0 0 0 0 0 0 0 0 0 0 0 0 0 0 0 0 0 0 0 0 0 0 0 0 0 0 0 0 0 0 0 0 0 0 0 0 0 0 0 0 0 0 0 0 0 0 0 0 0 0 0 0 0 0 0 0 0 0 0 0 0 0 0 0 0 0 0 0 0 0 0 0 0 0 0 0 0 0 0 0 0 0 0 0 0 0 0 0 0 0 0 0 0 0 0 0 0 0 0 0 0 0 0 0 0 0 0 0 0 0 0 0 0 0 0 0 0 0 0 0 0 0 0 0 0 0 0 0 0 0 0 0 0 0 0 0 0 0 0 0 0 0 0 0 0 0 0 0 0 0 0 0 0 0 0 0 0 0 0 0 0 0 0 0 0 0 0 0 0 0 0 0 0 0 0 0 0 0 0 0 0 0 0 0 0 0 0 0 0 0 0 0 0 0 0 0 0 0 0 0 0 0 0 0 0 0 0 0 0 0 0 0 0 0 0 0 0 0 0 0 0 0 0 0 0 0 0 0 0 0 0 0 0 0 0 0 0 0 0 0 0 0 0 0 0 0 0 0 0 0 0 0 0 0 0 0 0 0 0 0 0 0 0 0 0 0 0 0 0 0 0 0 0 0 0 0 0 0 0 0 0 0 0 0 0 0 0 0 0 0 0 0 0 0 0 0 0 0 0 0 0 0 0 0 0 0 0 0 0 0 0 0 0 0 0 0 0 0 0 0 0 0 0 0 0 0 0 0 0 0 0 0 0 0 0 0 0 0 0 0 0 0 0 0 0 0 0 0 0 0 0 0 0 0 0 0 0 0 0 0 0 0 0 0 0 0 0 0 0 0 0 0 0 0 0 0 0 0 0 0 0 0 0 0 0 0 0 0 0 0 0 0 0 0 0 0 0 0 0 0 0 0 0 0 0 0 0 0 0 0 0 0 0 0 0 0 0 0 0 0 0 0 0 0 0 0 0 0 0 0 0 0 0 0 0 0 0 0 0 0 0 0 0 0 0 0 0 0 0 0 0 0 0 0 0 0 0 0 0 0 0 0 0 0 0 0 0 0 0 0 0 0 0 0 0 0 0 0 0 0 0 0 0 0 0 0 0 0 0 0 0 0 0 0 0 0 0 0 0 0 0 0 0 0 0 0 0 0 0 0 0 0 0 0 0 0 0 0 0 0 0 0 0 0 0 0 0 0 0 0 0 0 0 0 0 0 0 0 0 0 0 0 0 0 0 0 0 0 0 0 0 0 0 0 0 0 0 0 0 0 0 0 0 0 0 0 0 0 0 0 0 0 0 0 0 0 0 0 0 0 0 0 0 0 0 0 0 0 0 0 0 0 0 0 0 0 0 0 0 0 0 0 0 0 0 0 0 0 0 0 0 0 0 0 0 0 0 0 0 0 0 0 0 0 0 0 0 0 0 0 0 0 0 0 0 0 0 0 0 0 0 0 0 0 0 0 0 0 0 0 0 0 0 0 0 0 0 0 0 0 0 0 0 0 0 0 0 0 0 0 0 0 0 0 0 0 0 0 0 0 0 0 0 0 0 0 0 0 0 0 0 0 0 0 0 0 0 0 0 0 0 0 0 0 0 0 0 0 0 0 0 0 0 0 0 0 0 0 0 0 0 0 0 0 0 0 0 0 0 0 0 0 0 0 0 0 0 0 0 0 0 0 0 0 0 0 0 0 0 0 0 0 0 0 0 0 0 0 0 0 0 0 0 0 0 0 0 0 0 0 0 0 0 0 0 0 0 0 0 0 0 0 0 0 0 0 0 0 0 0 0 0 0 0 0 0 0 0 0 0 0 0 0 0 0 0 0 0 0 0 0 0 0 0 0 0 0 0 0 0 0 0 0 0 0 0 0 0 0 0 0 0 0 0 0 0 0 0 0 0 0 0 0 0 0 0 0 0 0 0 0 0 0 0 0 0 0 0 0 0 0 0 0 0 0 0 0 0 0 0 0 0 0 0 0 0 0 0 0 0 0 0 0 0 0 0 0 0 0 0 0 0 0 0 0 0 0 0 0 0 0 0 0 0 0 0 0 0 0 0 0 0 0 0 0 0 0 0 0 0 0 0 0 0 0 0 0 0 0 0 0 0 0 0 0 0 0 0 0 0 0 0 0 0 0 0 0 0 0 0 0 0 0 0 0 0 0 0 0 0 0 0 0 0 0 0 0 0 0 0 0 0 0 0 0 0 0 0 0 0 0 0 0 0 0 0 0 0 0 0 0 0 0 0 0 0 0 0 0 0 0 0 0 0 0 0 0 0 0 0 0 0 0 0 0 0 0 0 0 0 0 0 0 0 0 0 0 0 0 0 0 0 0 0 0 0 0 0 0 0 0 0 0 0 0 0 0 0 0 0 0 0 0 0 0 0 0 0 0 0 0 0 0 0 0 0 0 0 0 0 0 0 0 0 0 0 0 0 0 0 0 0 0 0 0 0 0 0 0 0 0 0 0 0 0 0 0 0 0 0 0 0 0 0 0 0 0 0 0 0 0 0 0 0 0 0 0 0 0 0 0 0 0 0 0 0 0 0 0 0 0 0 0 0 0 0 0 0 0 0 0 0 0 0 0 0 0 0 0 0 0 0 0 0 0 0 0 0 0 0 0 0 0 0 0 0 0 0 0 0 0 0 0 0 0 0 0 0 0 0 0 0 0 0 0 0 0 0 0 0 0 0 0 0 0 0 0 0 0 0 0 0 0 0 0 0 0 0 0 0 0 0 0 0 0 0 0 0 0 0 0 0 0 0 0 0 0 0 0 0 0 0 0 0 0 0 0 0 0 0 0 0 0 0 0 0 0 0 0 0 0 0 0 0 0 0 0 0 0 0 0 0 0 0 0 0 0 0 0 0 0 0 0 0 0 0 0 0 0 0 0 0 0 0 0 0 0 0 0 0 0 0 0 0 0 0 0 0 0 0 0 0 0 0 0 0 0 0 0 0 0 0 0 0 0 0 0 0 0 0 0 0 0 0 0 0 0 0 0 0 0 0 0 0 0 0 0 0 0 0 0 0 0 0 0 0 0 0 0 0 0 0 0 0 0 0 0 0 0 0 0 0 0 0 0 0 0 0 0 0 0 0 0 0 0 0 0 0 0 0 0 0 0 0 0 0 0 0 0 0 0 0 0 0 0 0 0 0 0 0 0 0 0 0 0 0 0 0 0 0 0 0 0 0 0 0 0 0 0 0 0 0 0 0 0 0 0 0 0 0 0 0 0 0 0 0 0 0 0 0 0 0 0 0 0 0 0 0 0 0 0 0 0 0 0 0 0 0 0 0 0 0 0 0 0 0 0 0 0 0 0 0 0 0 0 0 0 0 0 0 0 0 0 0 0 0 0 0 0 0 0 0 0 0 0 0 0 0 0 0 0 0 0 0 0 0 0 0 0 0 0 0 0 0 0 0 0 0 0 0 0 0 0 0 0 0 0 0 0 0 0 0 0 0 0 0 0 0 0 0 0 0 0 0 0 0 0 0 0 0 0 0 0 0 0 0 0 0 0 0 0 0 0 0 0 0 0 0 0 0 0 0 0 0 0 0 0 0 0 0 0 0 0 0 0 0 0 0 0 0 0 0 0 0 0 0 0 0 0 0 0 0 0 0 0 0 0 0 0 0 0 0 0 0 0 0 0 0 0 0 0 0 0 0 0 0 0 0 0 0 0 0 0 0 0 0 0 0 0 0 0 0 0 0 0 0 0 0 0 0 0 0 0 0 0 0 0 0 0 0 0 0 0 0 0 0 0 0 0 0 0 0 0 0 0 0 0 0 0 0 0 0 0 0 0 0 0 0 0 0 0 0 0 0 0 0 0 0 0 0 0 0 0 0 0 0 0 0 0 0 0 0 0 0 0 0 0 0 0 0 0 0 0 0 0 0 0 0 0 0 0 0 0 0 0 0 0 0 0.260859 0.5 0.2796834 0.5 0.2402917 0.5000001 0 0 0 0 0 0 0 0 0 0 0 0 0 0 0 0 0 0 0 0 0 0 0 0 0 0 0 0 0 0 0 0 0 0 0 0 0 0 0 0 0 0 0 0 0 0 0 0 0 0 0 0 0 0 0 0 0 0 0 0 0 0 0 0 0 0 0 0 0 0 0 0 0 0 0 0 0 0 0 0 0 0 0 0 0 0 0 0 0 0 0 0 0 0 0 0 0 0 0 0 0 0 0 0 0 0 0 0 0 0 0 0 0 0 0 0 0 0 0 0 0 0 0 0 0 0 0 0 0 0 0 0 0 0 0 0 0 0 0 0 0 0 0 0 0 0 0 0 0 0 0 0 0 0 0 0 0 0 0 0 0 0 0 0 0 0 0 0 0 0 0 0 0 0 0 0 0 0 0 0 0 0 0 0 0 0 0 0 0 0 0 0 0 0 0 0 0 0 0 0 0 0 0 0 0 0 0 0 0 0 0 0 0 0 0 0 0.7796081 0.5 0.7796083 0.5 0.7796083 0.5 0.7203918 0.5 0.7203918 0.5 0.7203919 0.5 0.7203918 0.5 0.720392 0.5 0.7203919 0.5 0.7796081 0.5 0.7796083 0.5 0.7796081 0.5 0.7796083 0.5 0.7796083 0.5 0.7796081 0.5 0.779608 0.5 0.7796081 0.5 0.7796083 0.5 0.7210341 0.5 0.779608 0.5 0.7796083 0.5 0.7210341 0.5 0.7796083 0.5 0.7210299 0.5 0.7203918 0.5 0.7203919 0.5 0.7203919 0.5 0.7203919 0.5 0.7210341 0.5 0.7210299 0.5 0.7203918 0.5 0.7203918 0.5 0.7203919 0.5 0 0 0 0 0 0 0 0 0 0 0 0 0 0 0 0 0 0 0 0 0 0 0 0 0 0 0 0 0 0 0 0 0 0 0 0 0 0 0 0 0 0 0 0 0 0 0 0 0 0 0 0 0 0 0 0 0 0 0 0 0 0 0 0 0 0 0 0 0 0 0 0 0 0 0 0 0 0 0 0 0 0 0 0 0 0 0 0 0 0 0 0 0 0 0 0 0 0 0 0 0 0 0 0 0 0 0 0 0 0 0 0 0 0 0 0 0 0 0 0 0 0 0 0 0 0 0 0 0 0 0 0 0 0 0 0 0 0 0 0 0 0 0 0 0 0 0 0 0 0 0 0 0 0 0 0 0 0 0 0 0 0 0.72375 0.5 0.77625 0.5 0.77625 0.5 0 0 0 0 0 0 0 0 0 0 0 0 0 0 0 0 0 0 0 0 0 0 0 0 0 0 0 0 0 0 0 0 0 0 0 0 0 0 0 0 0 0 0 0 0 0 0 0 0 0 0 0 0 0 0 0 0 0 0 0 0 0 0 0 0 0 0 0 0 0 0 0 0 0 0 0 0 0 0 0 0 0 0 0 0 0 0 0 0 0 0 0 0 0 0 0 0 0 0 0 0 0 0 0 0 0 0 0 0 0 0 0 0 0 0 0 0 0 0 0 0 0 0 0 0 0 0 0 0 0 0 0 0 0 0 0 0 0 0 0 0 0 0 0 0 0 0 0 0 0 0 0 0 0 0 0 0 0 0 0 0 0 0 0 0 0 0 0 0 0 0 0 0 0 0 0 0 0 0 0 0 0 0 0 0 0 0 0 0 0 0 0 0 0 0 0 0 0 0 0 0 0 0 0 0 0 0 0 0 0 0 0 0 0 0 0 0 0 0 0 0 0 0 0 0 0 0 0 0 0 0 0 0 0 0 0 0 0 0 0 0 0 0 0 0 0 0 0 0 0 0 0 0 0 0 0 0 0 0 0 0 0 0 0 0 0 0 0 0 0 0 0 0 0 0 0 0 0 0 0 0 0 0 0 0 0 0 0 0 0 0 0 0 0 0 0 0 0 0 0 0 0 0 0 0 0 0 0 0 0 0 0 0 0 0 0 0 0 0 0 0 0 0 0 0 0 0 0 0 0 0 0 0 0 0 0 0 0 0 0 0 0 0 0 0 0 0 0 0 0 0 0 0 0 0 0 0 0 0 0 0 0 0 0 0 0 0 0 0 0 0 0 0 0 0 0 0 0 0 0 0 0 0 0 0 0 0 0 0 0 0 0 0 0 0 0 0 0 0 0 0 0 0 0 0 0 0 0 0 0 0 0 0 0 0 0 0 0 0 0 0 0 0 0 0 0 0 0 0 0 0 0 0 0 0 0 0 0 0 0 0 0 0 0 0 0 0 0 0 0 0 0 0 0 0 0 0 0 0 0 0 0 0 0 0 0 0 0 0 0 0 0 0 0 0 0 0 0 0 0 0 0 0 0 0 0 0 0 0 0 0 0 0 0 0 0 0 0 0 0 0 0 0 0 0 0 0 0 0 0 0 0 0 0 0 0 0 0 0 0 0 0 0 0 0 0 0 0 0 0 0 0 0 0 0 0 0 0 0 0 0 0 0 0 0 0 0 0 0 0 0 0 0 0 0 0 0 0 0 0 0 0 0 0 0 0 0 0 0 0 0 0 0 0 0 0 0 0 0 0 0 0 0 0 0 0 0 0 0 0 0 0 0 0 0 0 0 0 0 0 0 0 0 0 0 0 0 0 0 0 0 0 0 0 0 0 0 0 0 0 0 0 0 0 0 0 0 0 0 0 0 0 0 0 0 0 0 0 0 0 0 0 0 0 0 0 0 0 0 0 0 0 0 0 0 0 0 0 0 0 0 0 0 0 0 0 0 0 0 0 0 0 0 0 0 0 0 0 0 0 0 0 0 0 0 0 0 0 0 0 0 0 0 0 0 0 0 0 0 0 0 0 0 0 0 0 0 0 0 0 0 0 0 0 0 0 0 0 0 0 0 0 0 0 0 0 0 0 0 0 0 0 0 0 0 0 0 0 0 0 0 0 0 0 0 0 0 0 0 0 0 0 0 0 0 0 0 0 0 0 0 0 0 0 0 0 0 0 0 0 0 0 0 0 0 0 0 0 0 0 0 0 0 0 0 0 0 0 0 0 0 0 0 0 0 0 0 0 0 0 0 0 0 0 0 0 0 0 0 0 0 0 0 0 0 0 0.2402917 0.5000001 0.2203166 0.5 0.2203166 0.5 0.260859 0.5 0.2796834 0.5 0.2796834 0.5 0.2402917 0.5000001 0.2203166 0.5 0.260859 0.5</float_array>
          <technique_common>
            <accessor source="#gelsight-mini-franka-finger-1-v2-mesh-map-0-array" count="7038" stride="2">
              <param name="S" type="float"/>
              <param name="T" type="float"/>
            </accessor>
          </technique_common>
        </source>
        <vertices id="gelsight-mini-franka-finger-1-v2-mesh-vertices">
          <input semantic="POSITION" source="#gelsight-mini-franka-finger-1-v2-mesh-positions"/>
        </vertices>
        <triangles count="2346">
          <input semantic="VERTEX" source="#gelsight-mini-franka-finger-1-v2-mesh-vertices" offset="0"/>
          <input semantic="NORMAL" source="#gelsight-mini-franka-finger-1-v2-mesh-normals" offset="1"/>
          <input semantic="TEXCOORD" source="#gelsight-mini-franka-finger-1-v2-mesh-map-0" offset="2" set="0"/>
          <p>1 0 0 2 0 1 5 0 2 5 1 3 2 1 4 7 1 5 5 2 6 7 2 7 8 2 8 8 3 9 7 3 10 10 3 11 8 4 12 10 4 13 12 4 14 1 5 15 14 5 16 2 5 17 2 6 18 14 6 19 16 6 20 16 7 21 14 7 22 18 7 23 16 8 24 18 8 25 21 8 26 21 9 27 18 9 28 23 9 29 21 10 30 23 10 31 24 10 32 24 11 33 23 11 34 26 11 35 24 12 36 26 12 37 28 12 38 28 13 39 26 13 40 30 13 41 28 14 42 30 14 43 32 14 44 32 15 45 30 15 46 34 15 47 32 16 48 34 16 49 37 16 50 37 17 51 34 17 52 39 17 53 37 18 54 39 18 55 41 18 56 41 19 57 39 19 58 43 19 59 41 20 60 43 20 61 45 20 62 45 21 63 43 21 64 46 21 65 45 22 66 46 22 67 49 22 68 49 23 69 46 23 70 51 23 71 49 24 72 51 24 73 53 24 74 53 25 75 51 25 76 54 25 77 53 26 78 54 26 79 57 26 80 57 27 81 54 27 82 58 27 83 57 28 84 58 28 85 61 28 86 61 29 87 58 29 88 63 29 89 61 30 90 63 30 91 65 30 92 65 31 93 63 31 94 67 31 95 65 32 96 67 32 97 69 32 98 69 33 99 67 33 100 71 33 101 69 34 102 71 34 103 73 34 104 73 35 105 71 35 106 75 35 107 73 36 108 75 36 109 76 36 110 76 37 111 75 37 112 79 37 113 76 38 114 79 38 115 81 38 116 81 39 117 79 39 118 82 39 119 81 40 120 82 40 121 84 40 122 84 41 123 82 41 124 86 41 125 84 42 126 86 42 127 88 42 128 88 43 129 86 43 130 90 43 131 88 44 132 90 44 133 93 44 134 93 45 135 90 45 136 94 45 137 93 46 138 94 46 139 97 46 140 97 47 141 94 47 142 99 47 143 97 48 144 99 48 145 100 48 146 100 49 147 99 49 148 102 49 149 100 50 150 102 50 151 104 50 152 104 51 153 102 51 154 107 51 155 104 52 156 107 52 157 109 52 158 109 53 159 107 53 160 110 53 161 109 54 162 110 54 163 113 54 164 113 55 165 110 55 166 114 55 167 113 56 168 114 56 169 117 56 170 117 57 171 114 57 172 118 57 173 117 58 174 118 58 175 12 58 176 12 59 177 118 59 178 8 59 179 1 60 180 5 60 181 120 60 182 120 61 183 5 61 184 8 61 185 120 62 186 8 62 187 122 62 188 122 63 189 8 63 190 118 63 191 122 64 192 118 64 193 124 64 194 124 65 195 118 65 196 114 65 197 124 66 198 114 66 199 126 66 200 126 67 201 114 67 202 110 67 203 126 68 204 110 68 205 128 68 206 128 69 207 110 69 208 107 69 209 128 70 210 107 70 211 102 70 212 128 71 213 102 71 214 130 71 215 130 72 216 102 72 217 99 72 218 130 73 219 99 73 220 132 73 221 132 74 222 99 74 223 94 74 224 132 75 225 94 75 226 134 75 227 134 76 228 94 76 229 90 76 230 134 77 231 90 77 232 137 77 233 137 78 234 90 78 235 86 78 236 137 79 237 86 79 238 82 79 239 137 80 240 82 80 241 138 80 242 138 81 243 82 81 244 79 81 245 138 82 246 79 82 247 140 82 248 140 83 249 79 83 250 75 83 251 140 84 252 75 84 253 142 84 254 142 85 255 75 85 256 71 85 257 142 86 258 71 86 259 144 86 260 144 87 261 71 87 262 67 87 263 144 88 264 67 88 265 63 88 266 144 89 267 63 89 268 146 89 269 146 90 270 63 90 271 58 90 272 146 91 273 58 91 274 149 91 275 149 92 276 58 92 277 54 92 278 149 93 279 54 93 280 150 93 281 150 94 282 54 94 283 51 94 284 150 95 285 51 95 286 152 95 287 152 96 288 51 96 289 46 96 290 152 97 291 46 97 292 43 97 293 152 98 294 43 98 295 155 98 296 155 99 297 43 99 298 39 99 299 155 100 300 39 100 301 156 100 302 156 101 303 39 101 304 34 101 305 156 102 306 34 102 307 159 102 308 159 103 309 34 103 310 30 103 311 159 104 312 30 104 313 161 104 314 161 105 315 30 105 316 26 105 317 161 106 318 26 106 319 23 106 320 161 107 321 23 107 322 162 107 323 162 108 324 23 108 325 18 108 326 162 109 327 18 109 328 164 109 329 164 110 330 18 110 331 14 110 332 164 111 333 14 111 334 167 111 335 167 112 336 14 112 337 1 112 338 167 113 339 1 113 340 120 113 341 169 114 342 170 114 343 172 114 344 172 115 345 170 115 346 175 115 347 172 116 348 175 116 349 176 116 350 176 117 351 175 117 352 178 117 353 176 118 354 178 118 355 181 118 356 169 119 357 182 119 358 170 119 359 170 120 360 182 120 361 184 120 362 184 121 363 182 121 364 187 121 365 184 122 366 187 122 367 189 122 368 189 123 369 187 123 370 190 123 371 189 124 372 190 124 373 192 124 374 192 125 375 190 125 376 194 125 377 192 126 378 194 126 379 197 126 380 197 127 381 194 127 382 199 127 383 197 128 384 199 128 385 201 128 386 201 129 387 199 129 388 203 129 389 201 130 390 203 130 391 205 130 392 205 131 393 203 131 394 207 131 395 205 132 396 207 132 397 209 132 398 209 133 399 207 133 400 211 133 401 209 134 402 211 134 403 213 134 404 213 135 405 211 135 406 215 135 407 213 136 408 215 136 409 217 136 410 217 137 411 215 137 412 219 137 413 217 138 414 219 138 415 221 138 416 221 139 417 219 139 418 223 139 419 221 140 420 223 140 421 225 140 422 225 141 423 223 141 424 227 141 425 225 142 426 227 142 427 229 142 428 229 143 429 227 143 430 230 143 431 229 144 432 230 144 433 232 144 434 232 145 435 230 145 436 234 145 437 232 146 438 234 146 439 237 146 440 237 147 441 234 147 442 238 147 443 237 148 444 238 148 445 241 148 446 241 149 447 238 149 448 243 149 449 241 150 450 243 150 451 245 150 452 245 151 453 243 151 454 246 151 455 245 152 456 246 152 457 248 152 458 248 153 459 246 153 460 251 153 461 248 154 462 251 154 463 252 154 464 252 155 465 251 155 466 254 155 467 252 156 468 254 156 469 256 156 470 256 157 471 254 157 472 258 157 473 256 158 474 258 158 475 261 158 476 261 159 477 258 159 478 263 159 479 261 160 480 263 160 481 265 160 482 265 161 483 263 161 484 267 161 485 265 162 486 267 162 487 269 162 488 269 163 489 267 163 490 271 163 491 269 164 492 271 164 493 273 164 494 273 165 495 271 165 496 275 165 497 273 166 498 275 166 499 277 166 500 277 167 501 275 167 502 279 167 503 277 168 504 279 168 505 281 168 506 281 169 507 279 169 508 283 169 509 281 170 510 283 170 511 285 170 512 285 171 513 283 171 514 287 171 515 285 172 516 287 172 517 181 172 518 181 173 519 287 173 520 176 173 521 169 174 522 172 174 523 289 174 524 289 175 525 172 175 526 176 175 527 289 176 528 176 176 529 291 176 530 291 177 531 176 177 532 287 177 533 291 178 534 287 178 535 293 178 536 293 179 537 287 179 538 283 179 539 293 180 540 283 180 541 295 180 542 295 181 543 283 181 544 279 181 545 295 182 546 279 182 547 297 182 548 297 183 549 279 183 550 275 183 551 297 184 552 275 184 553 271 184 554 297 185 555 271 185 556 299 185 557 299 186 558 271 186 559 267 186 560 299 187 561 267 187 562 301 187 563 301 188 564 267 188 565 263 188 566 301 189 567 263 189 568 303 189 569 303 190 570 263 190 571 258 190 572 303 191 573 258 191 574 305 191 575 305 192 576 258 192 577 254 192 578 305 193 579 254 193 580 251 193 581 305 194 582 251 194 583 307 194 584 307 195 585 251 195 586 246 195 587 307 196 588 246 196 589 308 196 590 308 197 591 246 197 592 243 197 593 308 198 594 243 198 595 311 198 596 311 199 597 243 199 598 238 199 599 311 200 600 238 200 601 312 200 602 312 201 603 238 201 604 234 201 605 312 202 606 234 202 607 230 202 608 312 203 609 230 203 610 314 203 611 314 204 612 230 204 613 227 204 614 314 205 615 227 205 616 316 205 617 316 206 618 227 206 619 223 206 620 316 207 621 223 207 622 318 207 623 318 208 624 223 208 625 219 208 626 318 209 627 219 209 628 320 209 629 320 210 630 219 210 631 215 210 632 320 211 633 215 211 634 211 211 635 320 212 636 211 212 637 322 212 638 322 213 639 211 213 640 207 213 641 322 214 642 207 214 643 324 214 644 324 215 645 207 215 646 203 215 647 324 216 648 203 216 649 326 216 650 326 217 651 203 217 652 199 217 653 326 218 654 199 218 655 328 218 656 328 219 657 199 219 658 194 219 659 328 220 660 194 220 661 190 220 662 328 221 663 190 221 664 331 221 665 331 222 666 190 222 667 187 222 668 331 223 669 187 223 670 333 223 671 333 224 672 187 224 673 182 224 674 333 225 675 182 225 676 335 225 677 335 226 678 182 226 679 169 226 680 335 227 681 169 227 682 289 227 683 337 228 684 338 228 685 341 228 686 341 229 687 338 229 688 343 229 689 343 230 690 338 230 691 345 230 692 341 231 693 343 231 694 347 231 695 347 232 696 343 232 697 349 232 698 351 233 699 352 233 700 349 233 701 349 234 702 352 234 703 347 234 704 347 235 705 352 235 706 354 235 707 337 236 708 356 236 709 338 236 710 338 237 711 356 237 712 358 237 713 341 238 714 360 238 715 337 238 716 337 239 717 360 239 718 362 239 719 337 240 720 362 240 721 365 240 722 365 241 723 362 241 724 367 241 725 360 242 726 369 242 727 362 242 728 365 243 729 356 243 730 337 243 731 341 244 732 347 244 733 360 244 734 360 245 735 347 245 736 370 245 737 347 246 738 354 246 739 370 246 740 370 247 741 354 247 742 372 247 743 370 248 744 372 248 745 374 248 746 377 249 747 379 249 748 354 249 749 354 250 750 379 250 751 372 250 752 379 251 753 381 251 754 372 251 755 354 252 756 352 252 757 377 252 758 377 253 759 352 253 760 383 253 761 1031 254 762 1032 254 763 385 254 764 386 255 765 1032 255 766 1034 255 767 388 256 768 390 256 769 392 256 770 392 257 771 390 257 772 394 257 773 392 258 774 394 258 775 397 258 776 392 259 777 397 259 778 398 259 779 398 260 780 397 260 781 400 260 782 398 261 783 400 261 784 402 261 785 402 262 786 400 262 787 405 262 788 402 263 789 405 263 790 407 263 791 407 264 792 405 264 793 409 264 794 407 265 795 409 265 796 411 265 797 411 266 798 409 266 799 413 266 800 411 267 801 413 267 802 414 267 803 414 268 804 413 268 805 417 268 806 414 269 807 417 269 808 419 269 809 419 270 810 417 270 811 421 270 812 419 271 813 421 271 814 423 271 815 423 272 816 421 272 817 425 272 818 423 273 819 425 273 820 427 273 821 427 274 822 428 274 823 423 274 824 423 275 825 428 275 826 431 275 827 423 276 828 431 276 829 419 276 830 419 277 831 431 277 832 433 277 833 419 278 834 433 278 835 414 278 836 414 279 837 433 279 838 435 279 839 414 280 840 435 280 841 411 280 842 411 281 843 435 281 844 437 281 845 411 282 846 437 282 847 407 282 848 407 283 849 437 283 850 439 283 851 407 284 852 439 284 853 402 284 854 402 285 855 439 285 856 441 285 857 402 286 858 441 286 859 398 286 860 398 287 861 441 287 862 442 287 863 398 288 864 442 288 865 392 288 866 392 289 867 442 289 868 388 289 869 385 290 870 1036 290 871 1031 290 872 444 291 873 1036 291 874 385 291 875 446 292 876 444 292 877 385 292 878 449 293 879 450 293 880 453 293 881 453 294 882 450 294 883 455 294 884 455 295 885 450 295 886 457 295 887 455 296 888 457 296 889 458 296 890 455 297 891 458 297 892 460 297 893 460 298 894 458 298 895 462 298 896 460 299 897 462 299 898 446 299 899 446 300 900 462 300 901 444 300 902 462 301 903 458 301 904 444 301 905 444 302 906 458 302 907 465 302 908 1136 303 909 1138 303 910 465 303 911 458 304 912 467 304 913 465 304 914 465 305 915 467 305 916 469 305 917 444 306 918 1138 306 919 1140 306 920 470 307 921 473 307 922 467 307 923 467 308 924 473 308 925 475 308 926 467 309 927 475 309 928 469 309 929 469 310 930 475 310 931 477 310 932 469 311 933 477 311 934 465 311 935 470 312 936 479 312 937 473 312 938 473 313 939 479 313 940 481 313 941 481 314 942 479 314 943 483 314 944 485 315 945 486 315 946 489 315 947 489 316 948 486 316 949 490 316 950 486 317 951 493 317 952 490 317 953 490 318 954 493 318 955 495 318 956 496 319 957 498 319 958 500 319 959 500 320 960 498 320 961 502 320 962 504 321 963 502 321 964 506 321 965 506 322 966 502 322 967 498 322 968 506 323 969 495 323 970 504 323 971 504 324 972 495 324 973 493 324 974 483 325 975 394 325 976 481 325 977 481 326 978 394 326 979 390 326 980 508 327 981 485 327 982 510 327 983 510 328 984 485 328 985 489 328 986 291 329 987 513 329 988 289 329 989 289 330 990 513 330 991 514 330 992 289 331 993 514 331 994 335 331 995 335 332 996 514 332 997 516 332 998 335 333 999 516 333 1000 333 333 1001 333 334 1002 516 334 1003 518 334 1004 333 335 1005 518 335 1006 331 335 1007 331 336 1008 518 336 1009 520 336 1010 331 337 1011 520 337 1012 328 337 1013 328 338 1014 520 338 1015 522 338 1016 328 339 1017 522 339 1018 326 339 1019 326 340 1020 522 340 1021 524 340 1022 326 341 1023 524 341 1024 324 341 1025 324 342 1026 524 342 1027 527 342 1028 324 343 1029 527 343 1030 322 343 1031 322 344 1032 527 344 1033 529 344 1034 322 345 1035 529 345 1036 320 345 1037 320 346 1038 529 346 1039 530 346 1040 320 347 1041 530 347 1042 318 347 1043 318 348 1044 530 348 1045 532 348 1046 318 349 1047 532 349 1048 316 349 1049 316 350 1050 532 350 1051 535 350 1052 316 351 1053 535 351 1054 314 351 1055 314 352 1056 535 352 1057 537 352 1058 314 353 1059 537 353 1060 312 353 1061 312 354 1062 537 354 1063 539 354 1064 312 355 1065 539 355 1066 311 355 1067 311 356 1068 539 356 1069 541 356 1070 311 357 1071 541 357 1072 308 357 1073 308 358 1074 541 358 1075 542 358 1076 308 359 1077 542 359 1078 307 359 1079 307 360 1080 542 360 1081 544 360 1082 307 361 1083 544 361 1084 305 361 1085 305 362 1086 544 362 1087 546 362 1088 305 363 1089 546 363 1090 303 363 1091 303 364 1092 546 364 1093 549 364 1094 303 365 1095 549 365 1096 301 365 1097 301 366 1098 549 366 1099 551 366 1100 301 367 1101 551 367 1102 299 367 1103 299 368 1104 551 368 1105 553 368 1106 299 369 1107 553 369 1108 297 369 1109 297 370 1110 553 370 1111 555 370 1112 297 371 1113 555 371 1114 295 371 1115 295 372 1116 555 372 1117 557 372 1118 295 373 1119 557 373 1120 293 373 1121 293 374 1122 557 374 1123 559 374 1124 293 375 1125 559 375 1126 291 375 1127 291 376 1128 559 376 1129 513 376 1130 508 377 1131 560 377 1132 485 377 1133 485 378 1134 560 378 1135 562 378 1136 485 379 1137 562 379 1138 564 379 1139 508 380 1140 360 380 1141 560 380 1142 560 381 1143 360 381 1144 566 381 1145 566 382 1146 360 382 1147 569 382 1148 569 383 1149 360 383 1150 571 383 1151 571 384 1152 360 384 1153 557 384 1154 571 385 1155 557 385 1156 572 385 1157 572 386 1158 557 386 1159 555 386 1160 572 387 1161 555 387 1162 574 387 1163 574 388 1164 555 388 1165 553 388 1166 574 389 1167 553 389 1168 577 389 1169 577 390 1170 553 390 1171 551 390 1172 577 391 1173 551 391 1174 549 391 1175 370 392 1176 579 392 1177 360 392 1178 360 393 1179 579 393 1180 513 393 1181 360 394 1182 513 394 1183 559 394 1184 513 395 1185 579 395 1186 514 395 1187 514 396 1188 579 396 1189 500 396 1190 514 397 1191 500 397 1192 516 397 1193 516 398 1194 500 398 1195 518 398 1196 518 399 1197 500 399 1198 520 399 1199 520 400 1200 500 400 1201 522 400 1202 522 401 1203 500 401 1204 524 401 1205 524 402 1206 500 402 1207 527 402 1208 527 403 1209 500 403 1210 502 403 1211 527 404 1212 502 404 1213 529 404 1214 529 405 1215 502 405 1216 530 405 1217 530 406 1218 502 406 1219 532 406 1220 532 407 1221 502 407 1222 535 407 1223 535 408 1224 502 408 1225 537 408 1226 537 409 1227 502 409 1228 539 409 1229 539 410 1230 502 410 1231 504 410 1232 539 411 1233 504 411 1234 541 411 1235 541 412 1236 504 412 1237 542 412 1238 542 413 1239 504 413 1240 580 413 1241 542 414 1242 580 414 1243 544 414 1244 544 415 1245 580 415 1246 583 415 1247 544 416 1248 583 416 1249 546 416 1250 546 417 1251 583 417 1252 584 417 1253 546 418 1254 584 418 1255 587 418 1256 504 419 1257 493 419 1258 580 419 1259 580 420 1260 493 420 1261 588 420 1262 588 421 1263 493 421 1264 591 421 1265 591 422 1266 493 422 1267 486 422 1268 591 423 1269 486 423 1270 592 423 1271 592 424 1272 486 424 1273 595 424 1274 595 425 1275 486 425 1276 596 425 1277 596 426 1278 486 426 1279 599 426 1280 599 427 1281 486 427 1282 601 427 1283 601 428 1284 486 428 1285 602 428 1286 602 429 1287 486 429 1288 485 429 1289 602 430 1290 485 430 1291 604 430 1292 604 431 1293 485 431 1294 606 431 1295 606 432 1296 485 432 1297 608 432 1298 608 433 1299 485 433 1300 564 433 1301 559 434 1302 557 434 1303 360 434 1304 577 435 1305 549 435 1306 587 435 1307 587 436 1308 549 436 1309 546 436 1310 122 437 1311 562 437 1312 120 437 1313 120 438 1314 562 438 1315 560 438 1316 120 439 1317 560 439 1318 167 439 1319 167 440 1320 560 440 1321 566 440 1322 167 441 1323 566 441 1324 164 441 1325 164 442 1326 566 442 1327 569 442 1328 164 443 1329 569 443 1330 162 443 1331 162 444 1332 569 444 1333 571 444 1334 162 445 1335 571 445 1336 161 445 1337 161 446 1338 571 446 1339 572 446 1340 161 447 1341 572 447 1342 159 447 1343 159 448 1344 572 448 1345 574 448 1346 159 449 1347 574 449 1348 156 449 1349 156 450 1350 574 450 1351 577 450 1352 156 451 1353 577 451 1354 155 451 1355 155 452 1356 577 452 1357 587 452 1358 155 453 1359 587 453 1360 152 453 1361 152 454 1362 587 454 1363 584 454 1364 152 455 1365 584 455 1366 150 455 1367 150 456 1368 584 456 1369 583 456 1370 150 457 1371 583 457 1372 149 457 1373 149 458 1374 583 458 1375 580 458 1376 149 459 1377 580 459 1378 146 459 1379 146 460 1380 580 460 1381 588 460 1382 146 461 1383 588 461 1384 144 461 1385 144 462 1386 588 462 1387 591 462 1388 144 463 1389 591 463 1390 142 463 1391 142 464 1392 591 464 1393 592 464 1394 142 465 1395 592 465 1396 140 465 1397 140 466 1398 592 466 1399 595 466 1400 140 467 1401 595 467 1402 138 467 1403 138 468 1404 595 468 1405 596 468 1406 138 469 1407 596 469 1408 137 469 1409 137 470 1410 596 470 1411 599 470 1412 137 471 1413 599 471 1414 134 471 1415 134 472 1416 599 472 1417 601 472 1418 134 473 1419 601 473 1420 132 473 1421 132 474 1422 601 474 1423 602 474 1424 132 475 1425 602 475 1426 130 475 1427 130 476 1428 602 476 1429 604 476 1430 130 477 1431 604 477 1432 128 477 1433 128 478 1434 604 478 1435 606 478 1436 128 479 1437 606 479 1438 126 479 1439 126 480 1440 606 480 1441 608 480 1442 126 481 1443 608 481 1444 124 481 1445 124 482 1446 608 482 1447 564 482 1448 124 483 1449 564 483 1450 122 483 1451 122 484 1452 564 484 1453 562 484 1454 610 485 1455 612 485 1456 615 485 1457 615 486 1458 612 486 1459 616 486 1460 615 487 1461 616 487 1462 428 487 1463 428 488 1464 427 488 1465 615 488 1466 619 489 1467 449 489 1468 620 489 1469 620 490 1470 449 490 1471 453 490 1472 622 491 1473 619 491 1474 625 491 1475 625 492 1476 619 492 1477 627 492 1478 627 493 1479 619 493 1480 620 493 1481 360 494 1482 508 494 1483 369 494 1484 369 495 1485 508 495 1486 510 495 1487 629 496 1488 374 496 1489 496 496 1490 496 497 1491 374 497 1492 615 497 1493 496 498 1494 615 498 1495 427 498 1496 374 499 1497 372 499 1498 615 499 1499 496 500 1500 427 500 1501 498 500 1502 498 501 1503 427 501 1504 425 501 1505 498 502 1506 425 502 1507 506 502 1508 506 503 1509 425 503 1510 421 503 1511 506 504 1512 421 504 1513 417 504 1514 417 505 1515 413 505 1516 506 505 1517 506 506 1518 413 506 1519 409 506 1520 506 507 1521 409 507 1522 405 507 1523 405 508 1524 400 508 1525 506 508 1526 506 509 1527 400 509 1528 397 509 1529 506 510 1530 397 510 1531 394 510 1532 506 511 1533 394 511 1534 495 511 1535 495 512 1536 394 512 1537 483 512 1538 495 513 1539 483 513 1540 479 513 1541 479 514 1542 470 514 1543 495 514 1544 495 515 1545 470 515 1546 490 515 1547 490 516 1548 470 516 1549 467 516 1550 490 517 1551 467 517 1552 458 517 1553 490 518 1554 458 518 1555 489 518 1556 489 519 1557 458 519 1558 457 519 1559 489 520 1560 457 520 1561 510 520 1562 510 521 1563 457 521 1564 450 521 1565 510 522 1566 450 522 1567 449 522 1568 449 523 1569 619 523 1570 510 523 1571 510 524 1572 619 524 1573 369 524 1574 369 525 1575 619 525 1576 362 525 1577 629 526 1578 496 526 1579 579 526 1580 579 527 1581 496 527 1582 500 527 1583 374 528 1584 629 528 1585 370 528 1586 370 529 1587 629 529 1588 579 529 1589 631 530 1590 633 530 1591 635 530 1592 635 531 1593 633 531 1594 637 531 1595 639 532 1596 641 532 1597 642 532 1598 642 533 1599 641 533 1600 365 533 1601 642 534 1602 365 534 1603 367 534 1604 367 535 1605 381 535 1606 642 535 1607 642 536 1608 381 536 1609 645 536 1610 645 537 1611 381 537 1612 379 537 1613 645 538 1614 379 538 1615 647 538 1616 647 539 1617 649 539 1618 645 539 1619 383 540 1620 651 540 1621 377 540 1622 377 541 1623 651 541 1624 647 541 1625 377 542 1626 647 542 1627 379 542 1628 651 543 1629 653 543 1630 647 543 1631 647 544 1632 653 544 1633 649 544 1634 649 545 1635 653 545 1636 637 545 1637 649 546 1638 637 546 1639 645 546 1640 645 547 1641 637 547 1642 642 547 1643 642 548 1644 637 548 1645 633 548 1646 365 549 1647 641 549 1648 356 549 1649 356 550 1650 641 550 1651 654 550 1652 356 551 1653 654 551 1654 358 551 1655 654 552 1656 641 552 1657 656 552 1658 656 553 1659 641 553 1660 639 553 1661 656 554 1662 639 554 1663 633 554 1664 633 555 1665 639 555 1666 642 555 1667 619 556 1668 622 556 1669 367 556 1670 367 557 1671 622 557 1672 658 557 1673 367 558 1674 658 558 1675 660 558 1676 660 559 1677 658 559 1678 662 559 1679 660 560 1680 662 560 1681 664 560 1682 664 561 1683 666 561 1684 660 561 1685 660 562 1686 666 562 1687 668 562 1688 660 563 1689 670 563 1690 367 563 1691 367 564 1692 670 564 1693 381 564 1694 381 565 1695 670 565 1696 673 565 1697 381 566 1698 673 566 1699 610 566 1700 674 567 1701 677 567 1702 670 567 1703 670 568 1704 677 568 1705 678 568 1706 670 569 1707 678 569 1708 680 569 1709 680 570 1710 673 570 1711 670 570 1712 610 571 1713 615 571 1714 381 571 1715 381 572 1716 615 572 1717 372 572 1718 367 573 1719 362 573 1720 619 573 1721 670 574 1722 660 574 1723 682 574 1724 682 575 1725 660 575 1726 684 575 1727 682 576 1728 684 576 1729 686 576 1730 686 577 1731 684 577 1732 688 577 1733 688 578 1734 684 578 1735 690 578 1736 688 579 1737 690 579 1738 692 579 1739 692 580 1740 695 580 1741 688 580 1742 688 581 1743 695 581 1744 697 581 1745 688 582 1746 697 582 1747 699 582 1748 699 583 1749 701 583 1750 688 583 1751 703 584 1752 704 584 1753 686 584 1754 686 585 1755 704 585 1756 707 585 1757 686 586 1758 707 586 1759 708 586 1760 708 587 1761 711 587 1762 686 587 1763 686 588 1764 711 588 1765 713 588 1766 686 589 1767 713 589 1768 682 589 1769 684 590 1770 660 590 1771 714 590 1772 714 591 1773 660 591 1774 668 591 1775 714 592 1776 668 592 1777 716 592 1778 716 593 1779 668 593 1780 666 593 1781 716 594 1782 666 594 1783 718 594 1784 718 595 1785 666 595 1786 664 595 1787 718 596 1788 664 596 1789 720 596 1790 720 597 1791 664 597 1792 662 597 1793 720 598 1794 662 598 1795 723 598 1796 723 599 1797 662 599 1798 658 599 1799 723 600 1800 658 600 1801 622 600 1802 622 601 1803 625 601 1804 723 601 1805 723 602 1806 625 602 1807 725 602 1808 723 603 1809 725 603 1810 720 603 1811 720 604 1812 725 604 1813 726 604 1814 720 605 1815 726 605 1816 718 605 1817 718 606 1818 726 606 1819 728 606 1820 718 607 1821 728 607 1822 716 607 1823 716 608 1824 728 608 1825 730 608 1826 716 609 1827 730 609 1828 714 609 1829 714 610 1830 730 610 1831 732 610 1832 714 611 1833 732 611 1834 684 611 1835 690 612 1836 684 612 1837 734 612 1838 734 613 1839 684 613 1840 732 613 1841 734 614 1842 732 614 1843 730 614 1844 734 615 1845 730 615 1846 736 615 1847 736 616 1848 730 616 1849 728 616 1850 736 617 1851 728 617 1852 738 617 1853 738 618 1854 728 618 1855 726 618 1856 738 619 1857 726 619 1858 741 619 1859 741 620 1860 726 620 1861 725 620 1862 741 621 1863 725 621 1864 743 621 1865 743 622 1866 725 622 1867 625 622 1868 743 623 1869 625 623 1870 745 623 1871 743 624 1872 745 624 1873 746 624 1874 746 625 1875 745 625 1876 748 625 1877 746 626 1878 748 626 1879 751 626 1880 751 627 1881 748 627 1882 753 627 1883 751 628 1884 753 628 1885 755 628 1886 755 629 1887 753 629 1888 757 629 1889 755 630 1890 757 630 1891 759 630 1892 759 631 1893 757 631 1894 760 631 1895 759 632 1896 760 632 1897 763 632 1898 763 633 1899 760 633 1900 764 633 1901 763 634 1902 764 634 1903 767 634 1904 767 635 1905 764 635 1906 769 635 1907 767 636 1908 769 636 1909 771 636 1910 771 637 1911 769 637 1912 773 637 1913 771 638 1914 773 638 1915 775 638 1916 775 639 1917 773 639 1918 631 639 1919 775 640 1920 776 640 1921 771 640 1922 771 641 1923 776 641 1924 779 641 1925 771 642 1926 779 642 1927 767 642 1928 767 643 1929 779 643 1930 781 643 1931 767 644 1932 781 644 1933 763 644 1934 763 645 1935 781 645 1936 783 645 1937 763 646 1938 783 646 1939 759 646 1940 759 647 1941 783 647 1942 785 647 1943 759 648 1944 785 648 1945 755 648 1946 755 649 1947 785 649 1948 787 649 1949 755 650 1950 787 650 1951 751 650 1952 751 651 1953 787 651 1954 788 651 1955 751 652 1956 788 652 1957 746 652 1958 746 653 1959 788 653 1960 791 653 1961 746 654 1962 791 654 1963 743 654 1964 743 655 1965 791 655 1966 741 655 1967 776 656 1968 793 656 1969 779 656 1970 779 657 1971 793 657 1972 795 657 1973 779 658 1974 795 658 1975 781 658 1976 781 659 1977 795 659 1978 797 659 1979 781 660 1980 797 660 1981 783 660 1982 783 661 1983 797 661 1984 799 661 1985 783 662 1986 799 662 1987 785 662 1988 785 663 1989 799 663 1990 801 663 1991 785 664 1992 801 664 1993 787 664 1994 787 665 1995 801 665 1996 802 665 1997 787 666 1998 802 666 1999 788 666 2000 788 667 2001 802 667 2002 805 667 2003 788 668 2004 805 668 2005 791 668 2006 791 669 2007 805 669 2008 807 669 2009 791 670 2010 807 670 2011 741 670 2012 741 671 2013 807 671 2014 738 671 2015 793 672 2016 809 672 2017 795 672 2018 795 673 2019 809 673 2020 811 673 2021 795 674 2022 811 674 2023 797 674 2024 797 675 2025 811 675 2026 813 675 2027 797 676 2028 813 676 2029 799 676 2030 799 677 2031 813 677 2032 815 677 2033 799 678 2034 815 678 2035 801 678 2036 801 679 2037 815 679 2038 816 679 2039 801 680 2040 816 680 2041 802 680 2042 802 681 2043 816 681 2044 819 681 2045 802 682 2046 819 682 2047 805 682 2048 805 683 2049 819 683 2050 820 683 2051 805 684 2052 820 684 2053 807 684 2054 807 685 2055 820 685 2056 822 685 2057 807 686 2058 822 686 2059 738 686 2060 738 687 2061 822 687 2062 736 687 2063 809 688 2064 824 688 2065 811 688 2066 811 689 2067 824 689 2068 826 689 2069 811 690 2070 826 690 2071 813 690 2072 813 691 2073 826 691 2074 828 691 2075 813 692 2076 828 692 2077 815 692 2078 815 693 2079 828 693 2080 830 693 2081 815 694 2082 830 694 2083 816 694 2084 816 695 2085 830 695 2086 832 695 2087 816 696 2088 832 696 2089 819 696 2090 819 697 2091 832 697 2092 834 697 2093 819 698 2094 834 698 2095 820 698 2096 820 699 2097 834 699 2098 836 699 2099 820 700 2100 836 700 2101 822 700 2102 822 701 2103 836 701 2104 838 701 2105 822 702 2106 838 702 2107 736 702 2108 736 703 2109 838 703 2110 734 703 2111 824 704 2112 688 704 2113 826 704 2114 826 705 2115 688 705 2116 701 705 2117 826 706 2118 701 706 2119 828 706 2120 828 707 2121 701 707 2122 699 707 2123 828 708 2124 699 708 2125 830 708 2126 830 709 2127 699 709 2128 697 709 2129 830 710 2130 697 710 2131 832 710 2132 832 711 2133 697 711 2134 695 711 2135 832 712 2136 695 712 2137 834 712 2138 834 713 2139 695 713 2140 836 713 2141 695 714 2142 692 714 2143 836 714 2144 836 715 2145 692 715 2146 838 715 2147 692 716 2148 690 716 2149 838 716 2150 838 717 2151 690 717 2152 734 717 2153 824 718 2154 840 718 2155 688 718 2156 688 719 2157 840 719 2158 842 719 2159 688 720 2160 842 720 2161 686 720 2162 686 721 2163 842 721 2164 844 721 2165 844 722 2166 842 722 2167 847 722 2168 847 723 2169 842 723 2170 848 723 2171 847 724 2172 848 724 2173 850 724 2174 850 725 2175 848 725 2176 852 725 2177 850 726 2178 852 726 2179 854 726 2180 854 727 2181 852 727 2182 856 727 2183 854 728 2184 856 728 2185 858 728 2186 858 729 2187 856 729 2188 860 729 2189 858 730 2190 860 730 2191 635 730 2192 635 731 2193 860 731 2194 863 731 2195 635 732 2196 863 732 2197 631 732 2198 631 733 2199 863 733 2200 775 733 2201 775 734 2202 863 734 2203 776 734 2204 776 735 2205 863 735 2206 865 735 2207 776 736 2208 865 736 2209 793 736 2210 793 737 2211 865 737 2212 867 737 2213 793 738 2214 867 738 2215 809 738 2216 809 739 2217 867 739 2218 869 739 2219 809 740 2220 869 740 2221 824 740 2222 824 741 2223 869 741 2224 840 741 2225 848 742 2226 842 742 2227 840 742 2228 848 743 2229 840 743 2230 869 743 2231 852 744 2232 848 744 2233 869 744 2234 852 745 2235 869 745 2236 867 745 2237 856 746 2238 852 746 2239 867 746 2240 856 747 2241 867 747 2242 865 747 2243 860 748 2244 856 748 2245 865 748 2246 860 749 2247 865 749 2248 863 749 2249 703 750 2250 686 750 2251 870 750 2252 870 751 2253 686 751 2254 844 751 2255 870 752 2256 844 752 2257 847 752 2258 870 753 2259 847 753 2260 872 753 2261 872 754 2262 847 754 2263 850 754 2264 872 755 2265 850 755 2266 875 755 2267 875 756 2268 850 756 2269 854 756 2270 875 757 2271 854 757 2272 877 757 2273 877 758 2274 854 758 2275 858 758 2276 877 759 2277 858 759 2278 879 759 2279 879 760 2280 858 760 2281 635 760 2282 879 761 2283 635 761 2284 880 761 2285 879 762 2286 880 762 2287 882 762 2288 882 763 2289 880 763 2290 884 763 2291 882 764 2292 884 764 2293 886 764 2294 886 765 2295 884 765 2296 888 765 2297 886 766 2298 888 766 2299 890 766 2300 890 767 2301 888 767 2302 892 767 2303 890 768 2304 892 768 2305 894 768 2306 894 769 2307 892 769 2308 897 769 2309 894 770 2310 897 770 2311 899 770 2312 899 771 2313 897 771 2314 901 771 2315 899 772 2316 901 772 2317 903 772 2318 903 773 2319 901 773 2320 905 773 2321 903 774 2322 905 774 2323 907 774 2324 907 775 2325 905 775 2326 908 775 2327 907 776 2328 908 776 2329 911 776 2330 911 777 2331 908 777 2332 612 777 2333 911 778 2334 912 778 2335 907 778 2336 907 779 2337 912 779 2338 914 779 2339 907 780 2340 914 780 2341 903 780 2342 903 781 2343 914 781 2344 916 781 2345 903 782 2346 916 782 2347 899 782 2348 899 783 2349 916 783 2350 919 783 2351 899 784 2352 919 784 2353 894 784 2354 894 785 2355 919 785 2356 920 785 2357 894 786 2358 920 786 2359 890 786 2360 890 787 2361 920 787 2362 922 787 2363 890 788 2364 922 788 2365 886 788 2366 886 789 2367 922 789 2368 924 789 2369 886 790 2370 924 790 2371 882 790 2372 882 791 2373 924 791 2374 926 791 2375 882 792 2376 926 792 2377 879 792 2378 879 793 2379 926 793 2380 877 793 2381 912 794 2382 928 794 2383 914 794 2384 914 795 2385 928 795 2386 930 795 2387 914 796 2388 930 796 2389 916 796 2390 916 797 2391 930 797 2392 932 797 2393 916 798 2394 932 798 2395 919 798 2396 919 799 2397 932 799 2398 934 799 2399 919 800 2400 934 800 2401 920 800 2402 920 801 2403 934 801 2404 936 801 2405 920 802 2406 936 802 2407 922 802 2408 922 803 2409 936 803 2410 938 803 2411 922 804 2412 938 804 2413 924 804 2414 924 805 2415 938 805 2416 940 805 2417 924 806 2418 940 806 2419 926 806 2420 926 807 2421 940 807 2422 943 807 2423 926 808 2424 943 808 2425 877 808 2426 877 809 2427 943 809 2428 875 809 2429 928 810 2430 945 810 2431 930 810 2432 930 811 2433 945 811 2434 946 811 2435 930 812 2436 946 812 2437 932 812 2438 932 813 2439 946 813 2440 948 813 2441 932 814 2442 948 814 2443 934 814 2444 934 815 2445 948 815 2446 951 815 2447 934 816 2448 951 816 2449 936 816 2450 936 817 2451 951 817 2452 953 817 2453 936 818 2454 953 818 2455 938 818 2456 938 819 2457 953 819 2458 954 819 2459 938 820 2460 954 820 2461 940 820 2462 940 821 2463 954 821 2464 957 821 2465 940 822 2466 957 822 2467 943 822 2468 943 823 2469 957 823 2470 959 823 2471 943 824 2472 959 824 2473 875 824 2474 875 825 2475 959 825 2476 872 825 2477 945 826 2478 961 826 2479 946 826 2480 946 827 2481 961 827 2482 963 827 2483 946 828 2484 963 828 2485 948 828 2486 948 829 2487 963 829 2488 965 829 2489 948 830 2490 965 830 2491 951 830 2492 951 831 2493 965 831 2494 966 831 2495 951 832 2496 966 832 2497 953 832 2498 953 833 2499 966 833 2500 968 833 2501 953 834 2502 968 834 2503 954 834 2504 954 835 2505 968 835 2506 971 835 2507 954 836 2508 971 836 2509 957 836 2510 957 837 2511 971 837 2512 973 837 2513 957 838 2514 973 838 2515 959 838 2516 959 839 2517 973 839 2518 975 839 2519 959 840 2520 975 840 2521 872 840 2522 872 841 2523 975 841 2524 870 841 2525 961 842 2526 682 842 2527 963 842 2528 963 843 2529 682 843 2530 713 843 2531 963 844 2532 713 844 2533 965 844 2534 965 845 2535 713 845 2536 711 845 2537 965 846 2538 711 846 2539 966 846 2540 966 847 2541 711 847 2542 708 847 2543 966 848 2544 708 848 2545 968 848 2546 968 849 2547 708 849 2548 707 849 2549 968 850 2550 707 850 2551 971 850 2552 971 851 2553 707 851 2554 973 851 2555 707 852 2556 704 852 2557 973 852 2558 973 853 2559 704 853 2560 975 853 2561 704 854 2562 703 854 2563 975 854 2564 975 855 2565 703 855 2566 870 855 2567 612 856 2568 610 856 2569 977 856 2570 977 857 2571 610 857 2572 673 857 2573 977 858 2574 673 858 2575 979 858 2576 979 859 2577 673 859 2578 680 859 2579 979 860 2580 680 860 2581 981 860 2582 981 861 2583 680 861 2584 678 861 2585 981 862 2586 678 862 2587 983 862 2588 983 863 2589 678 863 2590 677 863 2591 983 864 2592 677 864 2593 985 864 2594 985 865 2595 677 865 2596 674 865 2597 985 866 2598 674 866 2599 670 866 2600 670 867 2601 682 867 2602 985 867 2603 985 868 2604 682 868 2605 961 868 2606 985 869 2607 961 869 2608 983 869 2609 983 870 2610 961 870 2611 945 870 2612 983 871 2613 945 871 2614 981 871 2615 981 872 2616 945 872 2617 928 872 2618 981 873 2619 928 873 2620 979 873 2621 979 874 2622 928 874 2623 912 874 2624 979 875 2625 912 875 2626 977 875 2627 977 876 2628 912 876 2629 911 876 2630 977 877 2631 911 877 2632 612 877 2633 986 878 2634 345 878 2635 988 878 2636 988 879 2637 345 879 2638 338 879 2639 988 880 2640 338 880 2641 358 880 2642 654 881 2643 769 881 2644 358 881 2645 358 882 2646 769 882 2647 764 882 2648 358 883 2649 764 883 2650 988 883 2651 988 884 2652 764 884 2653 990 884 2654 988 885 2655 990 885 2656 986 885 2657 986 886 2658 990 886 2659 992 886 2660 992 887 2661 990 887 2662 994 887 2663 992 888 2664 994 888 2665 996 888 2666 996 889 2667 994 889 2668 998 889 2669 996 890 2670 998 890 2671 1001 890 2672 1001 891 2673 998 891 2674 1003 891 2675 1001 892 2676 1003 892 2677 1005 892 2678 1005 893 2679 1003 893 2680 1007 893 2681 1005 894 2682 1007 894 2683 627 894 2684 627 895 2685 1007 895 2686 625 895 2687 625 896 2688 1007 896 2689 745 896 2690 745 897 2691 1007 897 2692 748 897 2693 748 898 2694 1007 898 2695 1003 898 2696 748 899 2697 1003 899 2698 753 899 2699 753 900 2700 1003 900 2701 998 900 2702 753 901 2703 998 901 2704 757 901 2705 757 902 2706 998 902 2707 994 902 2708 757 903 2709 994 903 2710 760 903 2711 760 904 2712 994 904 2713 990 904 2714 760 905 2715 990 905 2716 764 905 2717 769 906 2718 654 906 2719 773 906 2720 773 907 2721 654 907 2722 656 907 2723 773 908 2724 656 908 2725 631 908 2726 631 909 2727 656 909 2728 633 909 2729 383 910 2730 352 910 2731 1008 910 2732 1008 911 2733 352 911 2734 351 911 2735 1008 912 2736 351 912 2737 1010 912 2738 1010 913 2739 351 913 2740 1013 913 2741 1010 914 2742 1013 914 2743 1015 914 2744 1015 915 2745 1013 915 2746 1017 915 2747 1015 916 2748 1017 916 2749 1018 916 2750 1018 917 2751 1017 917 2752 1020 917 2753 1018 918 2754 1020 918 2755 1022 918 2756 1022 919 2757 1020 919 2758 1024 919 2759 1022 920 2760 1024 920 2761 1026 920 2762 1026 921 2763 1024 921 2764 1029 921 2765 1026 922 2766 1029 922 2767 616 922 2768 616 923 2769 612 923 2770 1026 923 2771 1026 924 2772 612 924 2773 908 924 2774 1026 925 2775 908 925 2776 1022 925 2777 1022 926 2778 908 926 2779 905 926 2780 1022 927 2781 905 927 2782 1018 927 2783 1018 928 2784 905 928 2785 901 928 2786 1018 929 2787 901 929 2788 1015 929 2789 1015 930 2790 901 930 2791 897 930 2792 1015 931 2793 897 931 2794 1010 931 2795 1010 932 2796 897 932 2797 892 932 2798 1010 933 2799 892 933 2800 1008 933 2801 1008 934 2802 892 934 2803 888 934 2804 1008 935 2805 888 935 2806 383 935 2807 383 936 2808 888 936 2809 884 936 2810 383 937 2811 884 937 2812 651 937 2813 651 938 2814 884 938 2815 880 938 2816 651 939 2817 880 939 2818 653 939 2819 653 940 2820 880 940 2821 635 940 2822 653 941 2823 635 941 2824 637 941 2825 386 942 2826 1034 942 2827 1044 942 2828 465 943 2829 1044 943 2830 1041 943 2831 477 944 2832 386 944 2833 465 944 2834 2 945 2835 343 945 2836 7 945 2837 7 946 2838 343 946 2839 453 946 2840 7 947 2841 453 947 2842 10 947 2843 10 948 2844 453 948 2845 12 948 2846 12 949 2847 453 949 2848 117 949 2849 117 950 2850 453 950 2851 455 950 2852 117 951 2853 455 951 2854 460 951 2855 2 952 2856 16 952 2857 343 952 2858 343 953 2859 16 953 2860 21 953 2861 343 954 2862 21 954 2863 24 954 2864 24 955 2865 28 955 2866 343 955 2867 343 956 2868 28 956 2869 277 956 2870 343 957 2871 277 957 2872 281 957 2873 277 958 2874 28 958 2875 273 958 2876 273 959 2877 28 959 2878 32 959 2879 273 960 2880 32 960 2881 269 960 2882 269 961 2883 32 961 2884 37 961 2885 269 962 2886 37 962 2887 265 962 2888 265 963 2889 37 963 2890 41 963 2891 265 964 2892 41 964 2893 261 964 2894 261 965 2895 41 965 2896 45 965 2897 261 966 2898 45 966 2899 256 966 2900 256 967 2901 45 967 2902 49 967 2903 256 968 2904 49 968 2905 252 968 2906 252 969 2907 49 969 2908 53 969 2909 252 970 2910 53 970 2911 248 970 2912 248 971 2913 53 971 2914 57 971 2915 248 972 2916 57 972 2917 390 972 2918 390 973 2919 57 973 2920 61 973 2921 390 974 2922 61 974 2923 481 974 2924 481 975 2925 61 975 2926 65 975 2927 481 976 2928 65 976 2929 69 976 2930 69 977 2931 73 977 2932 481 977 2933 481 978 2934 73 978 2935 76 978 2936 481 979 2937 76 979 2938 81 979 2939 84 980 2940 477 980 2941 81 980 2942 81 981 2943 477 981 2944 475 981 2945 81 982 2946 475 982 2947 473 982 2948 84 983 2949 88 983 2950 477 983 2951 477 984 2952 88 984 2953 93 984 2954 386 985 2955 477 985 2956 1128 985 2957 1128 986 2958 1127 986 2959 371 986 2960 1147 987 2961 371 987 2962 1159 987 2963 1159 988 2964 371 988 2965 1160 988 2966 1127 989 2967 1160 989 2968 371 989 2969 386 990 2970 1147 990 2971 1146 990 2972 1126 991 2973 93 991 2974 1155 991 2975 1146 992 2976 1159 992 2977 1158 992 2978 1153 993 2979 1126 993 2980 1160 993 2981 1158 994 2982 1159 994 2983 1160 994 2984 1148 995 2985 386 995 2986 1146 995 2987 1129 996 2988 97 996 2989 1154 996 2990 1155 997 2991 1129 997 2992 1158 997 2993 1154 998 2994 1148 998 2995 1146 998 2996 1148 999 2997 1149 999 2998 385 999 2999 1130 1000 3000 1154 1000 3001 100 1000 3002 1130 1001 3003 1152 1001 3004 1156 1001 3005 1156 1002 3006 1149 1002 3007 1148 1002 3008 1149 1003 3009 1150 1003 3010 385 1003 3011 104 1004 3012 1152 1004 3013 100 1004 3014 1149 1005 3015 1157 1005 3016 1150 1005 3017 1151 1006 3018 1156 1006 3019 1152 1006 3020 446 1007 3021 1132 1007 3022 1131 1007 3023 1132 1008 3024 376 1008 3025 1131 1008 3026 376 1009 3027 1150 1009 3028 1157 1009 3029 1131 1010 3030 1157 1010 3031 1151 1010 3032 446 1011 3033 104 1011 3034 109 1011 3035 446 1012 3036 109 1012 3037 113 1012 3038 113 1013 3039 117 1013 3040 446 1013 3041 446 1014 3042 117 1014 3043 460 1014 3044 178 1015 3045 175 1015 3046 349 1015 3047 349 1016 3048 175 1016 3049 170 1016 3050 349 1017 3051 170 1017 3052 184 1017 3053 184 1018 3054 189 1018 3055 349 1018 3056 349 1019 3057 189 1019 3058 192 1019 3059 349 1020 3060 192 1020 3061 197 1020 3062 197 1021 3063 201 1021 3064 349 1021 3065 349 1022 3066 201 1022 3067 205 1022 3068 349 1023 3069 205 1023 3070 428 1023 3071 428 1024 3072 205 1024 3073 209 1024 3074 428 1025 3075 209 1025 3076 213 1025 3077 213 1026 3078 217 1026 3079 428 1026 3080 428 1027 3081 217 1027 3082 221 1027 3083 428 1028 3084 221 1028 3085 225 1028 3086 225 1029 3087 229 1029 3088 428 1029 3089 428 1030 3090 229 1030 3091 232 1030 3092 428 1031 3093 232 1031 3094 390 1031 3095 390 1032 3096 232 1032 3097 237 1032 3098 390 1033 3099 237 1033 3100 241 1033 3101 241 1034 3102 245 1034 3103 390 1034 3104 390 1035 3105 245 1035 3106 248 1035 3107 281 1036 3108 285 1036 3109 343 1036 3110 343 1037 3111 285 1037 3112 181 1037 3113 343 1038 3114 181 1038 3115 178 1038 3116 343 1039 3117 178 1039 3118 349 1039 3119 453 1040 3120 343 1040 3121 620 1040 3122 620 1041 3123 343 1041 3124 345 1041 3125 620 1042 3126 345 1042 3127 627 1042 3128 627 1043 3129 345 1043 3130 1005 1043 3131 1005 1044 3132 345 1044 3133 1001 1044 3134 1001 1045 3135 345 1045 3136 996 1045 3137 996 1046 3138 345 1046 3139 992 1046 3140 992 1047 3141 345 1047 3142 986 1047 3143 473 1048 3144 481 1048 3145 81 1048 3146 388 1049 3147 442 1049 3148 390 1049 3149 390 1050 3150 442 1050 3151 441 1050 3152 390 1051 3153 441 1051 3154 439 1051 3155 439 1052 3156 437 1052 3157 390 1052 3158 390 1053 3159 437 1053 3160 435 1053 3161 390 1054 3162 435 1054 3163 433 1054 3164 433 1055 3165 431 1055 3166 390 1055 3167 390 1056 3168 431 1056 3169 428 1056 3170 428 1057 3171 616 1057 3172 349 1057 3173 349 1058 3174 616 1058 3175 351 1058 3176 351 1059 3177 616 1059 3178 1029 1059 3179 351 1060 3180 1029 1060 3181 1024 1060 3182 1024 1061 3183 1020 1061 3184 351 1061 3185 351 1062 3186 1020 1062 3187 1017 1062 3188 351 1063 3189 1017 1063 3190 1013 1063 3191 1032 1064 3192 1031 1064 3193 1142 1064 3194 476 1065 3195 471 1065 3196 478 1065 3197 478 1066 3198 471 1066 3199 482 1066 3200 478 1067 3201 482 1067 3202 487 1067 3203 487 1068 3204 482 1068 3205 491 1068 3206 487 1069 3207 491 1069 3208 497 1069 3209 497 1070 3210 491 1070 3211 501 1070 3212 497 1071 3213 501 1071 3214 505 1071 3215 505 1072 3216 501 1072 3217 507 1072 3218 505 1073 3219 1145 1073 3220 1142 1073 3221 1145 1074 3222 507 1074 3223 1141 1074 3224 478 1075 3225 575 1075 3226 476 1075 3227 476 1076 3228 575 1076 3229 581 1076 3230 476 1077 3231 581 1077 3232 585 1077 3233 478 1078 3234 487 1078 3235 575 1078 3236 575 1079 3237 487 1079 3238 589 1079 3239 575 1080 3240 589 1080 3241 593 1080 3242 593 1081 3243 589 1081 3244 597 1081 3245 597 1082 3246 589 1082 3247 600 1082 3248 600 1083 3249 589 1083 3250 497 1083 3251 600 1084 3252 497 1084 3253 505 1084 3254 487 1085 3255 497 1085 3256 589 1085 3257 593 1086 3258 581 1086 3259 575 1086 3260 505 1087 3261 1143 1087 3262 600 1087 3263 1133 1088 3264 600 1088 3265 1139 1088 3266 1134 1089 3267 617 1089 3268 600 1089 3269 600 1090 3270 1133 1090 3271 1134 1090 3272 617 1091 3273 621 1091 3274 600 1091 3275 600 1092 3276 621 1092 3277 597 1092 3278 597 1093 3279 621 1093 3280 624 1093 3281 597 1094 3282 624 1094 3283 593 1094 3284 593 1095 3285 624 1095 3286 628 1095 3287 593 1096 3288 628 1096 3289 581 1096 3290 581 1097 3291 628 1097 3292 632 1097 3293 581 1098 3294 632 1098 3295 585 1098 3296 1124 1099 3297 632 1099 3298 515 1099 3299 632 1100 3300 1101 1100 3301 585 1100 3302 509 1101 3303 1076 1101 3304 585 1101 3305 501 1102 3306 1064 1102 3307 507 1102 3308 507 1103 3309 1064 1103 3310 621 1103 3311 507 1104 3312 621 1104 3313 617 1104 3314 501 1105 3315 491 1105 3316 1064 1105 3317 1064 1106 3318 491 1106 3319 1067 1106 3320 1064 1107 3321 1067 1107 3322 624 1107 3323 624 1108 3324 1067 1108 3325 628 1108 3326 628 1109 3327 1067 1109 3328 632 1109 3329 632 1110 3330 1067 1110 3331 482 1110 3332 632 1111 3333 482 1111 3334 471 1111 3335 491 1112 3336 482 1112 3337 1067 1112 3338 624 1113 3339 621 1113 3340 1064 1113 3341 507 1114 3342 1144 1114 3343 1141 1114 3344 1137 1115 3345 1144 1115 3346 617 1115 3347 1101 1116 3348 1124 1116 3349 1125 1116 3350 1076 1117 3351 3 1117 3352 1077 1117 3353 4 1118 3354 1077 1118 3355 3 1118 3356 6 1119 3357 1078 1119 3358 4 1119 3359 9 1120 3360 11 1120 3361 0 1120 3362 0 1121 3363 11 1121 3364 13 1121 3365 0 1122 3366 13 1122 3367 15 1122 3368 17 1123 3369 1080 1123 3370 1081 1123 3371 9 1124 3372 17 1124 3373 19 1124 3374 9 1125 3375 19 1125 3376 20 1125 3377 1082 1126 3378 22 1126 3379 1083 1126 3380 25 1127 3381 1083 1127 3382 22 1127 3383 27 1128 3384 1084 1128 3385 25 1128 3386 29 1129 3387 1079 1129 3388 6 1129 3389 31 1130 3390 1086 1130 3391 29 1130 3392 33 1131 3393 1087 1131 3394 31 1131 3395 35 1132 3396 1088 1132 3397 33 1132 3398 1090 1133 3399 35 1133 3400 36 1133 3401 1091 1134 3402 36 1134 3403 38 1134 3404 1092 1135 3405 38 1135 3406 40 1135 3407 1093 1136 3408 40 1136 3409 42 1136 3410 1094 1137 3411 42 1137 3412 44 1137 3413 47 1138 3414 48 1138 3415 44 1138 3416 44 1139 3417 48 1139 3418 22 1139 3419 1082 1140 3420 44 1140 3421 22 1140 3422 48 1141 3423 47 1141 3424 50 1141 3425 50 1142 3426 47 1142 3427 52 1142 3428 50 1143 3429 52 1143 3430 55 1143 3431 55 1144 3432 52 1144 3433 56 1144 3434 55 1145 3435 56 1145 3436 59 1145 3437 59 1146 3438 56 1146 3439 60 1146 3440 59 1147 3441 60 1147 3442 62 1147 3443 62 1148 3444 60 1148 3445 64 1148 3446 62 1149 3447 64 1149 3448 66 1149 3449 66 1150 3450 64 1150 3451 68 1150 3452 66 1151 3453 68 1151 3454 70 1151 3455 70 1152 3456 68 1152 3457 72 1152 3458 70 1153 3459 72 1153 3460 74 1153 3461 74 1154 3462 72 1154 3463 77 1154 3464 74 1155 3465 77 1155 3466 78 1155 3467 78 1156 3468 77 1156 3469 80 1156 3470 78 1157 3471 80 1157 3472 83 1157 3473 83 1158 3474 80 1158 3475 85 1158 3476 83 1159 3477 85 1159 3478 87 1159 3479 87 1160 3480 85 1160 3481 89 1160 3482 87 1161 3483 89 1161 3484 91 1161 3485 91 1162 3486 89 1162 3487 92 1162 3488 91 1163 3489 92 1163 3490 95 1163 3491 95 1164 3492 92 1164 3493 11 1164 3494 95 1165 3495 11 1165 3496 9 1165 3497 15 1166 3498 96 1166 3499 0 1166 3500 0 1167 3501 96 1167 3502 98 1167 3503 0 1168 3504 98 1168 3505 101 1168 3506 101 1169 3507 103 1169 3508 0 1169 3509 0 1170 3510 103 1170 3511 105 1170 3512 0 1171 3513 105 1171 3514 106 1171 3515 106 1172 3516 108 1172 3517 0 1172 3518 0 1173 3519 108 1173 3520 3 1173 3521 111 1174 3522 1085 1174 3523 27 1174 3524 112 1175 3525 1096 1175 3526 111 1175 3527 115 1176 3528 1097 1176 3529 112 1176 3530 115 1177 3531 1099 1177 3532 1098 1177 3533 116 1178 3534 1100 1178 3535 1099 1178 3536 119 1179 3537 1102 1179 3538 1100 1179 3539 121 1180 3540 1103 1180 3541 1102 1180 3542 123 1181 3543 1104 1181 3544 1103 1181 3545 125 1182 3546 1081 1182 3547 1104 1182 3548 20 1183 3549 127 1183 3550 9 1183 3551 9 1184 3552 127 1184 3553 129 1184 3554 9 1185 3555 129 1185 3556 131 1185 3557 131 1186 3558 133 1186 3559 9 1186 3560 9 1187 3561 133 1187 3562 135 1187 3563 9 1188 3564 135 1188 3565 136 1188 3566 136 1189 3567 139 1189 3568 9 1189 3569 9 1190 3570 139 1190 3571 95 1190 3572 70 1191 3573 141 1191 3574 66 1191 3575 66 1192 3576 141 1192 3577 143 1192 3578 66 1193 3579 143 1193 3580 62 1193 3581 62 1194 3582 143 1194 3583 145 1194 3584 62 1195 3585 145 1195 3586 59 1195 3587 59 1196 3588 145 1196 3589 147 1196 3590 59 1197 3591 147 1197 3592 55 1197 3593 55 1198 3594 147 1198 3595 148 1198 3596 55 1199 3597 148 1199 3598 50 1199 3599 50 1200 3600 148 1200 3601 151 1200 3602 50 1201 3603 151 1201 3604 48 1201 3605 48 1202 3606 151 1202 3607 153 1202 3608 48 1203 3609 153 1203 3610 22 1203 3611 22 1204 3612 153 1204 3613 154 1204 3614 22 1205 3615 154 1205 3616 25 1205 3617 25 1206 3618 154 1206 3619 157 1206 3620 25 1207 3621 157 1207 3622 27 1207 3623 27 1208 3624 157 1208 3625 158 1208 3626 27 1209 3627 158 1209 3628 111 1209 3629 111 1210 3630 158 1210 3631 160 1210 3632 111 1211 3633 160 1211 3634 112 1211 3635 112 1212 3636 160 1212 3637 163 1212 3638 112 1213 3639 163 1213 3640 115 1213 3641 115 1214 3642 163 1214 3643 165 1214 3644 115 1215 3645 165 1215 3646 116 1215 3647 116 1216 3648 165 1216 3649 166 1216 3650 116 1217 3651 166 1217 3652 119 1217 3653 119 1218 3654 166 1218 3655 168 1218 3656 119 1219 3657 168 1219 3658 121 1219 3659 121 1220 3660 168 1220 3661 171 1220 3662 121 1221 3663 171 1221 3664 123 1221 3665 123 1222 3666 171 1222 3667 173 1222 3668 123 1223 3669 173 1223 3670 125 1223 3671 125 1224 3672 173 1224 3673 174 1224 3674 125 1225 3675 174 1225 3676 17 1225 3677 17 1226 3678 174 1226 3679 177 1226 3680 17 1227 3681 177 1227 3682 19 1227 3683 19 1228 3684 177 1228 3685 179 1228 3686 19 1229 3687 179 1229 3688 20 1229 3689 20 1230 3690 179 1230 3691 180 1230 3692 20 1231 3693 180 1231 3694 127 1231 3695 127 1232 3696 180 1232 3697 183 1232 3698 127 1233 3699 183 1233 3700 129 1233 3701 129 1234 3702 183 1234 3703 185 1234 3704 129 1235 3705 185 1235 3706 131 1235 3707 131 1236 3708 185 1236 3709 186 1236 3710 131 1237 3711 186 1237 3712 133 1237 3713 133 1238 3714 186 1238 3715 188 1238 3716 133 1239 3717 188 1239 3718 135 1239 3719 135 1240 3720 188 1240 3721 191 1240 3722 135 1241 3723 191 1241 3724 136 1241 3725 136 1242 3726 191 1242 3727 193 1242 3728 136 1243 3729 193 1243 3730 139 1243 3731 139 1244 3732 193 1244 3733 195 1244 3734 139 1245 3735 195 1245 3736 95 1245 3737 95 1246 3738 195 1246 3739 196 1246 3740 95 1247 3741 196 1247 3742 91 1247 3743 91 1248 3744 196 1248 3745 198 1248 3746 91 1249 3747 198 1249 3748 87 1249 3749 87 1250 3750 198 1250 3751 200 1250 3752 87 1251 3753 200 1251 3754 83 1251 3755 83 1252 3756 200 1252 3757 202 1252 3758 83 1253 3759 202 1253 3760 78 1253 3761 78 1254 3762 202 1254 3763 204 1254 3764 78 1255 3765 204 1255 3766 74 1255 3767 74 1256 3768 204 1256 3769 206 1256 3770 74 1257 3771 206 1257 3772 70 1257 3773 70 1258 3774 206 1258 3775 141 1258 3776 145 1259 3777 143 1259 3778 208 1259 3779 208 1260 3780 143 1260 3781 141 1260 3782 208 1261 3783 141 1261 3784 210 1261 3785 210 1262 3786 141 1262 3787 206 1262 3788 210 1263 3789 206 1263 3790 212 1263 3791 212 1264 3792 206 1264 3793 204 1264 3794 212 1265 3795 204 1265 3796 214 1265 3797 214 1266 3798 204 1266 3799 202 1266 3800 214 1267 3801 202 1267 3802 200 1267 3803 214 1268 3804 200 1268 3805 216 1268 3806 216 1269 3807 200 1269 3808 198 1269 3809 216 1270 3810 198 1270 3811 218 1270 3812 218 1271 3813 198 1271 3814 196 1271 3815 218 1272 3816 196 1272 3817 220 1272 3818 220 1273 3819 196 1273 3820 195 1273 3821 220 1274 3822 195 1274 3823 193 1274 3824 220 1275 3825 193 1275 3826 222 1275 3827 222 1276 3828 193 1276 3829 191 1276 3830 222 1277 3831 191 1277 3832 224 1277 3833 224 1278 3834 191 1278 3835 188 1278 3836 224 1279 3837 188 1279 3838 186 1279 3839 224 1280 3840 186 1280 3841 226 1280 3842 226 1281 3843 186 1281 3844 185 1281 3845 226 1282 3846 185 1282 3847 228 1282 3848 228 1283 3849 185 1283 3850 183 1283 3851 228 1284 3852 183 1284 3853 231 1284 3854 231 1285 3855 183 1285 3856 180 1285 3857 231 1286 3858 180 1286 3859 179 1286 3860 231 1287 3861 179 1287 3862 233 1287 3863 233 1288 3864 179 1288 3865 177 1288 3866 233 1289 3867 177 1289 3868 235 1289 3869 235 1290 3870 177 1290 3871 174 1290 3872 235 1291 3873 174 1291 3874 236 1291 3875 236 1292 3876 174 1292 3877 173 1292 3878 236 1293 3879 173 1293 3880 171 1293 3881 236 1294 3882 171 1294 3883 239 1294 3884 239 1295 3885 171 1295 3886 168 1295 3887 239 1296 3888 168 1296 3889 240 1296 3890 240 1297 3891 168 1297 3892 166 1297 3893 240 1298 3894 166 1298 3895 242 1298 3896 242 1299 3897 166 1299 3898 165 1299 3899 242 1300 3900 165 1300 3901 163 1300 3902 242 1301 3903 163 1301 3904 244 1301 3905 244 1302 3906 163 1302 3907 160 1302 3908 244 1303 3909 160 1303 3910 247 1303 3911 247 1304 3912 160 1304 3913 158 1304 3914 247 1305 3915 158 1305 3916 157 1305 3917 247 1306 3918 157 1306 3919 249 1306 3920 249 1307 3921 157 1307 3922 154 1307 3923 249 1308 3924 154 1308 3925 250 1308 3926 250 1309 3927 154 1309 3928 153 1309 3929 250 1310 3930 153 1310 3931 253 1310 3932 253 1311 3933 153 1311 3934 151 1311 3935 253 1312 3936 151 1312 3937 148 1312 3938 253 1313 3939 148 1313 3940 255 1313 3941 255 1314 3942 148 1314 3943 147 1314 3944 255 1315 3945 147 1315 3946 257 1315 3947 257 1316 3948 147 1316 3949 145 1316 3950 257 1317 3951 145 1317 3952 208 1317 3953 259 1318 3954 260 1318 3955 262 1318 3956 262 1319 3957 260 1319 3958 264 1319 3959 262 1320 3960 264 1320 3961 266 1320 3962 266 1321 3963 264 1321 3964 268 1321 3965 266 1322 3966 268 1322 3967 270 1322 3968 270 1323 3969 268 1323 3970 272 1323 3971 270 1324 3972 272 1324 3973 274 1324 3974 274 1325 3975 272 1325 3976 276 1325 3977 274 1326 3978 276 1326 3979 278 1326 3980 274 1327 3981 278 1327 3982 280 1327 3983 280 1328 3984 278 1328 3985 282 1328 3986 280 1329 3987 282 1329 3988 284 1329 3989 284 1330 3990 282 1330 3991 286 1330 3992 284 1331 3993 286 1331 3994 288 1331 3995 288 1332 3996 286 1332 3997 290 1332 3998 288 1333 3999 290 1333 4000 292 1333 4001 288 1334 4002 292 1334 4003 294 1334 4004 294 1335 4005 292 1335 4006 296 1335 4007 294 1336 4008 296 1336 4009 298 1336 4010 298 1337 4011 296 1337 4012 300 1337 4013 298 1338 4014 300 1338 4015 302 1338 4016 298 1339 4017 302 1339 4018 304 1339 4019 304 1340 4020 302 1340 4021 306 1340 4022 304 1341 4023 306 1341 4024 309 1341 4025 309 1342 4026 306 1342 4027 310 1342 4028 309 1343 4029 310 1343 4030 313 1343 4031 313 1344 4032 310 1344 4033 315 1344 4034 313 1345 4035 315 1345 4036 317 1345 4037 313 1346 4038 317 1346 4039 319 1346 4040 319 1347 4041 317 1347 4042 321 1347 4043 319 1348 4044 321 1348 4045 323 1348 4046 323 1349 4047 321 1349 4048 325 1349 4049 323 1350 4050 325 1350 4051 327 1350 4052 327 1351 4053 325 1351 4054 329 1351 4055 327 1352 4056 329 1352 4057 330 1352 4058 327 1353 4059 330 1353 4060 332 1353 4061 332 1354 4062 330 1354 4063 334 1354 4064 332 1355 4065 334 1355 4066 336 1355 4067 336 1356 4068 334 1356 4069 339 1356 4070 336 1357 4071 339 1357 4072 340 1357 4073 340 1358 4074 339 1358 4075 342 1358 4076 340 1359 4077 342 1359 4078 344 1359 4079 340 1360 4080 344 1360 4081 346 1360 4082 346 1361 4083 344 1361 4084 348 1361 4085 346 1362 4086 348 1362 4087 350 1362 4088 350 1363 4089 348 1363 4090 353 1363 4091 350 1364 4092 353 1364 4093 355 1364 4094 350 1365 4095 355 1365 4096 357 1365 4097 357 1366 4098 355 1366 4099 359 1366 4100 357 1367 4101 359 1367 4102 361 1367 4103 361 1368 4104 359 1368 4105 363 1368 4106 361 1369 4107 363 1369 4108 364 1369 4109 364 1370 4110 363 1370 4111 366 1370 4112 364 1371 4113 366 1371 4114 368 1371 4115 364 1372 4116 368 1372 4117 373 1372 4118 373 1373 4119 368 1373 4120 375 1373 4121 373 1374 4122 375 1374 4123 378 1374 4124 378 1375 4125 375 1375 4126 259 1375 4127 378 1376 4128 259 1376 4129 262 1376 4130 108 1377 4131 264 1377 4132 3 1377 4133 3 1378 4134 264 1378 4135 260 1378 4136 3 1379 4137 260 1379 4138 4 1379 4139 4 1380 4140 260 1380 4141 259 1380 4142 4 1381 4143 259 1381 4144 6 1381 4145 6 1382 4146 259 1382 4147 375 1382 4148 6 1383 4149 375 1383 4150 29 1383 4151 29 1384 4152 375 1384 4153 368 1384 4154 29 1385 4155 368 1385 4156 31 1385 4157 31 1386 4158 368 1386 4159 366 1386 4160 31 1387 4161 366 1387 4162 33 1387 4163 33 1388 4164 366 1388 4165 363 1388 4166 33 1389 4167 363 1389 4168 35 1389 4169 35 1390 4170 363 1390 4171 359 1390 4172 35 1391 4173 359 1391 4174 36 1391 4175 36 1392 4176 359 1392 4177 355 1392 4178 36 1393 4179 355 1393 4180 38 1393 4181 38 1394 4182 355 1394 4183 353 1394 4184 38 1395 4185 353 1395 4186 40 1395 4187 40 1396 4188 353 1396 4189 348 1396 4190 40 1397 4191 348 1397 4192 42 1397 4193 42 1398 4194 348 1398 4195 344 1398 4196 42 1399 4197 344 1399 4198 44 1399 4199 44 1400 4200 344 1400 4201 342 1400 4202 44 1401 4203 342 1401 4204 47 1401 4205 47 1402 4206 342 1402 4207 339 1402 4208 47 1403 4209 339 1403 4210 52 1403 4211 52 1404 4212 339 1404 4213 334 1404 4214 52 1405 4215 334 1405 4216 56 1405 4217 56 1406 4218 334 1406 4219 330 1406 4220 56 1407 4221 330 1407 4222 60 1407 4223 60 1408 4224 330 1408 4225 329 1408 4226 60 1409 4227 329 1409 4228 64 1409 4229 64 1410 4230 329 1410 4231 325 1410 4232 64 1411 4233 325 1411 4234 68 1411 4235 68 1412 4236 325 1412 4237 321 1412 4238 68 1413 4239 321 1413 4240 72 1413 4241 72 1414 4242 321 1414 4243 317 1414 4244 72 1415 4245 317 1415 4246 77 1415 4247 77 1416 4248 317 1416 4249 315 1416 4250 77 1417 4251 315 1417 4252 80 1417 4253 80 1418 4254 315 1418 4255 310 1418 4256 80 1419 4257 310 1419 4258 85 1419 4259 85 1420 4260 310 1420 4261 306 1420 4262 85 1421 4263 306 1421 4264 89 1421 4265 89 1422 4266 306 1422 4267 302 1422 4268 89 1423 4269 302 1423 4270 92 1423 4271 92 1424 4272 302 1424 4273 300 1424 4274 92 1425 4275 300 1425 4276 11 1425 4277 11 1426 4278 300 1426 4279 296 1426 4280 11 1427 4281 296 1427 4282 13 1427 4283 13 1428 4284 296 1428 4285 292 1428 4286 13 1429 4287 292 1429 4288 15 1429 4289 15 1430 4290 292 1430 4291 290 1430 4292 15 1431 4293 290 1431 4294 96 1431 4295 96 1432 4296 290 1432 4297 286 1432 4298 96 1433 4299 286 1433 4300 98 1433 4301 98 1434 4302 286 1434 4303 282 1434 4304 98 1435 4305 282 1435 4306 101 1435 4307 101 1436 4308 282 1436 4309 278 1436 4310 101 1437 4311 278 1437 4312 103 1437 4313 103 1438 4314 278 1438 4315 276 1438 4316 103 1439 4317 276 1439 4318 105 1439 4319 105 1440 4320 276 1440 4321 272 1440 4322 105 1441 4323 272 1441 4324 106 1441 4325 106 1442 4326 272 1442 4327 268 1442 4328 106 1443 4329 268 1443 4330 108 1443 4331 108 1444 4332 268 1444 4333 264 1444 4334 380 1445 4335 208 1445 4336 382 1445 4337 382 1446 4338 208 1446 4339 210 1446 4340 382 1447 4341 210 1447 4342 384 1447 4343 384 1448 4344 210 1448 4345 212 1448 4346 384 1449 4347 212 1449 4348 387 1449 4349 387 1450 4350 212 1450 4351 214 1450 4352 387 1451 4353 214 1451 4354 389 1451 4355 389 1452 4356 214 1452 4357 216 1452 4358 389 1453 4359 216 1453 4360 391 1453 4361 391 1454 4362 216 1454 4363 218 1454 4364 391 1455 4365 218 1455 4366 393 1455 4367 393 1456 4368 218 1456 4369 220 1456 4370 393 1457 4371 220 1457 4372 395 1457 4373 395 1458 4374 220 1458 4375 222 1458 4376 395 1459 4377 222 1459 4378 396 1459 4379 396 1460 4380 222 1460 4381 224 1460 4382 396 1461 4383 224 1461 4384 399 1461 4385 399 1462 4386 224 1462 4387 226 1462 4388 399 1463 4389 226 1463 4390 401 1463 4391 401 1464 4392 226 1464 4393 228 1464 4394 401 1465 4395 228 1465 4396 403 1465 4397 403 1466 4398 228 1466 4399 231 1466 4400 403 1467 4401 231 1467 4402 404 1467 4403 404 1468 4404 231 1468 4405 233 1468 4406 404 1469 4407 233 1469 4408 406 1469 4409 406 1470 4410 233 1470 4411 235 1470 4412 406 1471 4413 235 1471 4414 408 1471 4415 408 1472 4416 235 1472 4417 236 1472 4418 408 1473 4419 236 1473 4420 410 1473 4421 410 1474 4422 236 1474 4423 239 1474 4424 410 1475 4425 239 1475 4426 412 1475 4427 412 1476 4428 239 1476 4429 240 1476 4430 412 1477 4431 240 1477 4432 415 1477 4433 415 1478 4434 240 1478 4435 242 1478 4436 415 1479 4437 242 1479 4438 416 1479 4439 416 1480 4440 242 1480 4441 244 1480 4442 416 1481 4443 244 1481 4444 418 1481 4445 418 1482 4446 244 1482 4447 247 1482 4448 418 1483 4449 247 1483 4450 420 1483 4451 420 1484 4452 247 1484 4453 249 1484 4454 420 1485 4455 249 1485 4456 422 1485 4457 422 1486 4458 249 1486 4459 250 1486 4460 422 1487 4461 250 1487 4462 424 1487 4463 424 1488 4464 250 1488 4465 253 1488 4466 424 1489 4467 253 1489 4468 426 1489 4469 426 1490 4470 253 1490 4471 255 1490 4472 426 1491 4473 255 1491 4474 429 1491 4475 429 1492 4476 255 1492 4477 257 1492 4478 429 1493 4479 257 1493 4480 380 1493 4481 380 1494 4482 257 1494 4483 208 1494 4484 1062 1495 4485 503 1495 4486 499 1495 4487 434 1496 4488 262 1496 4489 436 1496 4490 436 1497 4491 262 1497 4492 266 1497 4493 436 1498 4494 266 1498 4495 438 1498 4496 438 1499 4497 266 1499 4498 270 1499 4499 438 1500 4500 270 1500 4501 440 1500 4502 440 1501 4503 270 1501 4504 274 1501 4505 440 1502 4506 274 1502 4507 443 1502 4508 443 1503 4509 274 1503 4510 280 1503 4511 443 1504 4512 280 1504 4513 445 1504 4514 445 1505 4515 280 1505 4516 284 1505 4517 445 1506 4518 284 1506 4519 447 1506 4520 447 1507 4521 284 1507 4522 288 1507 4523 447 1508 4524 288 1508 4525 448 1508 4526 448 1509 4527 288 1509 4528 294 1509 4529 448 1510 4530 294 1510 4531 451 1510 4532 451 1511 4533 294 1511 4534 298 1511 4535 451 1512 4536 298 1512 4537 452 1512 4538 452 1513 4539 298 1513 4540 304 1513 4541 452 1514 4542 304 1514 4543 454 1514 4544 454 1515 4545 304 1515 4546 309 1515 4547 454 1516 4548 309 1516 4549 456 1516 4550 456 1517 4551 309 1517 4552 313 1517 4553 456 1518 4554 313 1518 4555 459 1518 4556 459 1519 4557 313 1519 4558 319 1519 4559 459 1520 4560 319 1520 4561 461 1520 4562 461 1521 4563 319 1521 4564 323 1521 4565 461 1522 4566 323 1522 4567 463 1522 4568 463 1523 4569 323 1523 4570 327 1523 4571 463 1524 4572 327 1524 4573 464 1524 4574 464 1525 4575 327 1525 4576 332 1525 4577 464 1526 4578 332 1526 4579 466 1526 4580 466 1527 4581 332 1527 4582 336 1527 4583 466 1528 4584 336 1528 4585 468 1528 4586 468 1529 4587 336 1529 4588 340 1529 4589 468 1530 4590 340 1530 4591 472 1530 4592 472 1531 4593 340 1531 4594 346 1531 4595 472 1532 4596 346 1532 4597 474 1532 4598 474 1533 4599 346 1533 4600 350 1533 4601 474 1534 4602 350 1534 4603 480 1534 4604 480 1535 4605 350 1535 4606 357 1535 4607 480 1536 4608 357 1536 4609 484 1536 4610 484 1537 4611 357 1537 4612 361 1537 4613 484 1538 4614 361 1538 4615 488 1538 4616 488 1539 4617 361 1539 4618 364 1539 4619 488 1540 4620 364 1540 4621 492 1540 4622 492 1541 4623 364 1541 4624 373 1541 4625 492 1542 4626 373 1542 4627 494 1542 4628 494 1543 4629 373 1543 4630 378 1543 4631 494 1544 4632 378 1544 4633 434 1544 4634 434 1545 4635 378 1545 4636 262 1545 4637 509 1546 4638 511 1546 4639 512 1546 4640 512 1547 4641 511 1547 4642 515 1547 4643 509 1548 4644 517 1548 4645 430 1548 4646 430 1549 4647 517 1549 4648 519 1549 4649 430 1550 4650 519 1550 4651 521 1550 4652 512 1551 4653 523 1551 4654 509 1551 4655 509 1552 4656 523 1552 4657 525 1552 4658 509 1553 4659 525 1553 4660 526 1553 4661 432 1554 4662 528 1554 4663 512 1554 4664 512 1555 4665 528 1555 4666 531 1555 4667 512 1556 4668 531 1556 4669 533 1556 4670 430 1557 4671 534 1557 4672 432 1557 4673 432 1558 4674 534 1558 4675 536 1558 4676 432 1559 4677 536 1559 4678 538 1559 4679 521 1560 4680 540 1560 4681 430 1560 4682 430 1561 4683 540 1561 4684 543 1561 4685 430 1562 4686 543 1562 4687 545 1562 4688 545 1563 4689 547 1563 4690 430 1563 4691 430 1564 4692 547 1564 4693 548 1564 4694 430 1565 4695 548 1565 4696 550 1565 4697 550 1566 4698 552 1566 4699 430 1566 4700 430 1567 4701 552 1567 4702 554 1567 4703 430 1568 4704 554 1568 4705 534 1568 4706 534 1569 4707 554 1569 4708 556 1569 4709 556 1570 4710 554 1570 4711 558 1570 4712 556 1571 4713 558 1571 4714 561 1571 4715 561 1572 4716 558 1572 4717 563 1572 4718 561 1573 4719 563 1573 4720 565 1573 4721 565 1574 4722 563 1574 4723 567 1574 4724 565 1575 4725 567 1575 4726 568 1575 4727 568 1576 4728 567 1576 4729 570 1576 4730 568 1577 4731 570 1577 4732 573 1577 4733 573 1578 4734 570 1578 4735 576 1578 4736 573 1579 4737 576 1579 4738 578 1579 4739 578 1580 4740 576 1580 4741 582 1580 4742 578 1581 4743 582 1581 4744 586 1581 4745 586 1582 4746 582 1582 4747 590 1582 4748 586 1583 4749 590 1583 4750 594 1583 4751 594 1584 4752 590 1584 4753 598 1584 4754 594 1585 4755 598 1585 4756 603 1585 4757 603 1586 4758 598 1586 4759 605 1586 4760 603 1587 4761 605 1587 4762 607 1587 4763 607 1588 4764 605 1588 4765 609 1588 4766 607 1589 4767 609 1589 4768 611 1589 4769 611 1590 4770 609 1590 4771 613 1590 4772 611 1591 4773 613 1591 4774 614 1591 4775 614 1592 4776 613 1592 4777 618 1592 4778 614 1593 4779 618 1593 4780 623 1593 4781 623 1594 4782 618 1594 4783 626 1594 4784 623 1595 4785 626 1595 4786 630 1595 4787 630 1596 4788 626 1596 4789 523 1596 4790 630 1597 4791 523 1597 4792 512 1597 4793 526 1598 4794 634 1598 4795 509 1598 4796 509 1599 4797 634 1599 4798 636 1599 4799 509 1600 4800 636 1600 4801 638 1600 4802 638 1601 4803 640 1601 4804 509 1601 4805 509 1602 4806 640 1602 4807 643 1602 4808 509 1603 4809 643 1603 4810 644 1603 4811 644 1604 4812 646 1604 4813 509 1604 4814 509 1605 4815 646 1605 4816 517 1605 4817 648 1606 4818 650 1606 4819 432 1606 4820 432 1607 4821 650 1607 4822 652 1607 4823 432 1608 4824 652 1608 4825 528 1608 4826 533 1609 4827 655 1609 4828 512 1609 4829 512 1610 4830 655 1610 4831 657 1610 4832 512 1611 4833 657 1611 4834 659 1611 4835 659 1612 4836 661 1612 4837 512 1612 4838 512 1613 4839 661 1613 4840 663 1613 4841 512 1614 4842 663 1614 4843 665 1614 4844 665 1615 4845 667 1615 4846 512 1615 4847 512 1616 4848 667 1616 4849 630 1616 4850 538 1617 4851 669 1617 4852 432 1617 4853 432 1618 4854 669 1618 4855 671 1618 4856 432 1619 4857 671 1619 4858 672 1619 4859 672 1620 4860 675 1620 4861 432 1620 4862 432 1621 4863 675 1621 4864 648 1621 4865 519 1622 4866 676 1622 4867 521 1622 4868 521 1623 4869 676 1623 4870 679 1623 4871 521 1624 4872 679 1624 4873 540 1624 4874 540 1625 4875 679 1625 4876 681 1625 4877 540 1626 4878 681 1626 4879 543 1626 4880 543 1627 4881 681 1627 4882 683 1627 4883 543 1628 4884 683 1628 4885 545 1628 4886 545 1629 4887 683 1629 4888 685 1629 4889 545 1630 4890 685 1630 4891 547 1630 4892 547 1631 4893 685 1631 4894 687 1631 4895 547 1632 4896 687 1632 4897 548 1632 4898 548 1633 4899 687 1633 4900 689 1633 4901 548 1634 4902 689 1634 4903 550 1634 4904 550 1635 4905 689 1635 4906 691 1635 4907 550 1636 4908 691 1636 4909 552 1636 4910 552 1637 4911 691 1637 4912 693 1637 4913 552 1638 4914 693 1638 4915 554 1638 4916 554 1639 4917 693 1639 4918 694 1639 4919 554 1640 4920 694 1640 4921 558 1640 4922 558 1641 4923 694 1641 4924 696 1641 4925 558 1642 4926 696 1642 4927 563 1642 4928 563 1643 4929 696 1643 4930 698 1643 4931 563 1644 4932 698 1644 4933 567 1644 4934 567 1645 4935 698 1645 4936 700 1645 4937 567 1646 4938 700 1646 4939 570 1646 4940 570 1647 4941 700 1647 4942 702 1647 4943 570 1648 4944 702 1648 4945 576 1648 4946 576 1649 4947 702 1649 4948 705 1649 4949 576 1650 4950 705 1650 4951 582 1650 4952 582 1651 4953 705 1651 4954 706 1651 4955 582 1652 4956 706 1652 4957 590 1652 4958 590 1653 4959 706 1653 4960 709 1653 4961 590 1654 4962 709 1654 4963 598 1654 4964 598 1655 4965 709 1655 4966 710 1655 4967 598 1656 4968 710 1656 4969 605 1656 4970 605 1657 4971 710 1657 4972 712 1657 4973 605 1658 4974 712 1658 4975 609 1658 4976 609 1659 4977 712 1659 4978 715 1659 4979 609 1660 4980 715 1660 4981 613 1660 4982 613 1661 4983 715 1661 4984 717 1661 4985 613 1662 4986 717 1662 4987 618 1662 4988 618 1663 4989 717 1663 4990 719 1663 4991 618 1664 4992 719 1664 4993 626 1664 4994 626 1665 4995 719 1665 4996 721 1665 4997 626 1666 4998 721 1666 4999 523 1666 5000 523 1667 5001 721 1667 5002 722 1667 5003 523 1668 5004 722 1668 5005 525 1668 5006 525 1669 5007 722 1669 5008 724 1669 5009 525 1670 5010 724 1670 5011 526 1670 5012 526 1671 5013 724 1671 5014 727 1671 5015 526 1672 5016 727 1672 5017 634 1672 5018 634 1673 5019 727 1673 5020 729 1673 5021 634 1674 5022 729 1674 5023 636 1674 5024 636 1675 5025 729 1675 5026 731 1675 5027 636 1676 5028 731 1676 5029 638 1676 5030 638 1677 5031 731 1677 5032 733 1677 5033 638 1678 5034 733 1678 5035 640 1678 5036 640 1679 5037 733 1679 5038 735 1679 5039 640 1680 5040 735 1680 5041 643 1680 5042 643 1681 5043 735 1681 5044 737 1681 5045 643 1682 5046 737 1682 5047 644 1682 5048 644 1683 5049 737 1683 5050 739 1683 5051 644 1684 5052 739 1684 5053 646 1684 5054 646 1685 5055 739 1685 5056 740 1685 5057 646 1686 5058 740 1686 5059 517 1686 5060 517 1687 5061 740 1687 5062 742 1687 5063 517 1688 5064 742 1688 5065 519 1688 5066 519 1689 5067 742 1689 5068 676 1689 5069 438 1690 5070 742 1690 5071 436 1690 5072 436 1691 5073 742 1691 5074 740 1691 5075 436 1692 5076 740 1692 5077 739 1692 5078 742 1693 5079 438 1693 5080 676 1693 5081 676 1694 5082 438 1694 5083 440 1694 5084 676 1695 5085 440 1695 5086 679 1695 5087 679 1696 5088 440 1696 5089 443 1696 5090 679 1697 5091 443 1697 5092 681 1697 5093 681 1698 5094 443 1698 5095 683 1698 5096 683 1699 5097 443 1699 5098 445 1699 5099 683 1700 5100 445 1700 5101 685 1700 5102 685 1701 5103 445 1701 5104 447 1701 5105 685 1702 5106 447 1702 5107 687 1702 5108 687 1703 5109 447 1703 5110 689 1703 5111 689 1704 5112 447 1704 5113 448 1704 5114 689 1705 5115 448 1705 5116 691 1705 5117 691 1706 5118 448 1706 5119 451 1706 5120 691 1707 5121 451 1707 5122 693 1707 5123 693 1708 5124 451 1708 5125 452 1708 5126 693 1709 5127 452 1709 5128 694 1709 5129 694 1710 5130 452 1710 5131 696 1710 5132 696 1711 5133 452 1711 5134 454 1711 5135 696 1712 5136 454 1712 5137 698 1712 5138 698 1713 5139 454 1713 5140 456 1713 5141 698 1714 5142 456 1714 5143 700 1714 5144 700 1715 5145 456 1715 5146 459 1715 5147 700 1716 5148 459 1716 5149 702 1716 5150 702 1717 5151 459 1717 5152 705 1717 5153 705 1718 5154 459 1718 5155 461 1718 5156 705 1719 5157 461 1719 5158 706 1719 5159 706 1720 5160 461 1720 5161 463 1720 5162 706 1721 5163 463 1721 5164 709 1721 5165 709 1722 5166 463 1722 5167 464 1722 5168 709 1723 5169 464 1723 5170 710 1723 5171 710 1724 5172 464 1724 5173 712 1724 5174 712 1725 5175 464 1725 5176 466 1725 5177 712 1726 5178 466 1726 5179 715 1726 5180 715 1727 5181 466 1727 5182 468 1727 5183 715 1728 5184 468 1728 5185 717 1728 5186 717 1729 5187 468 1729 5188 472 1729 5189 717 1730 5190 472 1730 5191 719 1730 5192 719 1731 5193 472 1731 5194 721 1731 5195 721 1732 5196 472 1732 5197 474 1732 5198 721 1733 5199 474 1733 5200 722 1733 5201 722 1734 5202 474 1734 5203 480 1734 5204 722 1735 5205 480 1735 5206 724 1735 5207 724 1736 5208 480 1736 5209 727 1736 5210 727 1737 5211 480 1737 5212 484 1737 5213 727 1738 5214 484 1738 5215 729 1738 5216 729 1739 5217 484 1739 5218 488 1739 5219 729 1740 5220 488 1740 5221 731 1740 5222 731 1741 5223 488 1741 5224 492 1741 5225 731 1742 5226 492 1742 5227 733 1742 5228 733 1743 5229 492 1743 5230 735 1743 5231 735 1744 5232 492 1744 5233 494 1744 5234 735 1745 5235 494 1745 5236 737 1745 5237 737 1746 5238 494 1746 5239 434 1746 5240 737 1747 5241 434 1747 5242 739 1747 5243 739 1748 5244 434 1748 5245 436 1748 5246 744 1749 5247 747 1749 5248 749 1749 5249 749 1750 5250 747 1750 5251 750 1750 5252 749 1751 5253 750 1751 5254 752 1751 5255 752 1752 5256 750 1752 5257 754 1752 5258 752 1753 5259 754 1753 5260 756 1753 5261 756 1754 5262 754 1754 5263 758 1754 5264 756 1755 5265 758 1755 5266 761 1755 5267 761 1756 5268 758 1756 5269 762 1756 5270 761 1757 5271 762 1757 5272 765 1757 5273 765 1758 5274 762 1758 5275 766 1758 5276 765 1759 5277 766 1759 5278 768 1759 5279 768 1760 5280 766 1760 5281 770 1760 5282 768 1761 5283 770 1761 5284 772 1761 5285 772 1762 5286 770 1762 5287 774 1762 5288 772 1763 5289 774 1763 5290 777 1763 5291 777 1764 5292 774 1764 5293 778 1764 5294 777 1765 5295 778 1765 5296 780 1765 5297 780 1766 5298 778 1766 5299 782 1766 5300 780 1767 5301 782 1767 5302 784 1767 5303 784 1768 5304 782 1768 5305 786 1768 5306 784 1769 5307 786 1769 5308 789 1769 5309 789 1770 5310 786 1770 5311 790 1770 5312 789 1771 5313 790 1771 5314 792 1771 5315 792 1772 5316 790 1772 5317 794 1772 5318 792 1773 5319 794 1773 5320 796 1773 5321 796 1774 5322 794 1774 5323 798 1774 5324 796 1775 5325 798 1775 5326 800 1775 5327 800 1776 5328 798 1776 5329 803 1776 5330 800 1777 5331 803 1777 5332 804 1777 5333 804 1778 5334 803 1778 5335 806 1778 5336 804 1779 5337 806 1779 5338 808 1779 5339 808 1780 5340 806 1780 5341 810 1780 5342 808 1781 5343 810 1781 5344 812 1781 5345 812 1782 5346 810 1782 5347 814 1782 5348 812 1783 5349 814 1783 5350 817 1783 5351 817 1784 5352 814 1784 5353 818 1784 5354 817 1785 5355 818 1785 5356 821 1785 5357 821 1786 5358 818 1786 5359 823 1786 5360 821 1787 5361 823 1787 5362 825 1787 5363 825 1788 5364 823 1788 5365 827 1788 5366 825 1789 5367 827 1789 5368 829 1789 5369 829 1790 5370 827 1790 5371 831 1790 5372 829 1791 5373 831 1791 5374 833 1791 5375 833 1792 5376 831 1792 5377 835 1792 5378 833 1793 5379 835 1793 5380 837 1793 5381 837 1794 5382 835 1794 5383 839 1794 5384 837 1795 5385 839 1795 5386 744 1795 5387 744 1796 5388 839 1796 5389 747 1796 5390 515 1797 5391 841 1797 5392 503 1797 5393 503 1798 5394 841 1798 5395 843 1798 5396 503 1799 5397 843 1799 5398 845 1799 5399 511 1800 5400 766 1800 5401 515 1800 5402 515 1801 5403 766 1801 5404 846 1801 5405 515 1802 5406 846 1802 5407 849 1802 5408 499 1803 5409 798 1803 5410 511 1803 5411 511 1804 5412 798 1804 5413 794 1804 5414 511 1805 5415 794 1805 5416 790 1805 5417 503 1806 5418 831 1806 5419 499 1806 5420 499 1807 5421 831 1807 5422 827 1807 5423 499 1808 5424 827 1808 5425 823 1808 5426 747 1809 5427 851 1809 5428 750 1809 5429 750 1810 5430 851 1810 5431 853 1810 5432 750 1811 5433 853 1811 5434 855 1811 5435 851 1812 5436 747 1812 5437 857 1812 5438 857 1813 5439 747 1813 5440 839 1813 5441 857 1814 5442 839 1814 5443 859 1814 5444 859 1815 5445 839 1815 5446 835 1815 5447 859 1816 5448 835 1816 5449 831 1816 5450 823 1817 5451 818 1817 5452 499 1817 5453 499 1818 5454 818 1818 5455 814 1818 5456 499 1819 5457 814 1819 5458 810 1819 5459 810 1820 5460 806 1820 5461 499 1820 5462 499 1821 5463 806 1821 5464 803 1821 5465 499 1822 5466 803 1822 5467 798 1822 5468 790 1823 5469 786 1823 5470 511 1823 5471 511 1824 5472 786 1824 5473 782 1824 5474 511 1825 5475 782 1825 5476 778 1825 5477 778 1826 5478 774 1826 5479 511 1826 5480 511 1827 5481 774 1827 5482 770 1827 5483 511 1828 5484 770 1828 5485 766 1828 5486 846 1829 5487 766 1829 5488 861 1829 5489 861 1830 5490 766 1830 5491 762 1830 5492 861 1831 5493 762 1831 5494 758 1831 5495 861 1832 5496 758 1832 5497 862 1832 5498 862 1833 5499 758 1833 5500 754 1833 5501 862 1834 5502 754 1834 5503 855 1834 5504 855 1835 5505 754 1835 5506 750 1835 5507 845 1836 5508 864 1836 5509 503 1836 5510 503 1837 5511 864 1837 5512 866 1837 5513 503 1838 5514 866 1838 5515 868 1838 5516 868 1839 5517 871 1839 5518 503 1839 5519 503 1840 5520 871 1840 5521 873 1840 5522 503 1841 5523 873 1841 5524 874 1841 5525 503 1842 5526 874 1842 5527 831 1842 5528 831 1843 5529 874 1843 5530 859 1843 5531 849 1844 5532 876 1844 5533 515 1844 5534 515 1845 5535 876 1845 5536 878 1845 5537 515 1846 5538 878 1846 5539 881 1846 5540 881 1847 5541 883 1847 5542 515 1847 5543 515 1848 5544 883 1848 5545 885 1848 5546 515 1849 5547 885 1849 5548 887 1849 5549 887 1850 5550 841 1850 5551 515 1850 5552 889 1851 5553 843 1851 5554 891 1851 5555 891 1852 5556 843 1852 5557 841 1852 5558 891 1853 5559 841 1853 5560 893 1853 5561 893 1854 5562 841 1854 5563 887 1854 5564 893 1855 5565 887 1855 5566 895 1855 5567 895 1856 5568 887 1856 5569 885 1856 5570 895 1857 5571 885 1857 5572 896 1857 5573 896 1858 5574 885 1858 5575 883 1858 5576 896 1859 5577 883 1859 5578 898 1859 5579 898 1860 5580 883 1860 5581 881 1860 5582 898 1861 5583 881 1861 5584 900 1861 5585 900 1862 5586 881 1862 5587 878 1862 5588 900 1863 5589 878 1863 5590 902 1863 5591 902 1864 5592 878 1864 5593 876 1864 5594 902 1865 5595 876 1865 5596 904 1865 5597 904 1866 5598 876 1866 5599 849 1866 5600 904 1867 5601 849 1867 5602 906 1867 5603 906 1868 5604 849 1868 5605 846 1868 5606 906 1869 5607 846 1869 5608 909 1869 5609 909 1870 5610 846 1870 5611 861 1870 5612 909 1871 5613 861 1871 5614 910 1871 5615 910 1872 5616 861 1872 5617 862 1872 5618 910 1873 5619 862 1873 5620 913 1873 5621 913 1874 5622 862 1874 5623 855 1874 5624 913 1875 5625 855 1875 5626 915 1875 5627 915 1876 5628 855 1876 5629 853 1876 5630 915 1877 5631 853 1877 5632 917 1877 5633 917 1878 5634 853 1878 5635 851 1878 5636 917 1879 5637 851 1879 5638 918 1879 5639 918 1880 5640 851 1880 5641 857 1880 5642 918 1881 5643 857 1881 5644 921 1881 5645 921 1882 5646 857 1882 5647 859 1882 5648 921 1883 5649 859 1883 5650 923 1883 5651 923 1884 5652 859 1884 5653 874 1884 5654 923 1885 5655 874 1885 5656 925 1885 5657 925 1886 5658 874 1886 5659 873 1886 5660 925 1887 5661 873 1887 5662 927 1887 5663 927 1888 5664 873 1888 5665 871 1888 5666 927 1889 5667 871 1889 5668 929 1889 5669 929 1890 5670 871 1890 5671 868 1890 5672 929 1891 5673 868 1891 5674 931 1891 5675 931 1892 5676 868 1892 5677 866 1892 5678 931 1893 5679 866 1893 5680 933 1893 5681 933 1894 5682 866 1894 5683 864 1894 5684 933 1895 5685 864 1895 5686 935 1895 5687 935 1896 5688 864 1896 5689 845 1896 5690 935 1897 5691 845 1897 5692 889 1897 5693 889 1898 5694 845 1898 5695 843 1898 5696 384 1899 5697 937 1899 5698 382 1899 5699 382 1900 5700 937 1900 5701 939 1900 5702 382 1901 5703 939 1901 5704 941 1901 5705 937 1902 5706 384 1902 5707 942 1902 5708 942 1903 5709 384 1903 5710 387 1903 5711 942 1904 5712 387 1904 5713 944 1904 5714 944 1905 5715 387 1905 5716 389 1905 5717 944 1906 5718 389 1906 5719 947 1906 5720 947 1907 5721 389 1907 5722 949 1907 5723 949 1908 5724 389 1908 5725 391 1908 5726 949 1909 5727 391 1909 5728 950 1909 5729 950 1910 5730 391 1910 5731 393 1910 5732 950 1911 5733 393 1911 5734 952 1911 5735 952 1912 5736 393 1912 5737 395 1912 5738 952 1913 5739 395 1913 5740 955 1913 5741 955 1914 5742 395 1914 5743 956 1914 5744 956 1915 5745 395 1915 5746 396 1915 5747 956 1916 5748 396 1916 5749 958 1916 5750 958 1917 5751 396 1917 5752 399 1917 5753 958 1918 5754 399 1918 5755 960 1918 5756 960 1919 5757 399 1919 5758 962 1919 5759 962 1920 5760 399 1920 5761 401 1920 5762 962 1921 5763 401 1921 5764 964 1921 5765 964 1922 5766 401 1922 5767 403 1922 5768 964 1923 5769 403 1923 5770 967 1923 5771 967 1924 5772 403 1924 5773 404 1924 5774 967 1925 5775 404 1925 5776 969 1925 5777 969 1926 5778 404 1926 5779 970 1926 5780 970 1927 5781 404 1927 5782 406 1927 5783 970 1928 5784 406 1928 5785 972 1928 5786 972 1929 5787 406 1929 5788 408 1929 5789 972 1930 5790 408 1930 5791 974 1930 5792 974 1931 5793 408 1931 5794 410 1931 5795 974 1932 5796 410 1932 5797 976 1932 5798 976 1933 5799 410 1933 5800 978 1933 5801 978 1934 5802 410 1934 5803 412 1934 5804 978 1935 5805 412 1935 5806 980 1935 5807 980 1936 5808 412 1936 5809 415 1936 5810 980 1937 5811 415 1937 5812 982 1937 5813 982 1938 5814 415 1938 5815 416 1938 5816 982 1939 5817 416 1939 5818 984 1939 5819 984 1940 5820 416 1940 5821 987 1940 5822 987 1941 5823 416 1941 5824 418 1941 5825 987 1942 5826 418 1942 5827 989 1942 5828 989 1943 5829 418 1943 5830 420 1943 5831 989 1944 5832 420 1944 5833 991 1944 5834 991 1945 5835 420 1945 5836 422 1945 5837 991 1946 5838 422 1946 5839 993 1946 5840 993 1947 5841 422 1947 5842 995 1947 5843 995 1948 5844 422 1948 5845 424 1948 5846 995 1949 5847 424 1949 5848 997 1949 5849 997 1950 5850 424 1950 5851 426 1950 5852 997 1951 5853 426 1951 5854 999 1951 5855 999 1952 5856 426 1952 5857 1000 1952 5858 1000 1953 5859 426 1953 5860 429 1953 5861 1000 1954 5862 429 1954 5863 1002 1954 5864 1002 1955 5865 429 1955 5866 380 1955 5867 1002 1956 5868 380 1956 5869 941 1956 5870 941 1957 5871 380 1957 5872 382 1957 5873 648 1958 5874 967 1958 5875 650 1958 5876 650 1959 5877 967 1959 5878 969 1959 5879 650 1960 5880 969 1960 5881 652 1960 5882 652 1961 5883 969 1961 5884 970 1961 5885 652 1962 5886 970 1962 5887 528 1962 5888 528 1963 5889 970 1963 5890 972 1963 5891 528 1964 5892 972 1964 5893 531 1964 5894 531 1965 5895 972 1965 5896 974 1965 5897 531 1966 5898 974 1966 5899 533 1966 5900 533 1967 5901 974 1967 5902 976 1967 5903 533 1968 5904 976 1968 5905 655 1968 5906 655 1969 5907 976 1969 5908 978 1969 5909 655 1970 5910 978 1970 5911 657 1970 5912 657 1971 5913 978 1971 5914 980 1971 5915 657 1972 5916 980 1972 5917 659 1972 5918 659 1973 5919 980 1973 5920 982 1973 5921 659 1974 5922 982 1974 5923 661 1974 5924 661 1975 5925 982 1975 5926 984 1975 5927 661 1976 5928 984 1976 5929 663 1976 5930 663 1977 5931 984 1977 5932 987 1977 5933 663 1978 5934 987 1978 5935 665 1978 5936 665 1979 5937 987 1979 5938 989 1979 5939 665 1980 5940 989 1980 5941 667 1980 5942 667 1981 5943 989 1981 5944 991 1981 5945 667 1982 5946 991 1982 5947 630 1982 5948 630 1983 5949 991 1983 5950 993 1983 5951 630 1984 5952 993 1984 5953 623 1984 5954 623 1985 5955 993 1985 5956 995 1985 5957 623 1986 5958 995 1986 5959 614 1986 5960 614 1987 5961 995 1987 5962 997 1987 5963 614 1988 5964 997 1988 5965 611 1988 5966 611 1989 5967 997 1989 5968 999 1989 5969 611 1990 5970 999 1990 5971 607 1990 5972 607 1991 5973 999 1991 5974 1000 1991 5975 607 1992 5976 1000 1992 5977 603 1992 5978 603 1993 5979 1000 1993 5980 1002 1993 5981 603 1994 5982 1002 1994 5983 594 1994 5984 594 1995 5985 1002 1995 5986 941 1995 5987 594 1996 5988 941 1996 5989 586 1996 5990 586 1997 5991 941 1997 5992 939 1997 5993 586 1998 5994 939 1998 5995 578 1998 5996 578 1999 5997 939 1999 5998 937 1999 5999 578 2000 6000 937 2000 6001 573 2000 6002 573 2001 6003 937 2001 6004 942 2001 6005 573 2002 6006 942 2002 6007 568 2002 6008 568 2003 6009 942 2003 6010 944 2003 6011 568 2004 6012 944 2004 6013 565 2004 6014 565 2005 6015 944 2005 6016 947 2005 6017 565 2006 6018 947 2006 6019 561 2006 6020 561 2007 6021 947 2007 6022 949 2007 6023 561 2008 6024 949 2008 6025 556 2008 6026 556 2009 6027 949 2009 6028 950 2009 6029 556 2010 6030 950 2010 6031 534 2010 6032 534 2011 6033 950 2011 6034 952 2011 6035 534 2012 6036 952 2012 6037 536 2012 6038 536 2013 6039 952 2013 6040 955 2013 6041 536 2014 6042 955 2014 6043 538 2014 6044 538 2015 6045 955 2015 6046 956 2015 6047 538 2016 6048 956 2016 6049 669 2016 6050 669 2017 6051 956 2017 6052 958 2017 6053 669 2018 6054 958 2018 6055 671 2018 6056 671 2019 6057 958 2019 6058 960 2019 6059 671 2020 6060 960 2020 6061 672 2020 6062 672 2021 6063 960 2021 6064 962 2021 6065 672 2022 6066 962 2022 6067 675 2022 6068 675 2023 6069 962 2023 6070 964 2023 6071 675 2024 6072 964 2024 6073 648 2024 6074 648 2025 6075 964 2025 6076 967 2025 6077 931 2026 6078 1061 2026 6079 929 2026 6080 765 2027 6081 1009 2027 6082 761 2027 6083 915 2028 6084 1058 2028 6085 913 2028 6086 933 2029 6087 1072 2029 6088 931 2029 6089 780 2030 6090 1004 2030 6091 777 2030 6092 898 2031 6093 1060 2031 6094 896 2031 6095 917 2032 6096 1059 2032 6097 915 2032 6098 837 2033 6099 1055 2033 6100 833 2033 6101 900 2034 6102 1071 2034 6103 898 2034 6104 889 2035 6105 1042 2035 6106 935 2035 6107 821 2036 6108 1054 2036 6109 817 2036 6110 923 2037 6111 1039 2037 6112 921 2037 6113 804 2038 6114 1053 2038 6115 800 2038 6116 906 2039 6117 1035 2039 6118 904 2039 6119 789 2040 6120 1052 2040 6121 784 2040 6122 896 2041 6123 1056 2041 6124 895 2041 6125 891 2042 6126 1030 2042 6127 889 2042 6128 772 2043 6129 1051 2043 6130 768 2043 6131 744 2044 6132 1028 2044 6133 837 2044 6134 756 2045 6135 1050 2045 6136 752 2045 6137 829 2046 6138 1025 2046 6139 825 2046 6140 812 2047 6141 1021 2047 6142 808 2047 6143 796 2048 6144 1016 2048 6145 792 2048 6146 929 2049 6147 1057 2049 6148 927 2049 6149 935 2050 6150 1075 2050 6151 933 2050 6152 913 2051 6153 1043 2051 6154 910 2051 6155 918 2052 6156 1047 2052 6157 917 2052 6158 902 2053 6159 1074 2053 6160 900 2053 6161 927 2054 6162 1049 2054 6163 925 2054 6164 825 2055 6165 1070 2055 6166 821 2055 6167 910 2056 6168 1045 2056 6169 909 2056 6170 808 2057 6171 1069 2057 6172 804 2057 6173 895 2058 6174 1048 2058 6175 893 2058 6176 792 2059 6177 1068 2059 6178 789 2059 6179 833 2060 6180 1027 2060 6181 829 2060 6182 777 2061 6183 1066 2061 6184 772 2061 6185 817 2062 6186 1023 2062 6187 812 2062 6188 761 2063 6189 1065 2063 6190 756 2063 6191 800 2064 6192 1019 2064 6193 796 2064 6194 921 2065 6195 1046 2065 6196 918 2065 6197 784 2066 6198 1006 2066 6199 780 2066 6200 904 2067 6201 1073 2067 6202 902 2067 6203 768 2068 6204 1011 2068 6205 765 2068 6206 752 2069 6207 1014 2069 6208 749 2069 6209 925 2070 6210 1040 2070 6211 923 2070 6212 909 2071 6213 1037 2071 6214 906 2071 6215 893 2072 6216 1033 2072 6217 891 2072 6218 749 2073 6219 1012 2073 6220 744 2073 6221 1056 2074 6222 1107 2074 6223 1048 2074 6224 1048 2075 6225 1105 2075 6226 1063 2075 6227 1060 2076 6228 1108 2076 6229 1056 2076 6230 1062 2077 6231 1027 2077 6232 1063 2077 6233 1063 2078 6234 1027 2078 6235 1040 2078 6236 1063 2079 6237 1040 2079 6238 1049 2079 6239 1016 2080 6240 1106 2080 6241 1110 2080 6242 1062 2081 6243 1016 2081 6244 1019 2081 6245 1062 2082 6246 1019 2082 6247 1053 2082 6248 1111 2083 6249 1011 2083 6250 1112 2083 6251 1051 2084 6252 1112 2084 6253 1011 2084 6254 1066 2085 6255 1113 2085 6256 1051 2085 6257 1050 2086 6258 1058 2086 6259 1014 2086 6260 1014 2087 6261 1058 2087 6262 1059 2087 6263 1014 2088 6264 1059 2088 6265 1047 2088 6266 1050 2089 6267 1065 2089 6268 1058 2089 6269 1058 2090 6270 1065 2090 6271 1043 2090 6272 1043 2091 6273 1065 2091 6274 1009 2091 6275 1043 2092 6276 1009 2092 6277 1045 2092 6278 1045 2093 6279 1009 2093 6280 1011 2093 6281 1045 2094 6282 1011 2094 6283 1037 2094 6284 1111 2095 6285 1037 2095 6286 1011 2095 6287 1115 2096 6288 1035 2096 6289 1037 2096 6290 1116 2097 6291 1073 2097 6292 1035 2097 6293 1117 2098 6294 1074 2098 6295 1073 2098 6296 1119 2099 6297 1074 2099 6298 1118 2099 6299 1071 2100 6300 1109 2100 6301 1060 2100 6302 1004 2101 6303 1114 2101 6304 1066 2101 6305 1121 2102 6306 1004 2102 6307 1006 2102 6308 1006 2103 6309 1122 2103 6310 1121 2103 6311 1052 2104 6312 1123 2104 6313 1122 2104 6314 1068 2105 6315 1110 2105 6316 1123 2105 6317 1053 2106 6318 1069 2106 6319 1062 2106 6320 1062 2107 6321 1069 2107 6322 1021 2107 6323 1062 2108 6324 1021 2108 6325 1023 2108 6326 1023 2109 6327 1054 2109 6328 1062 2109 6329 1062 2110 6330 1054 2110 6331 1070 2110 6332 1062 2111 6333 1070 2111 6334 1025 2111 6335 1025 2112 6336 1027 2112 6337 1062 2112 6338 1040 2113 6339 1027 2113 6340 1039 2113 6341 1039 2114 6342 1027 2114 6343 1055 2114 6344 1039 2115 6345 1055 2115 6346 1028 2115 6347 1039 2116 6348 1028 2116 6349 1046 2116 6350 1046 2117 6351 1028 2117 6352 1012 2117 6353 1046 2118 6354 1012 2118 6355 1047 2118 6356 1047 2119 6357 1012 2119 6358 1014 2119 6359 1030 2120 6360 1033 2120 6361 1063 2120 6362 1063 2121 6363 1033 2121 6364 1048 2121 6365 1049 2122 6366 1057 2122 6367 1063 2122 6368 1063 2123 6369 1057 2123 6370 1061 2123 6371 1063 2124 6372 1061 2124 6373 1072 2124 6374 1072 2125 6375 1075 2125 6376 1063 2125 6377 1063 2126 6378 1075 2126 6379 1042 2126 6380 1063 2127 6381 1042 2127 6382 1030 2127 6383 1124 2128 6384 1115 2128 6385 1111 2128 6386 432 2129 6387 0 2129 6388 430 2129 6389 476 2130 6390 1094 2130 6391 1082 2130 6392 1134 2131 6393 1140 2131 6394 1138 2131 6395 386 2132 6396 385 2132 6397 1032 2132 6398 444 2133 6399 1038 2133 6400 1036 2133 6401 1138 2134 6402 444 2134 6403 465 2134 6404 465 2135 6405 1041 2135 6406 1136 2135 6407 1041 2136 6408 1137 2136 6409 1136 2136 6410 1139 2137 6411 1038 2137 6412 1140 2137 6413 1038 2138 6414 444 2138 6415 1140 2138 6416 465 2139 6417 386 2139 6418 1044 2139 6419 477 2140 6420 93 2140 6421 1153 2140 6422 477 2141 6423 1153 2141 6424 1127 2141 6425 371 2142 6426 1147 2142 6427 386 2142 6428 477 2143 6429 1127 2143 6430 1128 2143 6431 1128 2144 6432 371 2144 6433 386 2144 6434 1127 2145 6435 1153 2145 6436 1160 2145 6437 1126 2146 6438 1153 2146 6439 93 2146 6440 93 2147 6441 97 2147 6442 1155 2147 6443 1146 2148 6444 1147 2148 6445 1159 2148 6446 1160 2149 6447 1126 2149 6448 1155 2149 6449 1155 2150 6450 1158 2150 6451 1160 2150 6452 1148 2151 6453 385 2151 6454 386 2151 6455 1129 2152 6456 1155 2152 6457 97 2152 6458 1158 2153 6459 1129 2153 6460 1146 2153 6461 1129 2154 6462 1154 2154 6463 1146 2154 6464 97 2155 6465 100 2155 6466 1154 2155 6467 100 2156 6468 1152 2156 6469 1130 2156 6470 1148 2157 6471 1154 2157 6472 1156 2157 6473 1154 2158 6474 1130 2158 6475 1156 2158 6476 104 2159 6477 1151 2159 6478 1152 2159 6479 1149 2160 6480 1156 2160 6481 1157 2160 6482 1151 2161 6483 1157 2161 6484 1156 2161 6485 1151 2162 6486 104 2162 6487 446 2162 6488 385 2163 6489 1150 2163 6490 376 2163 6491 385 2164 6492 376 2164 6493 1132 2164 6494 1131 2165 6495 1151 2165 6496 446 2165 6497 446 2166 6498 385 2166 6499 1132 2166 6500 1131 2167 6501 376 2167 6502 1157 2167 6503 1137 2168 6504 1041 2168 6505 1044 2168 6506 1036 2169 6507 1038 2169 6508 1143 2169 6509 1038 2170 6510 1139 2170 6511 1143 2170 6512 1137 2171 6513 1044 2171 6514 1144 2171 6515 1044 2172 6516 1034 2172 6517 1144 2172 6518 1141 2173 6519 1144 2173 6520 1034 2173 6521 1145 2174 6522 1141 2174 6523 1034 2174 6524 1145 2175 6525 1034 2175 6526 1032 2175 6527 1036 2176 6528 1143 2176 6529 1142 2176 6530 1142 2177 6531 1145 2177 6532 1032 2177 6533 1031 2178 6534 1036 2178 6535 1142 2178 6536 505 2179 6537 507 2179 6538 1145 2179 6539 505 2180 6540 1142 2180 6541 1143 2180 6542 1139 2181 6543 1140 2181 6544 1133 2181 6545 600 2182 6546 1143 2182 6547 1139 2182 6548 1134 2183 6549 1135 2183 6550 617 2183 6551 1080 2184 6552 9 2184 6553 512 2184 6554 9 2185 6555 432 2185 6556 512 2185 6557 632 2186 6558 471 2186 6559 1080 2186 6560 1124 2187 6561 1095 2187 6562 632 2187 6563 1063 2188 6564 1105 2188 6565 515 2188 6566 1105 2189 6567 1124 2189 6568 515 2189 6569 515 2190 6570 503 2190 6571 1063 2190 6572 1080 2191 6573 512 2191 6574 632 2191 6575 512 2192 6576 515 2192 6577 632 2192 6578 632 2193 6579 1095 2193 6580 1101 2193 6581 1125 2194 6582 1106 2194 6583 511 2194 6584 1106 2195 6585 1062 2195 6586 511 2195 6587 1062 2196 6588 499 2196 6589 511 2196 6590 509 2197 6591 430 2197 6592 0 2197 6593 509 2198 6594 0 2198 6595 1076 2198 6596 1125 2199 6597 511 2199 6598 585 2199 6599 511 2200 6600 509 2200 6601 585 2200 6602 585 2201 6603 1101 2201 6604 1125 2201 6605 1076 2202 6606 476 2202 6607 585 2202 6608 507 2203 6609 617 2203 6610 1144 2203 6611 617 2204 6612 1135 2204 6613 1137 2204 6614 1135 2205 6615 1136 2205 6616 1137 2205 6617 1101 2206 6618 1095 2206 6619 1124 2206 6620 1076 2207 6621 0 2207 6622 3 2207 6623 4 2208 6624 1078 2208 6625 1077 2208 6626 6 2209 6627 1079 2209 6628 1078 2209 6629 17 2210 6630 9 2210 6631 1080 2210 6632 25 2211 6633 1084 2211 6634 1083 2211 6635 27 2212 6636 1085 2212 6637 1084 2212 6638 29 2213 6639 1086 2213 6640 1079 2213 6641 31 2214 6642 1087 2214 6643 1086 2214 6644 33 2215 6645 1088 2215 6646 1087 2215 6647 35 2216 6648 1089 2216 6649 1088 2216 6650 1090 2217 6651 1089 2217 6652 35 2217 6653 1091 2218 6654 1090 2218 6655 36 2218 6656 1092 2219 6657 1091 2219 6658 38 2219 6659 1093 2220 6660 1092 2220 6661 40 2220 6662 1094 2221 6663 1093 2221 6664 42 2221 6665 1082 2222 6666 1094 2222 6667 44 2222 6668 111 2223 6669 1096 2223 6670 1085 2223 6671 112 2224 6672 1097 2224 6673 1096 2224 6674 115 2225 6675 1098 2225 6676 1097 2225 6677 115 2226 6678 116 2226 6679 1099 2226 6680 116 2227 6681 119 2227 6682 1100 2227 6683 119 2228 6684 121 2228 6685 1102 2228 6686 121 2229 6687 123 2229 6688 1103 2229 6689 123 2230 6690 125 2230 6691 1104 2230 6692 125 2231 6693 17 2231 6694 1081 2231 6695 1062 2232 6696 1063 2232 6697 503 2232 6698 931 2233 6699 1072 2233 6700 1061 2233 6701 765 2234 6702 1011 2234 6703 1009 2234 6704 915 2235 6705 1059 2235 6706 1058 2235 6707 933 2236 6708 1075 2236 6709 1072 2236 6710 780 2237 6711 1006 2237 6712 1004 2237 6713 898 2238 6714 1071 2238 6715 1060 2238 6716 917 2239 6717 1047 2239 6718 1059 2239 6719 837 2240 6720 1028 2240 6721 1055 2240 6722 900 2241 6723 1074 2241 6724 1071 2241 6725 889 2242 6726 1030 2242 6727 1042 2242 6728 821 2243 6729 1070 2243 6730 1054 2243 6731 923 2244 6732 1040 2244 6733 1039 2244 6734 804 2245 6735 1069 2245 6736 1053 2245 6737 906 2246 6738 1037 2246 6739 1035 2246 6740 789 2247 6741 1068 2247 6742 1052 2247 6743 896 2248 6744 1060 2248 6745 1056 2248 6746 891 2249 6747 1033 2249 6748 1030 2249 6749 772 2250 6750 1066 2250 6751 1051 2250 6752 744 2251 6753 1012 2251 6754 1028 2251 6755 756 2252 6756 1065 2252 6757 1050 2252 6758 829 2253 6759 1027 2253 6760 1025 2253 6761 812 2254 6762 1023 2254 6763 1021 2254 6764 796 2255 6765 1019 2255 6766 1016 2255 6767 929 2256 6768 1061 2256 6769 1057 2256 6770 935 2257 6771 1042 2257 6772 1075 2257 6773 913 2258 6774 1058 2258 6775 1043 2258 6776 918 2259 6777 1046 2259 6778 1047 2259 6779 902 2260 6780 1073 2260 6781 1074 2260 6782 927 2261 6783 1057 2261 6784 1049 2261 6785 825 2262 6786 1025 2262 6787 1070 2262 6788 910 2263 6789 1043 2263 6790 1045 2263 6791 808 2264 6792 1021 2264 6793 1069 2264 6794 895 2265 6795 1056 2265 6796 1048 2265 6797 792 2266 6798 1016 2266 6799 1068 2266 6800 833 2267 6801 1055 2267 6802 1027 2267 6803 777 2268 6804 1004 2268 6805 1066 2268 6806 817 2269 6807 1054 2269 6808 1023 2269 6809 761 2270 6810 1009 2270 6811 1065 2270 6812 800 2271 6813 1053 2271 6814 1019 2271 6815 921 2272 6816 1039 2272 6817 1046 2272 6818 784 2273 6819 1052 2273 6820 1006 2273 6821 904 2274 6822 1035 2274 6823 1073 2274 6824 768 2275 6825 1051 2275 6826 1011 2275 6827 752 2276 6828 1050 2276 6829 1014 2276 6830 925 2277 6831 1049 2277 6832 1040 2277 6833 909 2278 6834 1045 2278 6835 1037 2278 6836 893 2279 6837 1048 2279 6838 1033 2279 6839 749 2280 6840 1014 2280 6841 1012 2280 6842 1056 2281 6843 1108 2281 6844 1107 2281 6845 1048 2282 6846 1107 2282 6847 1105 2282 6848 1060 2283 6849 1109 2283 6850 1108 2283 6851 1016 2284 6852 1062 2284 6853 1106 2284 6854 1051 2285 6855 1113 2285 6856 1112 2285 6857 1066 2286 6858 1114 2286 6859 1113 2286 6860 1111 2287 6861 1115 2287 6862 1037 2287 6863 1115 2288 6864 1116 2288 6865 1035 2288 6866 1116 2289 6867 1117 2289 6868 1073 2289 6869 1117 2290 6870 1118 2290 6871 1074 2290 6872 1119 2291 6873 1071 2291 6874 1074 2291 6875 1071 2292 6876 1119 2292 6877 1109 2292 6878 1004 2293 6879 1120 2293 6880 1114 2293 6881 1121 2294 6882 1120 2294 6883 1004 2294 6884 1006 2295 6885 1052 2295 6886 1122 2295 6887 1052 2296 6888 1068 2296 6889 1123 2296 6890 1068 2297 6891 1016 2297 6892 1110 2297 6893 1124 2298 6894 1105 2298 6895 1107 2298 6896 1124 2299 6897 1107 2299 6898 1108 2299 6899 1106 2300 6900 1125 2300 6901 1110 2300 6902 1125 2301 6903 1124 2301 6904 1111 2301 6905 1110 2302 6906 1125 2302 6907 1123 2302 6908 1123 2303 6909 1125 2303 6910 1122 2303 6911 1124 2304 6912 1108 2304 6913 1109 2304 6914 1124 2305 6915 1109 2305 6916 1119 2305 6917 1122 2306 6918 1125 2306 6919 1121 2306 6920 1121 2307 6921 1125 2307 6922 1120 2307 6923 1124 2308 6924 1119 2308 6925 1118 2308 6926 1124 2309 6927 1118 2309 6928 1117 2309 6929 1120 2310 6930 1125 2310 6931 1114 2310 6932 1114 2311 6933 1125 2311 6934 1113 2311 6935 1124 2312 6936 1117 2312 6937 1116 2312 6938 1124 2313 6939 1116 2313 6940 1115 2313 6941 1113 2314 6942 1125 2314 6943 1112 2314 6944 1112 2315 6945 1125 2315 6946 1111 2315 6947 432 2316 6948 9 2316 6949 0 2316 6950 1081 2317 6951 1080 2317 6952 471 2317 6953 471 2318 6954 476 2318 6955 1082 2318 6956 476 2319 6957 1076 2319 6958 1077 2319 6959 476 2320 6960 1077 2320 6961 1078 2320 6962 1104 2321 6963 1081 2321 6964 471 2321 6965 1103 2322 6966 1104 2322 6967 471 2322 6968 476 2323 6969 1078 2323 6970 1079 2323 6971 476 2324 6972 1079 2324 6973 1086 2324 6974 1102 2325 6975 1103 2325 6976 471 2325 6977 1100 2326 6978 1102 2326 6979 471 2326 6980 476 2327 6981 1086 2327 6982 1087 2327 6983 476 2328 6984 1087 2328 6985 1088 2328 6986 1099 2329 6987 1100 2329 6988 471 2329 6989 1098 2330 6990 1099 2330 6991 471 2330 6992 476 2331 6993 1088 2331 6994 1089 2331 6995 476 2332 6996 1089 2332 6997 1090 2332 6998 1097 2333 6999 1098 2333 7000 471 2333 7001 1096 2334 7002 1097 2334 7003 471 2334 7004 476 2335 7005 1090 2335 7006 1091 2335 7007 476 2336 7008 1091 2336 7009 1092 2336 7010 1085 2337 7011 1096 2337 7012 471 2337 7013 1084 2338 7014 1085 2338 7015 471 2338 7016 476 2339 7017 1092 2339 7018 1093 2339 7019 476 2340 7020 1093 2340 7021 1094 2340 7022 1083 2341 7023 1084 2341 7024 471 2341 7025 1082 2342 7026 1083 2342 7027 471 2342 7028 1138 2343 7029 1136 2343 7030 1135 2343 7031 1134 2344 7032 1133 2344 7033 1140 2344 7034 1138 2345 7035 1135 2345 7036 1134 2345 7037</p>
        </triangles>
      </mesh>
    </geometry>
    <geometry id="panda_attach_gs_mini-mesh" name="panda_attach_gs_mini">
      <mesh>
        <source id="panda_attach_gs_mini-mesh-positions">
          <float_array id="panda_attach_gs_mini-mesh-positions-array" count="618">-0.010405 0.003963947 -0.01838696 0.01030296 0.003999948 -0.01967495 -0.01030695 0.003999948 -0.01970398 -0.01032799 0.006311953 -0.01741099 0.01033794 0.006347954 -0.01741099 -0.01034998 0.001799941 -0.002562999 -0.01046395 0.001740992 -0.008071959 -0.01036596 1.33e-4 -0.002523958 -0.01033794 0.003837943 -0.008028984 -0.01049798 0.003807961 -0.01066797 -0.01037496 0.01777297 -0.01157695 -0.01037895 0.01885199 -0.01279199 -0.01040196 0.00476998 -0.01741397 -0.010333 0.01882696 -0.01621496 -0.01050096 0.01771396 -0.01703596 -0.01046395 0.001740992 -0.02075397 -0.01025599 0.003919959 -0.02079796 -0.01039099 1.64e-4 -0.02630394 -0.01034998 0.001799941 -0.02626299 -0.005032956 0.003874957 -0.005964994 0.006783962 0.003921985 -0.007869958 0.01033896 0.003837943 -0.008028984 -0.006687998 0.003912985 -0.00782597 -0.004874944 0.003874957 -0.002587974 0.004874944 0.003824949 -0.002537965 0.004881978 0.003997981 -0.006313979 0.01034998 0.001799941 -0.002562999 0.00486195 0.001760959 -0.002481997 0.010378 1.53e-4 -0.002534985 -0.004860997 0.001760959 -0.002481997 0.01038897 1.33e-4 -0.02627998 0.004900991 0.001760959 -0.02634495 0.01034998 0.001799941 -0.02626299 -0.004837989 0.003837943 -0.02629798 0.004838943 0.003884971 -0.02625197 -0.004912972 0.00177896 -0.02631497 -0.004739999 0.003991961 -0.02308696 0.004736959 0.003989994 -0.02311295 0.01039797 0.00475198 -0.01140695 -0.01040297 0.004798948 -0.01144498 0.01038295 0.01879996 -0.01261198 0.01026898 0.003931999 -0.02076297 0.01045894 0.001744985 -0.02080297 0.01046496 0.001740992 -0.008071959 0.01049798 0.003798961 -0.01065397 0.01040899 0.01771897 -0.011617 0.010499 0.004729986 -0.017232 0.01032799 0.01887297 -0.016056 0.01040196 0.003997981 -0.01821196 0.01050198 0.01771396 -0.01703596 0.007072985 0.001899957 -0.02100598 0.005206942 0.001899957 -0.02254098 0.005030989 0.003700971 -0.02334898 0.005555987 0.003699958 -0.022134 0.006973981 0.003698945 -0.02102094 0.005150973 0.001899957 -0.00613898 0.006992995 0.001899957 -0.007812976 0.005120992 0.003693997 -0.005961954 -0.005205988 0.001899957 -0.02254098 -0.007104992 0.001899957 -0.02099096 -0.006962954 0.003688991 -0.02102994 -0.005555987 0.003699958 -0.022134 -0.005030989 0.003702998 -0.02333998 -0.005050957 0.001899957 -0.005644977 -0.005777955 0.001899957 -0.006962954 -0.007154941 0.001899957 -0.007843971 0.01021295 0.004017949 -0.01028096 -0.01020997 0.004014968 -0.01025795 0.01020598 0.005109965 -0.01744198 0.01019799 0.01776999 -0.01733398 -0.010194 0.017681 -0.01734995 -0.006565988 0.003996968 -0.02081894 0.006602942 0.003996968 -0.02079498 0.001799941 0.01199996 -0.01150697 0.001880943 0.01118099 -0.01149398 0.001880943 0.01281899 -0.01152098 0.002119958 0.01360696 -0.01153397 0.00248295 0.009712994 -0.01147198 0.002119958 0.01039296 -0.011482 0.002507984 0.01433295 -0.01154696 0.003029942 0.01497 -0.01155799 0.004392981 0.01587998 -0.01157498 0.003666996 0.01549196 -0.01156795 0.005448997 0.007853984 -0.01144796 0.005999982 0.007799983 -0.01144796 0.005999982 0.0162 -0.01158398 0.005180954 0.016119 -0.011581 0.007606983 0.00812 -0.01145595 0.007606983 0.01587998 -0.01158195 0.008969962 0.009029984 -0.011473 0.008969962 0.01497 -0.01156997 0.008332967 0.008507966 -0.01146399 0.008332967 0.01549196 -0.01157695 0.009879946 0.01039296 -0.01149696 0.01019996 0.01199996 -0.01152396 0.01011896 0.01118099 -0.01151096 0.01011896 0.01281899 -0.01153695 0.00949198 0.009666979 -0.01148498 0.009879946 0.01360696 -0.01154899 0.00949198 0.01433295 -0.01155996 0.00681895 0.016119 -0.01158398 0.00681895 0.007880985 -0.01145094 0.003029942 0.009029984 -0.01146399 0.002507984 0.009666979 -0.01147097 0.004392981 0.00812 -0.01145195 0.005180954 0.007880985 -0.01144796 0.003666996 0.008507966 -0.01145696 0.002119958 0.01360696 -0.01736199 0.003029942 0.01497 -0.01735395 0.002507984 0.01433295 -0.017358 0.003666996 0.01549196 -0.01735097 0.005180954 0.016119 -0.01734697 0.004392981 0.01587998 -0.017349 0.00681895 0.016119 -0.01734495 0.005999982 0.0162 -0.01734596 0.001799941 0.01199996 -0.01737296 0.001880943 0.01118099 -0.01737797 0.001880943 0.01281899 -0.017367 0.002507984 0.009666979 -0.01738899 0.002119958 0.01039296 -0.01738399 0.004392981 0.00812 -0.01739895 0.003666996 0.008507966 -0.01739597 0.00681895 0.007880985 -0.01740097 0.005999982 0.007799983 -0.01740097 0.005180954 0.007880985 -0.01740097 0.003029942 0.009029984 -0.01739299 0.008969962 0.009029984 -0.01739299 0.008969962 0.01497 -0.01735299 0.008332967 0.008507966 -0.01739597 0.008332967 0.01549196 -0.017349 0.009879946 0.01039296 -0.01738399 0.009879946 0.01360696 -0.01736199 0.01019996 0.01199996 -0.01737296 0.01011896 0.01118099 -0.01737797 0.01011896 0.01281899 -0.017367 0.00949198 0.01433295 -0.01735699 0.007606983 0.00812 -0.01739895 0.00949198 0.009666979 -0.01738899 0.007606983 0.01587998 -0.01734697 -0.007437944 0.01593196 -0.01155298 -0.001841962 0.01242399 -0.01150697 -0.001880943 0.01281899 -0.01151299 -0.002119958 0.01360696 -0.01152598 -0.00681895 0.016119 -0.01155698 -0.002507984 0.01433295 -0.01153695 -0.005999982 0.0162 -0.01155996 -0.003666996 0.01549196 -0.01155298 -0.003029942 0.01497 -0.01154595 -0.005180954 0.016119 -0.01155996 -0.004392981 0.01587998 -0.01155799 -0.01019996 0.01199996 -0.011518 -0.01011896 0.01118099 -0.011509 -0.009879946 0.01039296 -0.01150095 -0.01011896 0.01281899 -0.01152598 -0.009879946 0.01360696 -0.01153397 -0.00949198 0.01433295 -0.01153999 -0.008332967 0.008507966 -0.01147896 -0.008332967 0.01549196 -0.01154994 -0.008969962 0.009029984 -0.01148498 -0.008969962 0.01497 -0.01154595 -0.00949198 0.009666979 -0.01149296 -0.00681895 0.007880985 -0.01146996 -0.004392981 0.00812 -0.01146799 -0.005180954 0.007880985 -0.01146697 -0.005999982 0.007799983 -0.01146799 -0.003029942 0.009029984 -0.01147496 -0.002507984 0.009666979 -0.01147997 -0.001880943 0.01118099 -0.01149499 -0.001799941 0.01199996 -0.01150298 -0.002119958 0.01039296 -0.01148694 -0.003666996 0.008507966 -0.01147097 -0.007606983 0.00812 -0.01147395 -0.007606983 0.01587998 -0.01155298 -0.01019996 0.01199996 -0.01737999 -0.01011896 0.01118099 -0.017385 -0.009879946 0.01360696 -0.01737195 -0.009879946 0.01039296 -0.01738899 -0.01011896 0.01281899 -0.017376 -0.00949198 0.009666979 -0.01739299 -0.008332967 0.008507966 -0.01739895 -0.008451998 0.008604943 -0.01739799 -0.008332967 0.01549196 -0.01736098 -0.008969962 0.009029984 -0.01739597 -0.008969962 0.01497 -0.01736396 -0.00949198 0.01433295 -0.01736795 -0.00681895 0.007880985 -0.01740199 -0.004392981 0.00812 -0.01739996 -0.005180954 0.007880985 -0.01740199 -0.005999982 0.007799983 -0.01740199 -0.002507984 0.009666979 -0.01739096 -0.003029942 0.009029984 -0.01739495 -0.001799941 0.01199996 -0.01737898 -0.002119958 0.01039296 -0.01738697 -0.001880943 0.01118099 -0.01738297 -0.003666996 0.008507966 -0.01739799 -0.007606983 0.00812 -0.01740097 -0.007606983 0.01587998 -0.01735895 -0.005180954 0.016119 -0.01735496 -0.004392981 0.01587998 -0.01735496 -0.005999982 0.0162 -0.01735496 -0.003029942 0.01497 -0.01735895 -0.003666996 0.01549196 -0.01735699 -0.00681895 0.016119 -0.01735597 -0.002507984 0.01433295 -0.01736295 -0.001880943 0.01281899 -0.01737195 -0.002119958 0.01360696 -0.017367</float_array>
          <technique_common>
            <accessor source="#panda_attach_gs_mini-mesh-positions-array" count="206" stride="3">
              <param name="X" type="float"/>
              <param name="Y" type="float"/>
              <param name="Z" type="float"/>
            </accessor>
          </technique_common>
        </source>
        <source id="panda_attach_gs_mini-mesh-normals">
          <float_array id="panda_attach_gs_mini-mesh-normals-array" count="1374">-0.7815675 0.5869448 -0.211301 0.4955008 0.8673467 -0.0467838 -0.5950606 0.8021891 -0.04894572 0.8120978 0.5129467 -0.2781781 -0.2255305 0.01370203 -0.9741398 0.3574923 0.2304427 -0.905039 -0.8107634 0.2535338 -0.5276206 0.437672 0.0115832 -0.8990601 -0.5752675 0.5836752 0.5730537 -0.9250027 0.252207 0.2841863 -0.5761651 -0.5717912 0.5840279 -0.5673049 0.5639804 0.6000762 -0.9706918 0.2089097 0.118804 -0.624756 0.7296699 0.2779601 -0.8809556 0.2246875 -0.4164529 -0.6189928 0.3241398 0.7153889 -0.8108389 0.3088515 0.4971429 -0.5693823 0.7626909 -0.306768 -0.9224048 0.2688735 -0.2772662 -0.5545626 0.5746255 -0.6018854 -0.5806081 -0.5657114 -0.5855467 -0.5691232 0.5881237 -0.5746385 0.3987918 0.8802576 0.2571218 0.2468137 0.8037775 0.5413177 0.5677158 0.5641776 0.599502 -0.3891646 0.8853814 0.2542657 -0.2485412 0.7940229 0.5547568 -0.5752366 0.7837849 0.2340603 -0.5668662 0.5897876 0.5751638 0.2066872 0.9718955 0.1126927 0.5596435 0.5721114 0.5995731 0.5722454 0.5844497 0.575286 0.2815422 0.2688489 0.9211159 0.5792331 -0.5706855 0.5820714 -0.2778161 0.2818288 0.9183632 0.5814006 -0.5716281 -0.5789773 0.2819894 0.2839834 -0.9164254 0.5701671 0.5842775 -0.57752 -0.5511596 0.5767953 -0.6029347 0.5532788 0.5908926 -0.587136 -0.2896717 0.2979593 -0.9095662 -0.2807261 0.9547359 -0.09834706 0.2834042 0.95451 -0.09269666 0.001975357 0.01626652 0.9998658 0.002065837 0.01572883 0.9998742 0.6318542 0.289368 0.7190455 -0.001903653 0.01036369 0.9999445 -0.002139627 0.01080179 0.9999394 0.5737593 0.7745352 -0.2662622 0.6126073 0.7214334 0.3228719 0.5610724 0.5879911 -0.5826358 0.9182071 0.280807 -0.2793625 0.9247525 0.2536523 0.2837137 0.9695082 0.2143663 0.1187474 0.8899536 0.2129403 -0.4032855 0.8019723 0.3215184 0.5034544 0.9751108 0.06928026 -0.2106164 0.2834367 0.6386196 -0.715422 0.6845009 0.6267892 -0.3722819 0.8923349 0.4219329 -0.1603472 0.7680233 0.1193134 -0.6292096 0.2714346 0.4162804 -0.8677754 0.7025437 0.6252333 0.3398761 0.2893788 0.6523971 0.7004556 0.8617428 0.4082607 0.3012022 -0.2831306 0.6382939 -0.7158338 -0.6846858 0.627273 -0.3711251 -0.273084 0.3918923 -0.8785476 -0.7654968 0.1419361 -0.6275897 -0.8901743 0.425593 -0.1626662 -0.7156944 0.6693481 0.1993857 -0.217516 0.6656141 0.7138941 -0.5452351 0.6716427 0.5016122 0.3401335 0.3762013 -0.8618479 -0.3346953 0.3322587 -0.8818069 -0.1255903 0.9603403 -0.2489454 0.1204338 0.9618877 -0.2454952 0.007043063 0.005283415 -0.9999613 4.23818e-4 0.004784584 -0.9999885 -6.70618e-4 0.008001029 -0.9999678 9.96745e-4 0.006753504 -0.9999768 -0.9951781 0.09808599 0 -0.9951779 0.09808707 0 -0.9951781 0.09808588 0 -0.9569524 0.2902452 0 -0.9569528 0.2902436 0 -0.9569523 0.2902454 0 -0.8819494 0.4713441 0 -0.881949 0.471345 0 -0.8819495 0.4713439 0 -0.7730447 0.6343517 0 -0.7730441 0.6343523 0 -0.7730447 0.6343516 0 -0.6343519 0.7730445 0 -0.6343529 0.7730437 0 -0.6343517 0.7730447 0 -0.4713444 0.8819494 0 -0.4713435 0.8819497 0 -0.4713445 0.8819493 0 -0.2902439 0.9569528 0 -0.2902443 0.9569526 0 -0.2902438 0.9569528 0 -0.09808695 0.9951779 0 -0.09808689 0.9951779 0 -0.09808695 0.9951779 -1.22351e-6 0.09855514 0.9951316 -2.88708e-5 0.09720361 0.9952645 -3.25082e-5 0.09803628 0.9951829 4.51226e-5 0.2902441 0.9569528 0 0.2902442 0.9569527 0 0.4713437 0.8819496 0 0.4713441 0.8819495 0 0.4713442 0.8819495 0 0.6343523 0.7730442 5.70409e-6 0.6343522 0.7730443 0 0.6343522 0.7730443 0 0.7729837 0.634426 0 0.7729837 0.634426 3.72621e-6 0.7729837 0.634426 0 0.881968 0.4713093 5.69003e-5 0.8821734 0.470925 0 0.8803861 0.4742579 2.7272e-6 0.9569528 0.2902438 0 0.9569529 0.2902435 0 0.9569529 0.2902434 0 0.9951779 0.09808701 0 0.9951779 0.09808695 0 0.9951779 0.09808695 0 0.9951779 -0.09808695 0 0.9951779 -0.09808713 2.44621e-6 0.9951779 -0.09808713 0 0.956953 -0.290243 0 0.9569529 -0.2902435 0 0.9569529 -0.2902435 0 0.8819495 -0.4713442 0 0.8819493 -0.4713444 0 0.8819493 -0.4713445 0 0.7730447 -0.6343517 8.96321e-6 0.7730444 -0.634352 0 0.7730444 -0.634352 0 0.6344997 -0.7729231 0 0.6344998 -0.7729232 3.144e-6 0.6344998 -0.7729232 0 0.4713448 -0.881949 0 0.4713445 -0.8819492 0 0.4713444 -0.8819493 0 0.2902432 -0.956953 0 0.2902428 -0.9569531 0 0.2902427 -0.9569531 0 0.09808796 -0.9951778 1.22313e-6 0.09808808 -0.9951778 0 0.09808808 -0.9951778 0 -0.09808796 -0.9951778 0 -0.0980879 -0.9951778 0 -0.09808796 -0.9951778 4.07838e-7 -0.2902427 -0.9569531 0 -0.2902433 -0.9569529 0 -0.2902433 -0.9569529 0 -0.471345 -0.8819489 0 -0.4713447 -0.8819492 0 -0.4713451 -0.8819489 0 -0.6344254 -0.7729842 0 -0.6344264 -0.7729834 0 -0.6344253 -0.7729843 0 -0.7729226 -0.6345003 0 -0.7729233 -0.6344994 0 -0.7729225 -0.6345004 0 -0.881949 -0.4713448 0 -0.8819488 -0.4713454 0 -0.8819491 -0.4713448 0 -0.9569531 -0.2902429 0 -0.9569528 -0.2902441 0 -0.9569531 -0.2902428 0 -0.9951778 -0.0980879 0 -0.9951779 -0.09808659 0 -0.9951778 -0.09808802 0 -0.9951778 0.09808725 0 -0.9951779 0.09808677 0 -0.9951778 0.09808731 0 -0.9569528 0.2902439 0 -0.9569529 0.2902434 0 -0.9569527 0.2902439 0 -0.8819493 0.4713446 0 -0.8819493 0.4713444 0 -0.8819492 0.4713447 0 -0.7730443 0.634352 0 -0.7730447 0.6343518 0 -0.7730444 0.6343521 -4.07475e-6 -0.6343519 0.7730445 0 -0.6343522 0.7730444 0 -0.6343519 0.7730445 0 -0.4713438 0.8819497 0 -0.4713439 0.8819495 0 -0.4713438 0.8819497 0 -0.2902442 0.9569526 0 -0.2902439 0.9569527 0 -0.2902439 0.9569528 0 -0.09794372 0.9951921 5.82626e-7 -0.09794372 0.9951921 1.60854e-7 -0.09794366 0.9951919 0 0.09794372 0.995192 0 0.09794366 0.9951919 0 0.09794366 0.995192 0 0.2902441 0.9569528 0 0.2902442 0.9569526 0 0.4713445 0.8819493 0 0.4713435 0.8819497 0 0.4713435 0.8819498 0 0.6343181 0.7730723 -3.5696e-5 0.6323394 0.7746915 3.08426e-5 0.6335732 0.7736828 2.78459e-5 0.772984 0.6344255 0 0.7729837 0.634426 2.79293e-6 0.7729836 0.6344261 0 0.8819488 0.4713454 0 0.8819491 0.4713447 0 0.8819493 0.4713447 0 0.9569527 0.2902441 0 0.9569529 0.2902434 0 0.956953 0.2902433 0 0.995145 0.09842103 0 0.9951449 0.09842145 0 0.9951449 0.09842151 0 0.9951919 -0.09794515 0 0.9951921 -0.09794348 2.32939e-6 0.995192 -0.0979433 0 0.956953 -0.290243 0 0.9569523 -0.2902453 0 0.9569522 -0.2902455 0 0.8819493 -0.4713444 0 0.8819493 -0.4713444 0 0.8819493 -0.4713443 0 0.7729222 -0.6345009 6.28593e-6 0.7729231 -0.6344997 0 0.7729233 -0.6344996 0 0.6344262 -0.7729834 0 0.6344252 -0.7729843 2.79467e-6 0.6344251 -0.7729845 0 0.4713448 -0.8819491 0 0.471345 -0.8819491 0 0.2916434 -0.9565271 5.49057e-6 0.2940832 -0.9557799 0 0.2903173 -0.9569305 1.19398e-4 0.0980879 -0.9951778 1.22313e-6 0.09808814 -0.9951778 0 0.0980882 -0.9951778 0 -0.0980879 -0.9951778 0 -0.09808796 -0.9951778 0 -0.09808796 -0.9951778 0 -0.2902429 -0.9569531 0 -0.2902432 -0.956953 0 -0.2902428 -0.9569531 0 -0.4713447 -0.8819491 0 -0.4713448 -0.8819491 0 -0.6344997 -0.7729232 0 -0.6344996 -0.7729232 0 -0.6344998 -0.7729231 0 -0.7729228 -0.6345001 0 -0.7729227 -0.6345002 0 -0.7729229 -0.6345001 0 -0.8819493 -0.4713444 0 -0.8819493 -0.4713447 0 -0.8819493 -0.4713444 0 -0.9569531 -0.2902431 0 -0.9569529 -0.2902435 0 -0.9569531 -0.290243 0 -0.9951924 -0.09793943 5.83684e-6 -0.9952083 -0.09777879 6.29172e-6 -0.9951927 -0.09793692 -4.38519e-6 0.00164175 0.01581913 0.9998735 0.001582443 0.01573443 0.999875 5.06222e-4 0.01383966 0.9999041 0.001961052 0.01630765 0.9998651 0.001547694 0.01511383 0.9998846 0.001892626 0.01622271 0.9998667 0.001830756 0.01606535 0.9998694 0.00199145 0.0163908 0.9998637 0.001679837 0.01609718 0.9998691 0.002312183 0.0161969 0.9998663 0.002012193 0.01528859 0.9998812 0.001958847 0.01634854 0.9998645 0.001949131 0.01809054 0.9998345 0.001449882 0.01613461 0.9998689 0.003948986 0.0163145 0.9998592 0.002026379 0.01588213 0.9998719 0.002033293 0.01471436 0.9998897 0.001955032 0.01590955 0.9998716 0.001982629 0.01644885 0.9998629 -0.001455485 0.01611179 0.9998692 0.001748025 0.01618558 0.9998676 0.002126395 0.01637154 0.9998638 7.77315e-4 0.01377224 0.9999049 0.001941084 0.01637601 0.9998641 -5.58773e-7 0.01918363 0.9998161 0.001711428 0.01564556 0.9998762 0.001805007 0.01586431 0.9998726 0.001963734 0.01646196 0.9998627 0.00191456 0.01644712 0.9998629 0.002883553 0.01615357 0.9998655 0.00194776 0.0164566 0.9998627 0.002852678 0.01616752 0.9998652 0.001794099 0.01634693 0.9998649 0.00147897 0.0163201 0.9998658 0.001947641 0.01614379 0.9998679 0.001993298 0.01602292 0.9998697 0.002082705 0.01585578 0.9998722 0.001785516 0.01661664 0.9998604 -0.00229603 0.009320855 0.9999539 -0.001821458 0.01032608 0.9999451 -0.001727461 0.0102244 0.9999462 -0.001847743 0.009972989 0.9999486 -0.001707971 0.01030743 0.9999455 -0.001537382 0.01028823 0.999946 -0.001840353 0.009834766 0.9999499 -0.002613067 0.0100845 0.9999458 -8.96421e-4 0.01021379 0.9999474 -0.001881778 0.0106334 0.9999418 -0.001891553 0.01103729 0.9999374 -0.001326322 0.01291 0.9999158 -0.001742303 0.01065623 0.9999417 -0.00218141 0.009469687 0.9999528 -0.001810431 0.009735882 0.9999511 -0.003189623 0.0101301 0.9999436 -0.00169295 0.01017999 0.9999468 -0.001811087 0.01028287 0.9999455 -0.006036281 0.01029688 0.9999288 -0.001794219 0.009733974 0.999951 -5.75672e-4 0.01006412 0.9999492 -0.001883983 0.01021289 0.9999462 -0.002182126 0.01019304 0.9999458 -0.001414597 0.009955823 0.9999495 -0.001768648 0.01022148 0.9999462 -0.0016101 0.009983956 0.9999489 5.58398e-4 0.005240201 -0.9999862 -8.95912e-4 0.006404638 -0.9999791 1.87907e-4 0.005185306 -0.9999866 6.69846e-4 0.005466878 -0.9999849 3.65483e-4 0.005452811 -0.9999852 3.85586e-5 0.005355477 -0.9999858 5.86369e-4 0.005325496 -0.9999856 -6.73136e-4 0.005347967 -0.9999855 -0.003782987 0.005289614 -0.9999788 -0.00478065 0.005544722 -0.9999732 0.001087248 0.006556689 -0.999978 3.25195e-5 0.006557762 -0.9999785 -3.29162e-5 0.006924271 -0.9999761 0.001143038 0.004327595 -0.99999 8.92269e-4 0.005764782 -0.999983 4.93067e-4 0.004775762 -0.9999885 7.56629e-4 0.005612015 -0.999984 7.62846e-4 0.005581796 -0.9999842 7.35994e-4 0.005306959 -0.9999856 7.58232e-4 0.005504965 -0.9999846 7.00967e-4 0.002862989 -0.9999957 7.12953e-4 0.00409758 -0.9999914 8.1947e-4 0.006300508 -0.9999799 8.20167e-4 0.004977762 -0.9999873 8.64589e-4 0.005385875 -0.9999852 8.86584e-4 0.005451321 -0.9999848 0.001047015 0.006733238 -0.9999769 0.001075148 0.005417704 -0.9999848 0.001227915 0.006326854 -0.9999793 0.001253962 0.006563425 -0.9999778 0.001455426 0.007514894 -0.9999707 0.001520574 0.006832182 -0.9999755 0.001519501 0.006832122 -0.9999755 0.00145632 0.007146954 -0.9999734 0.00101763 0.004997313 -0.999987 9.09168e-4 0.007368087 -0.9999725 5.30725e-4 0.005221545 -0.9999862 4.84181e-4 0.006728291 -0.9999773 3.54589e-4 0.005799353 -0.9999831 3.45844e-4 0.00624895 -0.9999805 2.8931e-4 0.005587518 -0.9999844 2.82849e-4 0.007795572 -0.9999697 1.48871e-4 0.005086898 -0.9999871 1.34915e-4 0.008623898 -0.9999628 9.92613e-5 0.007599651 -0.9999712 5.85028e-5 0.006833851 -0.9999766 4.14037e-5 0.005832195 -0.999983 7.76038e-4 0.009210824 -0.9999573 -9.66848e-4 0.006347477 -0.9999794 3.14885e-4 0.007256746 -0.9999737 -9.90396e-5 0.006853282 -0.9999765 -3.43647e-4 0.005730748 -0.9999836 2.24361e-4 0.005190789 -0.9999865 3.94661e-5 0.006767809 -0.9999772 -4.20852e-4 0.006497144 -0.9999789 1.44134e-4 0.006664991 -0.9999778 -8.36945e-5 0.006709694 -0.9999776 7.89859e-4 0.006665647 -0.9999775 0.001909792 0.006890237 -0.9999744 -0.004243493 0.006634473 -0.999969 -0.005149126 0.006746888 -0.999964 -0.9951779 0.09808719 -2.03915e-6 -0.9569529 0.2902435 0 -0.8819489 0.4713451 0 -0.7730441 0.6343524 0 -0.634353 0.7730435 -2.44382e-6 -0.4713435 0.8819499 0 -0.2902444 0.9569526 0 -0.09808689 0.9951779 0 0.09814083 0.9951726 4.76342e-5 0.09990626 0.9949969 -3.24923e-5 0.6343523 0.7730442 0 0.7729837 0.6344259 0 0.8786224 0.4775172 0 0.8819309 0.4713787 6.16462e-5 0.9951779 0.09808701 0 0.9951779 -0.09808689 0 0.956953 -0.290243 0 0.8819494 -0.4713441 0 0.7730446 -0.6343517 0 0.6344997 -0.7729232 0 0.2902433 -0.956953 0 0.09808796 -0.9951778 0 -0.0980879 -0.9951778 0 -0.2902426 -0.9569531 0 -0.4713447 -0.8819493 0 -0.6344265 -0.7729833 -6.51897e-6 -0.7729235 -0.6344994 -4.19003e-6 -0.8819488 -0.4713454 0 -0.9569527 -0.2902442 0 -0.9951779 -0.09808647 0 -0.9951779 0.09808671 -1.63057e-6 -0.9569529 0.2902433 0 -0.8819494 0.4713444 0 -0.7730446 0.6343517 0 -0.6343522 0.7730443 -2.44381e-6 -0.471344 0.8819495 0 -0.09794372 0.995192 0 0.09794378 0.995192 0 0.2902441 0.9569527 0 0.4713446 0.8819493 0 0.6348136 0.7726655 3.08347e-5 0.6343844 0.7730178 -3.1956e-5 0.7729841 0.6344255 0 0.8819488 0.4713454 0 0.9569527 0.2902442 0 0.9951449 0.09842097 0 0.9951919 -0.09794533 0 0.9569531 -0.2902427 0 0.8819493 -0.4713445 0 0.772922 -0.634501 0 0.6344264 -0.7729834 0 0.4713447 -0.8819491 0 0.2901687 -0.9569755 1.13183e-4 0.2891923 -0.9572711 0 0.09808784 -0.9951778 0 -0.0980879 -0.9951778 0 -0.2902432 -0.956953 0 -0.4713448 -0.8819491 0 -0.6344996 -0.7729233 -7.33384e-6 -0.7729227 -0.6345003 -4.19198e-6 -0.8819491 -0.4713446 0 -0.9569529 -0.2902435 0 -0.9951912 -0.09795105 -4.37221e-6 -0.9951769 -0.09809762 6.34497e-6</float_array>
          <technique_common>
            <accessor source="#panda_attach_gs_mini-mesh-normals-array" count="458" stride="3">
              <param name="X" type="float"/>
              <param name="Y" type="float"/>
              <param name="Z" type="float"/>
            </accessor>
          </technique_common>
        </source>
        <source id="panda_attach_gs_mini-mesh-map-0">
          <float_array id="panda_attach_gs_mini-mesh-map-0-array" count="2496">0 0 0 0 0 0 0 0 0 0 0 0 0 0 0 0 0 0 0 0 0 0 0 0 0 0 0 0 0 0 0 0 0 0 0 0 0 0 0 0 0 0 0 0 0 0 0 0 0 0 0 0 0 0 0 0 0 0 0 0 0 0 0 0 0 0 0 0 0 0 0 0 0 0 0 0 0 0 0 0 0 0 0 0 0 0 0 0 0 0 0 0 0 0 0 0 0 0 0 0 0 0 0 0 0 0 0 0 0 0 0 0 0 0 0 0 0 0 0 0 0 0 0 0 0 0 0 0 0 0 0 0 0 0 0 0 0 0 0 0 0 0 0 0 0 0 0 0 0 0 0 0 0 0 0 0 0 0 0 0 0 0 0 0 0 0 0 0 0 0 0 0 0 0 0 0 0 0 0 0 0 0 0 0 0 0 0 0 0 0 0 0 0 0 0 0 0 0 0 0 0 0 0 0 0 0 0 0 0 0 0 0 0 0 0 0 0 0 0 0 0 0 0 0 0 0 0 0 0 0 0 0 0 0 0 0 0 0 0 0 0 0 0 0 0 0 0 0 0 0 0 0 0 0 0 0 0 0 0 0 0 0 0 0 0 0 0 0 0 0 0 0 0 0 0 0 0 0 0 0 0 0 0 0 0 0 0 0 0 0 0 0 0 0 0 0 0 0 0 0 0 0 0 0 0 0 0 0 0 0 0 0 0 0 0 0 0 0 0 0 0 0 0 0 0 0 0 0 0 0 0 0 0 0 0 0 0 0 0 0 0 0 0 0 0 0 0 0 0 0 0 0 0 0 0 0 0 0 0 0 0 0 0 0 0 0 0 0 0 0 0 0 0 0 0 0 0 0 0 0 0 0 0 0 0 0 0 0 0 0 0 0 0 0 0 0 0 0 0 0 0 0 0 0 0 0 0 0 0 0 0 0 0 0 0 0 0 0 0 0 0 0 0 0 0 0 0 0 0 0 0 0 0 0 0 0 0 0 0 0 0 0 0 0 0 0 0 0 0 0 0 0 0 0 0 0 0 0 0 0 0 0 0 0 0 0 0 0 0 0 0 0 0 0 0 0 0 0 0 0 0 0 0 0 0 0 0 0 0 0 0 0 0 0 0 0 0 0 0 0 0 0 0 0 0 0 0 0 0 0 0 0 0 0 0 0 0 0 0 0 0 0 0 0 0 0 0 0 0 0 0 0 0 0 0 0 0 0 0 0 0 0 0 0 0 0 0 0 0 0 0 0 0 0 0 0 0 0 0 0 0 0 0 0 0 0 0 0 0 0 0 0 0 0 0 0 0 0 0 0 0 0 0 0 0 0 0 0 0 0 0 0 0 0 0 0 0 0 0 0 0 0 0 0 0 0 0 0 0 0 0 0 0 0 0 0 0 0 0 0 0 0 0 0 0 0 0 0 0 0 0 0 0 0 0 0 0 0 0 0 0 0 0 0 0 0 0 0 0 0 0 0 0 0 0 0 0 0 0 0 0 0 0 0 0 0 0 0 0 0 0 0 0 0 0 0 0 0 0 0 0 0 0 0 0 0 0 0 0 0 0 0 0 0 0 0 0 0 0 0 0 0 0 0 0 0 0 0 0 0 0 0 0 0 0 0 0 0 0 0 0 0 0 0 0 0 0 0 0 0 0 0 0 0 0 0 0 0 0 0 0 0 0 0 0 0 0 0 0 0 0 0 0 0 0 0 0 0 0 0 0 0 0 0 0 0 0 0 0 0 0 0 0 0 0 0 0 0 0 0 0 0 0 0 0 0 0 0 0 0 0 0 0 0 0 0 0 0 0 0 0 0 0 0 0 0 0 0 0 0 0 0 0 0 0 0 0 0 0 0 0 0 0 0 0 0 0 0 1 0.887144 1 0.594422 1 0.887815 0.96875 0.887815 0.96875 0.594156 0.96875 0.888477 0.9375 0.888477 0.9375 0.593912 0.9375 0.889103 0.90625 0.889103 0.90625 0.593698 0.90625 0.889669 0.875 0.889669 0.875 0.593522 0.875 0.890155 0.84375 0.890155 0.84375 0.593392 0.84375 0.890541 0.8125 0.890541 0.8125 0.593312 0.8125 0.890812 0.78125 0.890812 0.78125 0.593285 0.78125 0.890957 0.75 0.890968 0.75 0.890957 0.75 0.593285 0.71875 0.890737 0.71875 0.593313 0.71875 0.593394 0.6875 0.890474 0.6875 0.593394 0.6875 0.593525 0.65625 0.890151 0.65625 0.593525 0.65625 0.593701 0.625 0.88978 0.625 0.593701 0.625 0.593916 0.59375 0.594161 0.59375 0.88924 0.59375 0.889754 0.5625 0.888625 0.5625 0.594161 0.5625 0.594427 0.53125 0.88797 0.53125 0.594427 0.53125 0.594703 0.5 0.887299 0.5 0.594703 0.5 0.594979 0.46875 0.886637 0.46875 0.594979 0.46875 0.595221 0.4375 0.886011 0.4375 0.595221 0.4375 0.59543 0.40625 0.885444 0.40625 0.59543 0.40625 0.59562 0.375 0.884959 0.375 0.59562 0.375 0.595784 0.34375 0.884573 0.34375 0.595784 0.34375 0.595916 0.3125 0.884302 0.3125 0.595916 0.3125 0.59601 0.28125 0.884156 0.28125 0.59601 0.28125 0.596063 0.25 0.596072 0.25 0.884156 0.25 0.596063 0.21875 0.884257 0.21875 0.596072 0.21875 0.596007 0.1875 0.595876 0.1875 0.884257 0.1875 0.596007 0.15625 0.5957 0.15625 0.8845 0.15625 0.595876 0.125 0.88486 0.125 0.595485 0.125 0.885324 0.09375 0.885324 0.09375 0.59524 0.09375 0.885874 0.0625 0.885874 0.0625 0.594974 0.0625 0.886488 0.03125 0.886488 0.03125 0.594698 0.03125 0.887144 1 0.888211 1 0.594192 1 0.888621 0.96875 0.888621 0.96875 0.593978 0.96875 0.889 0.9375 0.889 0.9375 0.59378 0.9375 0.889335 0.90625 0.889335 0.90625 0.593604 0.90625 0.889612 0.875 0.889612 0.875 0.593457 0.875 0.88982 0.84375 0.88982 0.84375 0.593346 0.84375 0.889952 0.8125 0.890003 0.8125 0.593346 0.8125 0.593273 0.78125 0.88997 0.78125 0.593273 0.78125 0.593243 0.75 0.889855 0.75 0.593243 0.75 0.593257 0.71875 0.889662 0.71875 0.593257 0.71875 0.593313 0.6875 0.889399 0.6875 0.593313 0.6875 0.593409 0.65625 0.889399 0.65625 0.593409 0.65625 0.593434 0.625 0.888705 0.625 0.593543 0.625 0.593708 0.59375 0.888301 0.59375 0.593708 0.59375 0.593899 0.5625 0.887878 0.5625 0.593899 0.5625 0.594108 0.53125 0.887454 0.53125 0.594108 0.53125 0.594327 0.5 0.887044 0.5 0.594327 0.5 0.594547 0.46875 0.886665 0.46875 0.594547 0.46875 0.594761 0.4375 0.88633 0.4375 0.594761 0.4375 0.594959 0.40625 0.886053 0.40625 0.594959 0.40625 0.595136 0.375 0.885845 0.375 0.595136 0.375 0.595282 0.34375 0.885713 0.34375 0.595282 0.34375 0.595394 0.3125 0.885702 0.3125 0.885713 0.3125 0.595394 0.28125 0.885343 0.28125 0.595541 0.28125 0.595611 0.25 0.885328 0.25 0.595611 0.25 0.595623 0.21875 0.595589 0.21875 0.885328 0.21875 0.595623 0.1875 0.595512 0.1875 0.885444 0.1875 0.595589 0.15625 0.595388 0.15625 0.885687 0.15625 0.595512 0.125 0.886047 0.125 0.595217 0.125 0.886511 0.09375 0.886511 0.09375 0.594997 0.09375 0.887061 0.0625 0.887061 0.0625 0.594736 0.0625 0.887676 0.03125 0.887992 0.03125 0.887676 0.03125 0.594736 0 0 0 0 0 0 0 0 0 0 0 0 0 0 0 0 0 0 0 0 0 0 0 0 0 0 0 0 0 0 0 0 0 0 0 0 0 0 0 0 0 0 0 0 0 0 0 0 0 0 0 0 0 0 0 0 0 0 0 0 0 0 0 0 0 0 0 0 0 0 0 0 0 0 0 0 0 0 0 0 0 0 0 0 0 0 0 0 0 0 0 0 0 0 0 0 0 0 0 0 0 0 0 0 0 0 0 0 0 0 0 0 0 0 0 0 0 0 0 0 0 0 0 0 0 0 0 0 0 0 0 0 0 0 0 0 0 0 0 0 0 0 0 0 0 0 0 0 0 0 0 0 0 0 0 0 0 0 0 0 0 0 0 0 0 0 0 0 0 0 0 0 0 0 0 0 0 0 0 0 0 0 0 0 0 0 0 0 0 0 0 0 0 0 0 0 0 0 0 0 0 0 0 0 0 0 0 0 0 0 0 0 0 0 0 0 0 0 0 0 0 0 0 0 0 0 0 0 0 0 0 0 0 0 0 0 0 0 0 0 0 0 0 0 0 0 0 0 0 0 0 0 0 0 0 0 0 0 0 0 0 0 0 0 0 0 0 0 0 0 0 0 0 0 0 0 0 0 0 0 0 0 0 0 0 0 0 0 0 0 0 0 0 0 0 0 0 0 0 0 0 0 0 0 0 0 0 0 0 0 0 0 0 0 0 0 0 0 0 0 0 0 0 0 0 0 0 0 0 0 0 0 0 0 0 0 0 0 0 0 0 0 0 0 0 0 0 0 0 0 0 0 0 0 0 0 0 0 0 0 0 0 0 0 0 0 0 0 0 0 0 0 0 0 0 0 0 0 0 0 0 0 0 0 0 0 0 0 0 0 0 0 0 0 0 0 0 0 0 0 0 0 0 0 0 0 0 0 0 0 0 0 0 0 0 0 0 0 0 0 0 0 0 0 0 0 0 0 0 0 0 0 0 0 0 0 0 0 0 0 0 0 0 0 0 0 0 0 0 0 0 0 0 0 0 0 0 0 0 0 0 0 0 0 0 0 0 0 0 0 0 0 0 0 0 0 0 0 0 0 0 0 0 0 0 0 0 0 0 0 0 0 0 0 0 0 0 0 0 0 0 0 0 0 0 0 0 0 0 0 0 0 0 0 0 0 0 0 0 0 0 0 0 0 0 0 0 0 0 0 0 0 0 0 0 0 0 0 0 0 0 0 0 0 0 0 0 0 0 0 0 0 0 0 0 0 0 0 0 0 0 0 0 0 0 0 0 0 0 0 0 0 0 0 0 0 0 0 0 0 0 0 0 0 0 0 0 0 0 0 0 0 0 0 0 0 0 0 0 0 0 0 0 0 0 0 0 0 0 0 0 0 0 0 0 0 0 0 0 0 0 0 0 0 0 0 0 0 0 0 0 0 0 0 0 0 0 0 0 0 0 0 0 0 0 0 0 0 0 0 0 0 0 0 0 0 0 0 0 0 0 0 0 0 0 0 0 0 0 0 0 0 0 0 0 0 0 0 0 0 0 0 0 0 0 0 0 0 0 0 0 0 0 0 0 0 0 0 0 0 0 0 0 0 0 0 0 0 0 0 0 0 0 0 0 0 0 0 0 0 0 0 0 0 0 0 0 0 0 0 0 0 0 0 0 0 0 0 0 0 0 0 0 0 0 0 0 0 0 0 0 0 0 0 0 0 0 0 0 0 0 0 0 0 0 0 0 0 0 0 0 0 0 0 0 0 0 0 0 0 0 0 0 0 0 0 0 0 0 0 0 0 0 0 0 0 0 0 0 0 0 0 0 0 0 0 0 0 0 0 0 0 0 0 0 0 0 0 0 0 0 0 0 0 0 0 0 0 0 0 0 0 0 0 0 0 0 0 0 0 0 0 0 0 0 0 0 0 0 0 0 0 0 0 0 0 0 0 0 0 0 0 0 0 0 0 0 0 0 0 1 0.887144 1 0.594698 1 0.594422 0.96875 0.887815 0.96875 0.594422 0.96875 0.594156 0.9375 0.888477 0.9375 0.594156 0.9375 0.593912 0.90625 0.889103 0.90625 0.593912 0.90625 0.593698 0.875 0.889669 0.875 0.593698 0.875 0.593522 0.84375 0.890155 0.84375 0.593522 0.84375 0.593392 0.8125 0.890541 0.8125 0.593392 0.8125 0.593312 0.78125 0.890812 0.78125 0.593312 0.78125 0.593285 0.75 0.593285 0.75 0.593313 0.75 0.890968 0.75 0.593313 0.75 0.89093 0.75 0.890968 0.71875 0.890737 0.71875 0.89093 0.71875 0.593313 0.6875 0.890474 0.6875 0.890737 0.6875 0.593394 0.65625 0.890151 0.65625 0.890474 0.65625 0.593525 0.625 0.88978 0.625 0.890151 0.625 0.593701 0.59375 0.88978 0.59375 0.593916 0.59375 0.889754 0.59375 0.593916 0.59375 0.594161 0.59375 0.889754 0.5625 0.888625 0.5625 0.88924 0.5625 0.594161 0.53125 0.88797 0.53125 0.888625 0.53125 0.594427 0.5 0.887299 0.5 0.88797 0.5 0.594703 0.46875 0.886637 0.46875 0.887298 0.46875 0.594979 0.4375 0.886011 0.4375 0.886637 0.4375 0.595221 0.40625 0.885444 0.40625 0.886011 0.40625 0.59543 0.375 0.884959 0.375 0.885444 0.375 0.59562 0.34375 0.884573 0.34375 0.884959 0.34375 0.595784 0.3125 0.884302 0.3125 0.884573 0.3125 0.595916 0.28125 0.884156 0.28125 0.884302 0.28125 0.59601 0.25 0.596072 0.25 0.884141 0.25 0.884156 0.21875 0.884257 0.21875 0.884141 0.21875 0.596072 0.1875 0.595876 0.1875 0.8845 0.1875 0.884257 0.15625 0.5957 0.15625 0.88486 0.15625 0.8845 0.125 0.88486 0.125 0.5957 0.125 0.595485 0.09375 0.885324 0.09375 0.595485 0.09375 0.59524 0.0625 0.885874 0.0625 0.59524 0.0625 0.594974 0.03125 0.886488 0.03125 0.594974 0.03125 0.594698 1 0.888211 1 0.594413 1 0.594192 0.96875 0.888621 0.96875 0.594192 0.96875 0.593978 0.9375 0.889 0.9375 0.593978 0.9375 0.59378 0.90625 0.889335 0.90625 0.59378 0.90625 0.593604 0.875 0.889612 0.875 0.593604 0.875 0.593457 0.84375 0.88982 0.84375 0.593457 0.84375 0.593346 0.8125 0.890003 0.8125 0.889952 0.8125 0.593346 0.78125 0.88997 0.78125 0.890003 0.78125 0.593273 0.75 0.889855 0.75 0.88997 0.75 0.593243 0.71875 0.889662 0.71875 0.889855 0.71875 0.593257 0.6875 0.889399 0.6875 0.889662 0.6875 0.593313 0.65625 0.593543 0.65625 0.889076 0.65625 0.593434 0.65625 0.889076 0.65625 0.889399 0.65625 0.593434 0.625 0.888705 0.625 0.889076 0.625 0.593543 0.59375 0.888301 0.59375 0.888705 0.59375 0.593708 0.5625 0.887878 0.5625 0.888301 0.5625 0.593899 0.53125 0.887454 0.53125 0.887878 0.53125 0.594108 0.5 0.887044 0.5 0.887454 0.5 0.594327 0.46875 0.886665 0.46875 0.887044 0.46875 0.594547 0.4375 0.88633 0.4375 0.886665 0.4375 0.594761 0.40625 0.886053 0.40625 0.88633 0.40625 0.594959 0.375 0.885845 0.375 0.886053 0.375 0.595136 0.34375 0.885713 0.34375 0.885845 0.34375 0.595282 0.3125 0.595394 0.3125 0.595541 0.3125 0.885702 0.3125 0.595541 0.3125 0.885489 0.3125 0.885702 0.28125 0.885343 0.28125 0.885489 0.28125 0.595541 0.25 0.885328 0.25 0.885343 0.25 0.595611 0.21875 0.595589 0.21875 0.885444 0.21875 0.885328 0.1875 0.595512 0.1875 0.885687 0.1875 0.885444 0.15625 0.595388 0.15625 0.886047 0.15625 0.885687 0.125 0.886047 0.125 0.595388 0.125 0.595217 0.09375 0.886511 0.09375 0.595217 0.09375 0.594997 0.0625 0.887061 0.0625 0.594997 0.0625 0.594736 0.03125 0.594736 0.03125 0.594413 0.03125 0.887992 0.03125 0.594413 0.03125 0.888211 0.03125 0.887992</float_array>
          <technique_common>
            <accessor source="#panda_attach_gs_mini-mesh-map-0-array" count="1248" stride="2">
              <param name="S" type="float"/>
              <param name="T" type="float"/>
            </accessor>
          </technique_common>
        </source>
        <vertices id="panda_attach_gs_mini-mesh-vertices">
          <input semantic="POSITION" source="#panda_attach_gs_mini-mesh-positions"/>
        </vertices>
        <triangles material="material_0_002-material" count="416">
          <input semantic="VERTEX" source="#panda_attach_gs_mini-mesh-vertices" offset="0"/>
          <input semantic="NORMAL" source="#panda_attach_gs_mini-mesh-normals" offset="1"/>
          <input semantic="TEXCOORD" source="#panda_attach_gs_mini-mesh-map-0" offset="2" set="0"/>
          <p>0 0 0 1 1 1 2 2 2 0 0 3 48 3 4 1 1 5 3 4 6 68 5 7 12 6 8 3 4 9 4 7 10 68 5 11 5 8 12 6 9 13 7 10 14 8 11 15 9 12 16 6 9 17 11 13 18 14 14 19 10 15 20 10 15 21 14 14 22 39 16 23 39 16 24 14 14 25 12 6 26 11 13 27 13 17 28 14 14 29 12 6 30 0 0 31 9 12 32 39 16 33 12 6 34 9 12 35 9 12 36 15 18 37 6 9 38 0 0 39 15 18 40 9 12 41 0 0 42 16 19 43 15 18 44 15 18 45 17 20 46 6 9 47 6 9 48 17 20 49 7 10 50 15 18 51 18 21 52 17 20 53 66 22 54 20 23 55 21 24 56 66 22 57 67 25 58 20 23 59 20 23 60 67 25 61 22 26 62 67 25 63 8 11 64 22 26 65 19 27 66 23 28 67 25 29 68 25 29 69 23 28 70 24 30 71 20 23 72 22 26 73 25 29 74 22 26 75 19 27 76 25 29 77 26 31 78 27 32 79 28 33 80 24 30 81 29 34 82 27 32 83 23 28 84 29 34 85 24 30 86 5 8 87 7 10 88 29 34 89 7 10 90 28 33 91 27 32 92 7 10 93 27 32 94 29 34 95 30 35 96 31 36 97 32 37 98 31 36 99 33 38 100 34 39 101 35 40 102 33 38 103 31 36 104 17 20 105 18 21 106 35 40 107 30 35 108 17 20 109 31 36 110 31 36 111 17 20 112 35 40 113 36 41 114 34 39 115 33 38 116 36 41 117 37 42 118 34 39 119 7 10 120 30 35 121 28 33 122 7 10 123 17 20 124 30 35 125 86 43 126 85 44 127 45 45 128 39 16 129 163 46 130 164 47 131 13 17 132 11 13 133 47 48 134 47 48 135 11 13 136 40 49 137 41 50 138 48 3 139 42 51 140 30 35 141 42 51 142 43 52 143 30 35 144 43 52 145 28 33 146 43 52 147 26 31 148 28 33 149 32 37 150 42 51 151 30 35 152 44 53 153 21 24 154 43 52 155 49 54 156 38 55 157 46 56 158 49 54 159 45 45 160 38 55 161 49 54 162 40 49 163 45 45 164 47 48 165 40 49 166 49 54 167 46 56 168 38 55 169 44 53 170 48 3 171 46 56 172 44 53 173 42 51 174 44 53 175 43 52 176 42 51 177 48 3 178 44 53 179 32 37 180 50 57 181 42 51 182 51 58 183 50 57 184 32 37 185 31 36 186 51 58 187 32 37 188 52 59 189 53 60 190 51 58 191 51 58 192 54 61 193 50 57 194 53 60 195 54 61 196 51 58 197 34 39 198 52 59 199 31 36 200 31 36 201 52 59 202 51 58 203 54 61 204 42 51 205 50 57 206 54 61 207 41 50 208 42 51 209 55 62 210 27 32 211 26 31 212 56 63 213 26 31 214 43 52 215 56 63 216 55 62 217 26 31 218 56 63 219 20 23 220 55 62 221 20 23 222 57 64 223 55 62 224 21 24 225 56 63 226 43 52 227 21 24 228 20 23 229 56 63 230 57 64 231 24 30 232 55 62 233 55 62 234 24 30 235 27 32 236 18 21 237 15 18 238 59 65 239 18 21 240 58 66 241 35 40 242 18 21 243 59 65 244 58 66 245 59 65 246 60 67 247 58 66 248 60 67 249 61 68 250 58 66 251 61 68 252 62 69 253 58 66 254 16 19 255 60 67 256 59 65 257 16 19 258 59 65 259 15 18 260 62 69 261 33 38 262 35 40 263 62 69 264 35 40 265 58 66 266 5 8 267 29 34 268 63 70 269 65 71 270 63 70 271 64 72 272 65 71 273 5 8 274 63 70 275 6 9 276 5 8 277 65 71 278 63 70 279 19 27 280 64 72 281 19 27 282 22 26 283 64 72 284 64 72 285 22 26 286 65 71 287 23 28 288 19 27 289 63 70 290 23 28 291 63 70 292 29 34 293 65 71 294 8 11 295 6 9 296 22 26 297 8 11 298 65 71 299 38 55 300 39 16 301 66 22 302 39 16 303 67 25 304 66 22 305 0 0 306 12 6 307 48 3 308 48 3 309 12 6 310 68 5 311 69 73 312 70 74 313 13 17 314 47 48 315 69 73 316 13 17 317 40 49 318 11 13 319 10 15 320 45 45 321 40 49 322 10 15 323 60 67 324 16 19 325 71 75 326 60 67 327 71 75 328 61 68 329 71 75 330 36 41 331 61 68 332 61 68 333 36 41 334 62 69 335 33 38 336 62 69 337 36 41 338 2 2 339 16 19 340 0 0 341 3 4 342 14 14 343 70 74 344 3 4 345 12 6 346 14 14 347 13 17 348 70 74 349 14 14 350 34 39 351 37 42 352 52 59 353 52 59 354 37 42 355 53 60 356 37 42 357 72 76 358 53 60 359 53 60 360 72 76 361 54 61 362 72 76 363 41 50 364 54 61 365 39 16 366 9 12 367 67 25 368 48 3 369 41 50 370 1 1 371 8 11 372 67 25 373 9 12 374 68 5 375 46 56 376 48 3 377 4 7 378 46 56 379 68 5 380 69 73 381 49 54 382 4 7 383 49 54 384 46 56 385 4 7 386 69 73 387 47 48 388 49 54 389 66 22 390 44 53 391 38 55 392 21 24 393 44 53 394 66 22 395 25 29 396 24 30 397 57 64 398 20 23 399 25 29 400 57 64 401 71 75 402 2 2 403 72 76 404 3 4 405 70 74 406 173 77 407 3 4 408 185 78 409 188 79 410 69 73 411 4 7 412 132 80 413 94 81 414 133 82 415 95 83 416 95 84 417 130 85 418 93 86 419 93 87 420 137 88 421 97 89 422 97 90 423 126 91 424 89 92 425 89 93 426 128 94 427 91 95 428 91 96 429 136 97 430 87 98 431 87 99 432 122 100 433 101 101 434 101 102 435 123 103 436 84 104 437 83 105 438 84 106 439 123 107 440 104 108 441 124 109 442 120 109 443 106 110 444 120 111 445 121 112 446 102 113 447 121 114 448 125 115 449 103 116 450 125 117 451 118 118 452 119 119 453 78 120 454 77 121 455 74 122 456 119 123 457 116 124 458 73 125 459 116 126 460 115 127 461 75 128 462 115 129 463 117 130 464 76 131 465 117 132 466 107 133 467 79 134 468 107 135 469 109 136 470 80 137 471 109 138 472 108 139 473 82 140 474 108 141 475 110 142 476 81 143 477 110 144 478 112 145 479 86 146 480 112 147 481 111 148 482 85 149 483 111 150 484 114 151 485 113 152 486 85 153 487 114 154 488 88 155 489 113 156 490 138 157 491 129 158 492 88 159 493 138 160 494 127 161 495 92 162 496 129 163 497 90 164 498 135 165 499 99 166 500 99 167 501 131 168 502 98 169 503 98 170 504 134 171 505 96 172 506 96 173 507 132 174 508 94 175 509 168 176 510 193 177 511 167 178 512 167 179 513 192 180 514 169 181 515 169 182 516 189 183 517 166 184 518 166 185 519 190 186 520 165 187 521 165 188 522 194 189 523 170 190 524 170 191 525 186 192 526 162 193 527 163 194 528 186 195 529 187 196 530 164 197 531 187 198 532 188 199 533 161 200 534 188 201 535 185 202 536 171 203 537 185 204 538 195 204 539 156 205 540 195 206 541 179 207 542 156 208 543 179 209 544 180 210 545 160 211 546 182 212 547 178 213 548 152 214 549 178 215 550 176 216 551 151 217 552 176 218 553 174 219 554 150 220 555 174 221 556 173 222 557 153 223 558 173 224 559 177 225 560 154 226 561 177 227 562 175 228 563 155 229 564 175 230 565 184 231 566 159 232 567 184 233 568 183 234 569 157 235 570 183 236 571 181 237 572 172 238 573 181 239 574 196 239 575 139 240 576 172 241 577 196 242 578 145 243 579 202 244 580 199 245 581 148 246 582 199 247 583 197 248 584 198 249 585 148 250 586 197 251 587 201 252 588 149 253 589 198 252 590 200 254 591 146 255 592 201 256 593 147 257 594 203 258 595 144 259 596 144 260 597 205 261 598 142 262 599 142 263 600 204 264 601 141 265 602 140 266 603 141 267 604 204 268 605 84 269 606 83 270 607 38 55 608 10 15 609 139 271 610 143 272 611 10 15 612 143 272 613 145 273 614 101 274 615 84 269 616 38 55 617 87 275 618 101 274 619 38 55 620 45 45 621 10 15 622 86 43 623 10 15 624 145 273 625 148 276 626 10 15 627 148 276 628 86 43 629 91 277 630 87 275 631 38 55 632 89 278 633 91 277 634 38 55 635 148 276 636 149 279 637 86 43 638 149 279 639 146 280 640 81 281 641 86 43 642 149 279 643 81 281 644 97 282 645 89 278 646 38 55 647 93 283 648 97 282 649 38 55 650 146 280 651 147 284 652 82 285 653 147 284 654 144 286 655 80 287 656 95 288 657 93 283 658 38 55 659 94 289 660 95 288 661 38 55 662 141 290 663 140 291 664 75 292 665 140 291 666 77 293 667 78 294 668 140 291 669 78 294 670 74 295 671 142 296 672 141 290 673 75 292 674 140 291 675 74 295 676 73 297 677 140 291 678 73 297 679 75 292 680 94 289 681 38 55 682 45 45 683 96 298 684 94 289 685 45 45 686 144 286 687 142 296 688 76 299 689 98 300 690 96 298 691 45 45 692 99 301 693 98 300 694 45 45 695 142 296 696 75 292 697 76 299 698 90 302 699 99 301 700 45 45 701 92 303 702 90 302 703 45 45 704 144 286 705 76 299 706 79 304 707 144 286 708 79 304 709 80 287 710 88 305 711 92 303 712 45 45 713 100 306 714 88 305 715 45 45 716 80 287 717 82 285 718 147 284 719 82 285 720 81 281 721 146 280 722 85 44 723 100 306 724 45 45 725 172 307 726 139 271 727 10 15 728 39 16 729 38 55 730 162 308 731 38 55 732 83 270 733 105 309 734 38 55 735 105 309 736 104 310 737 157 311 738 172 307 739 10 15 740 159 312 741 157 311 742 10 15 743 38 55 744 104 310 745 162 308 746 104 310 747 106 313 748 162 308 749 155 314 750 159 312 751 10 15 752 154 315 753 155 314 754 10 15 755 106 313 756 102 316 757 170 317 758 103 318 759 77 293 760 169 319 761 77 293 762 140 291 763 168 320 764 106 313 765 170 317 766 162 308 767 102 316 768 103 318 769 165 321 770 170 317 771 102 316 772 165 321 773 153 322 774 154 315 775 10 15 776 150 323 777 153 322 778 10 15 779 77 293 780 168 320 781 167 324 782 77 293 783 167 324 784 169 319 785 150 323 786 10 15 787 39 16 788 151 325 789 150 323 790 39 16 791 103 318 792 169 319 793 166 326 794 152 327 795 151 325 796 39 16 797 160 328 798 152 327 799 39 16 800 103 318 801 166 326 802 165 321 803 158 329 804 160 328 805 39 16 806 156 330 807 158 329 808 39 16 809 171 331 810 156 330 811 39 16 812 161 332 813 171 331 814 39 16 815 39 16 816 162 308 817 163 46 818 164 47 819 161 332 820 39 16 821 71 75 822 16 19 823 2 2 824 2 2 825 1 1 826 72 76 827 1 1 828 41 50 829 72 76 830 72 76 831 37 42 832 36 41 833 72 76 834 36 41 835 71 75 836 182 333 837 180 334 838 3 4 839 70 74 840 181 335 841 183 336 842 70 74 843 183 336 844 184 337 845 178 338 846 182 333 847 3 4 848 176 339 849 178 338 850 3 4 851 70 74 852 184 337 853 175 340 854 70 74 855 175 340 856 177 341 857 174 342 858 176 339 859 3 4 860 70 74 861 177 341 862 173 77 863 173 77 864 174 342 865 3 4 866 196 343 867 181 335 868 70 74 869 69 73 870 129 344 871 138 345 872 69 73 873 138 345 874 113 346 875 202 347 876 196 343 877 70 74 878 199 348 879 202 347 880 70 74 881 69 73 882 113 346 883 114 349 884 69 73 885 114 349 886 111 350 887 199 348 888 70 74 889 197 351 890 70 74 891 69 73 892 197 351 893 69 73 894 111 350 895 197 351 896 111 350 897 112 352 898 197 351 899 198 353 900 197 351 901 112 352 902 198 353 903 112 352 904 110 354 905 201 355 906 198 353 907 110 354 908 201 355 909 110 354 910 108 356 911 200 357 912 201 355 913 108 356 914 200 357 915 108 356 916 109 358 917 203 359 918 200 357 919 109 358 920 203 359 921 109 358 922 107 360 923 205 361 924 203 359 925 107 360 926 205 361 927 107 360 928 117 362 929 204 363 930 205 361 931 117 362 932 204 363 933 117 362 934 115 364 935 191 365 936 204 363 937 115 364 938 191 365 939 115 364 940 116 366 941 193 367 942 191 365 943 116 366 944 193 367 945 116 366 946 119 368 947 192 369 948 193 367 949 119 368 950 192 369 951 119 368 952 118 370 953 189 371 954 192 369 955 118 370 956 189 371 957 118 370 958 125 372 959 190 373 960 189 371 961 125 372 962 190 373 963 125 372 964 121 374 965 194 375 966 190 373 967 121 374 968 194 375 969 121 374 970 120 376 971 186 377 972 194 375 973 120 376 974 186 377 975 120 376 976 124 378 977 187 379 978 186 377 979 124 378 980 187 379 981 124 378 982 3 4 983 124 378 984 123 380 985 4 7 986 188 79 987 187 379 988 3 4 989 124 378 990 4 7 991 3 4 992 3 4 993 180 334 994 179 381 995 136 382 996 128 383 997 4 7 998 122 384 999 136 382 1000 4 7 1001 3 4 1002 179 381 1003 195 385 1004 3 4 1005 195 385 1006 185 78 1007 123 380 1008 122 384 1009 4 7 1010 127 386 1011 129 344 1012 69 73 1013 4 7 1014 128 383 1015 126 387 1016 4 7 1017 126 387 1018 137 388 1019 135 389 1020 127 386 1021 69 73 1022 131 390 1023 135 389 1024 69 73 1025 4 7 1026 137 388 1027 130 391 1028 4 7 1029 130 391 1030 133 392 1031 134 393 1032 131 390 1033 69 73 1034 4 7 1035 133 392 1036 132 80 1037 132 80 1038 134 393 1039 69 73 1040 94 81 1041 132 394 1042 133 82 1043 95 84 1044 133 395 1045 130 85 1046 93 87 1047 130 396 1048 137 88 1049 97 90 1050 137 397 1051 126 91 1052 89 93 1053 126 398 1054 128 94 1055 91 96 1056 128 399 1057 136 97 1058 87 99 1059 136 400 1060 122 100 1061 101 102 1062 122 401 1063 123 103 1064 123 107 1065 124 402 1066 83 105 1067 124 402 1068 105 403 1069 83 105 1070 104 108 1071 105 108 1072 124 109 1073 106 110 1074 104 110 1075 120 111 1076 102 113 1077 106 404 1078 121 114 1079 103 116 1080 102 405 1081 125 117 1082 103 406 1083 118 407 1084 77 121 1085 118 407 1086 119 119 1087 77 121 1088 74 122 1089 78 122 1090 119 123 1091 73 125 1092 74 408 1093 116 126 1094 75 128 1095 73 409 1096 115 129 1097 76 131 1098 75 410 1099 117 132 1100 79 134 1101 76 411 1102 107 135 1103 80 137 1104 79 412 1105 109 138 1106 82 140 1107 80 413 1108 108 141 1109 81 143 1110 82 143 1111 110 144 1112 86 146 1113 81 414 1114 112 147 1115 85 149 1116 86 415 1117 111 150 1118 113 152 1119 100 416 1120 85 153 1121 88 155 1122 100 417 1123 113 156 1124 129 158 1125 92 418 1126 88 159 1127 127 161 1128 90 419 1129 92 162 1130 90 164 1131 127 420 1132 135 165 1133 99 167 1134 135 421 1135 131 168 1136 98 170 1137 131 422 1138 134 171 1139 96 173 1140 134 423 1141 132 174 1142 168 176 1143 191 424 1144 193 177 1145 167 179 1146 193 425 1147 192 180 1148 169 182 1149 192 426 1150 189 183 1151 166 185 1152 189 427 1153 190 186 1154 165 188 1155 190 428 1156 194 189 1157 170 191 1158 194 429 1159 186 192 1160 163 194 1161 162 194 1162 186 195 1163 164 197 1164 163 430 1165 187 198 1166 161 200 1167 164 431 1168 188 201 1169 171 203 1170 161 432 1171 185 204 1172 156 205 1173 171 433 1174 195 206 1175 182 434 1176 158 435 1177 180 210 1178 158 435 1179 156 208 1180 180 210 1181 160 211 1182 158 436 1183 182 212 1184 152 214 1185 160 437 1186 178 215 1187 151 217 1188 152 438 1189 176 218 1190 150 220 1191 151 439 1192 174 221 1193 153 223 1194 150 440 1195 173 224 1196 154 226 1197 153 441 1198 177 227 1199 155 229 1200 154 442 1201 175 230 1202 159 232 1203 155 443 1204 184 233 1205 157 235 1206 159 444 1207 183 236 1208 172 238 1209 157 445 1210 181 239 1211 196 242 1212 202 446 1213 139 240 1214 202 446 1215 143 447 1216 139 240 1217 145 243 1218 143 448 1219 202 244 1220 148 246 1221 145 449 1222 199 247 1223 198 249 1224 149 450 1225 148 250 1226 201 252 1227 146 451 1228 149 253 1229 200 254 1230 147 452 1231 146 255 1232 147 257 1233 200 453 1234 203 258 1235 144 260 1236 203 454 1237 205 261 1238 142 263 1239 205 455 1240 204 264 1241 204 268 1242 191 456 1243 140 266 1244 191 456 1245 168 457 1246 140 266 1247</p>
        </triangles>
      </mesh>
    </geometry>
  </library_geometries>
  <library_visual_scenes>
    <visual_scene id="Scene" name="Scene">
      <node id="panda_gsmini_finger_right" name="panda_gsmini_finger_right" type="NODE">
        <matrix sid="transform">0.001 0 0 0 0 -4.37114e-11 0.001 0.011197 0 -0.001 -4.37114e-11 0.019359 0 0 0 1</matrix>
        <instance_geometry url="#gelsight-mini-franka-finger-1-v2-mesh" name="panda_gsmini_finger_right"/>
      </node>
      <node id="panda_finger_attacher" name="panda_finger_attacher" type="NODE">
        <matrix sid="transform">1 0 0 0 0 7.54979e-8 -1 0 0 1 7.54979e-8 0 0 0 0 1</matrix>
        <instance_geometry url="#panda_attach_gs_mini-mesh" name="panda_finger_attacher">
          <bind_material>
            <technique_common>
              <instance_material symbol="material_0_002-material" target="#material_0_002-material">
                <bind_vertex_input semantic="UVMap" input_semantic="TEXCOORD" input_set="0"/>
              </instance_material>
            </technique_common>
          </bind_material>
        </instance_geometry>
      </node>
    </visual_scene>
  </library_visual_scenes>
  <scene>
    <instance_visual_scene url="#Scene"/>
  </scene>
</COLLADA>