<?xml version="1.0" encoding="utf-8"?>
<COLLADA xmlns="http://www.collada.org/2005/11/COLLADASchema" version="1.4.1" xmlns:xsi="http://www.w3.org/2001/XMLSchema-instance">
  <asset>
    <contributor>
      <author>Blender User</author>
      <authoring_tool>Blender 4.4.3 commit date:2025-04-29, commit time:14:09, hash:802179c51ccc</authoring_tool>
    </contributor>
    <created>2026-08-25T15:20:06</created>
    <modified>2026-08-25T15:20:06</modified>
    <unit name="meter" meter="1"/>
    <up_axis>Z_UP</up_axis>
  </asset>
  <library_effects>
    <effect id="material_0_002-effect">
      <profile_COMMON>
        <technique sid="common">
          <lambert>
            <emission>
              <color sid="emission">0 0 0 1</color>
            </emission>
            <diffuse>
              <color sid="diffuse">0.901961 0.921569 0.929412 1</color>
            </diffuse>
            <index_of_refraction>
              <float sid="ior">1.5</float>
            </index_of_refraction>
          </lambert>
        </technique>
      </profile_COMMON>
    </effect>
  </library_effects>
  <library_images/>
  <library_materials>
    <material id="material_0_002-material" name="material_0.002">
      <instance_effect url="#material_0_002-effect"/>
    </material>
  </library_materials>
  <library_geometries>
    <geometry id="gelsight-mini-franka-finger-2-v2_002-mesh" name="gelsight-mini-franka-finger-2-v2.002">
      <mesh>
        <source id="gelsight-mini-franka-finger-2-v2_002-mesh-positions">
          <float_array id="gelsight-mini-franka-finger-2-v2_002-mesh-positions-array" count="3294">10.5 15.25 14.32361 2.082454 -51.53468 20 2.082454 -51.53468 23 10 7.25 14.32361 2.15 -51 20 9.931893 6.515002 14.32361 9.729889 5.805033 14.32361 2.15 -51 23 2.082454 -50.46532 20 -10.5 15.25 14.32361 2.082454 -50.46532 23 4.905348 11.0973 14.32361 1.884059 -49.96423 20 5.630927 11.23294 14.32361 1.884059 -49.96423 23 6.369073 11.23294 14.32361 1.567283 -49.52822 20 -10 7.25 14.32361 1.567283 -49.52822 23 -9.931893 7.984998 14.32361 1.152028 -49.1847 20 -9.729889 8.694967 14.32361 -4.217047 3.669347 14.32361 1.152028 -49.1847 23 0.6643865 -48.95523 20 -4.905348 3.402697 14.32361 0.6643865 -48.95523 23 -5.630927 3.267063 14.32361 0.1349996 -48.85424 20 9.400869 5.144271 14.32361 0.1349996 -48.85424 23 8.956036 4.555217 14.32361 -0.4028698 -48.88808 20 8.410539 4.057931 14.32361 7.782953 3.669347 14.32361 -0.4028698 -48.88808 23 -0.9154255 -49.05462 20 7.094652 3.402697 14.32361 -0.9154255 -49.05462 23 6.369073 3.267063 14.32361 -1.370462 -49.34339 20 5.630927 3.267063 14.32361 -1.370462 -49.34339 23 4.905348 3.402697 14.32361 4.217047 3.669347 14.32361 -1.739387 -49.73626 20 -1.739387 -49.73626 23 3.589462 4.057931 14.32361 -1.999019 -50.20853 20 -3.589462 4.057931 14.32361 -1.999019 -50.20853 23 -3.043964 4.555217 14.32361 -2.133047 -50.73053 20 3.043964 4.555217 14.32361 -2.133047 -50.73053 23 -2.599131 5.144271 14.32361 -2.133047 -51.26947 20 2.599131 5.144271 14.32361 -2.270111 5.805033 14.32361 -2.133047 -51.26947 23 2.270111 5.805033 14.32361 -1.999019 -51.79147 20 -1.999019 -51.79147 23 -2.068108 6.515002 14.32361 -1.739387 -52.26374 20 2.068108 6.515002 14.32361 -1.739387 -52.26374 23 -2 7.25 14.32361 -1.370462 -52.6566 20 2 7.25 14.32361 -1.370462 -52.6566 23 -2.068108 7.984998 14.32361 -0.9154255 -52.94538 20 2.068108 7.984998 14.32361 -2.270111 8.694967 14.32361 -0.9154255 -52.94538 23 -0.4028698 -53.11192 20 2.270111 8.694967 14.32361 -0.4028698 -53.11192 23 -2.599131 9.35573 14.32361 0.1349996 -53.14575 20 2.599131 9.35573 14.32361 0.1349996 -53.14575 23 -3.043964 9.944783 14.32361 0.6643865 -53.04477 20 3.043964 9.944783 14.32361 0.6643865 -53.04477 23 -3.589462 10.44207 14.32361 1.152028 -52.8153 20 3.589462 10.44207 14.32361 -4.217047 10.83065 14.32361 1.152028 -52.8153 23 4.217047 10.83065 14.32361 1.567283 -52.47177 20 -4.905348 11.0973 14.32361 1.567283 -52.47177 23 7.094652 11.0973 14.32361 1.884059 -52.03577 20 7.782953 10.83065 14.32361 1.884059 -52.03577 23 8.410539 10.44207 14.32361 1.125 -51 20 8.956036 9.944783 14.32361 1.086667 -50.70883 20 9.400869 9.35573 14.32361 0.9742786 -50.4375 20 0.7954952 -50.2045 20 9.729889 8.694967 14.32361 9.931893 7.984998 14.32361 0.5625 -50.02572 20 0.2911714 -49.91333 20 -6.369073 3.267063 14.32361 0 -49.875 20 -7.094652 3.402697 14.32361 -0.2911714 -49.91333 20 -7.782953 3.669347 14.32361 -0.5625 -50.02572 20 -8.410539 4.057931 14.32361 -0.7954952 -50.2045 20 -8.956036 4.555217 14.32361 -0.9742786 -50.4375 20 -9.400869 5.144271 14.32361 -9.729889 5.805033 14.32361 -1.086667 -50.70883 20 -1.125 -51 20 -9.931893 6.515002 14.32361 -9.400869 9.35573 14.32361 -1.086667 -51.29117 20 -8.956036 9.944783 14.32361 -0.9742786 -51.5625 20 -0.7954952 -51.79549 20 -8.410539 10.44207 14.32361 -0.5625 -51.97428 20 -7.782953 10.83065 14.32361 -0.2911714 -52.08666 20 -7.094652 11.0973 14.32361 -6.369073 11.23294 14.32361 0 -52.125 20 -5.630927 11.23294 14.32361 0.2911714 -52.08666 20 0.5625 -51.97428 20 -2.068108 7.984998 11.32361 -2 7.25 11.32361 0.7954952 -51.79549 20 0.9742786 -51.5625 20 -2.068108 6.515002 11.32361 -2.270111 5.805033 11.32361 1.086667 -51.29117 20 -2.599131 5.144271 11.32361 2.082454 -69.53469 20 2.082454 -69.53469 23 -3.043964 4.555217 11.32361 2.15 -69 20 -3.589462 4.057931 11.32361 2.15 -69 23 -4.217047 3.669347 11.32361 2.082454 -68.46532 20 -4.905348 3.402697 11.32361 -5.630927 3.267063 11.32361 2.082454 -68.46532 23 -6.369073 3.267063 11.32361 1.884059 -67.96424 20 -7.094652 3.402697 11.32361 1.884059 -67.96424 23 -7.782953 3.669347 11.32361 1.567283 -67.52822 20 1.567283 -67.52822 23 -8.410539 4.057931 11.32361 1.152028 -67.1847 20 -8.956036 4.555217 11.32361 1.152028 -67.1847 23 -9.400869 5.144271 11.32361 0.6643865 -66.95523 20 -9.729889 5.805033 11.32361 -9.931893 6.515002 11.32361 0.6643865 -66.95523 23 0.1349996 -66.85424 20 -10 7.25 11.32361 0.1349996 -66.85424 23 -9.931893 7.984998 11.32361 -0.4028698 -66.88809 20 -9.729889 8.694967 11.32361 -0.4028698 -66.88809 23 -9.400869 9.35573 11.32361 -0.9154255 -67.05462 20 -8.956036 9.944783 11.32361 -0.9154255 -67.05462 23 -8.410539 10.44207 11.32361 -1.370462 -67.3434 20 -7.782953 10.83065 11.32361 -7.094652 11.0973 11.32361 -1.370462 -67.3434 23 -6.369073 11.23294 11.32361 -1.739387 -67.73626 20 -1.739387 -67.73626 23 -5.630927 11.23294 11.32361 -1.999019 -68.20854 20 -4.905348 11.0973 11.32361 -4.217047 10.83065 11.32361 -1.999019 -68.20854 23 -3.589462 10.44207 11.32361 -2.133047 -68.73053 20 -3.043964 9.944783 11.32361 -2.133047 -68.73053 23 -2.599131 9.35573 11.32361 -2.133047 -69.26947 20 -2.270111 8.694967 11.32361 -2.133047 -69.26947 23 -3.85 7.25 11.32361 -1.999019 -69.79147 20 -3.917546 7.784683 11.32361 -1.999019 -69.79147 23 -4.115941 8.285771 11.32361 -1.739387 -70.26374 20 -4.432717 8.721776 11.32361 -1.739387 -70.26374 23 -4.847972 9.065305 11.32361 -1.370462 -70.6566 20 -5.335613 9.294772 11.32361 -1.370462 -70.6566 23 -5.865 9.395758 11.32361 -0.9154255 -70.94538 20 -6.40287 9.361918 11.32361 -0.9154255 -70.94538 23 -6.915425 9.195379 11.32361 -0.4028698 -71.11192 20 -7.370461 8.906604 11.32361 -0.4028698 -71.11192 23 -7.739387 8.513739 11.32361 0.1349996 -71.14576 20 -7.99902 8.041468 11.32361 0.1349996 -71.14576 23 -8.133047 7.519466 11.32361 0.6643865 -71.04477 20 -8.133047 6.980534 11.32361 0.6643865 -71.04477 23 -7.99902 6.458532 11.32361 1.152028 -70.81531 20 1.152028 -70.81531 23 -7.739387 5.986262 11.32361 1.567283 -70.47178 20 -7.370461 5.593397 11.32361 1.567283 -70.47178 23 -6.915425 5.304622 11.32361 1.884059 -70.03577 20 -6.40287 5.138082 11.32361 -5.865 5.104242 11.32361 1.884059 -70.03577 23 -5.335613 5.205228 11.32361 1.125 -69 20 1.086667 -68.70883 20 -4.847972 5.434695 11.32361 0.9742786 -68.4375 20 -4.432717 5.778223 11.32361 -4.115941 6.21423 11.32361 0.7954952 -68.20451 20 -3.917546 6.715317 11.32361 0.5625 -68.02572 20 9.931893 6.515002 11.32361 0.2911714 -67.91333 20 10 7.25 11.32361 0 -67.875 20 8.15 7.25 11.32361 -0.2911714 -67.91333 20 9.931893 7.984998 11.32361 -0.5625 -68.02572 20 -0.7954952 -68.20451 20 8.082454 7.784683 11.32361 -0.9742786 -68.4375 20 9.729889 8.694967 11.32361 7.884059 8.285771 11.32361 -1.086667 -68.70883 20 -1.125 -69 20 9.400869 9.35573 11.32361 -1.086667 -69.29117 20 7.567283 8.721776 11.32361 8.956036 9.944783 11.32361 -0.9742786 -69.5625 20 8.410539 10.44207 11.32361 -0.7954952 -69.7955 20 7.152028 9.065305 11.32361 -0.5625 -69.97428 20 7.782953 10.83065 11.32361 -0.2911714 -70.08667 20 6.664387 9.294772 11.32361 0 -70.125 20 7.094652 11.0973 11.32361 0.2911714 -70.08667 20 6.135 9.395758 11.32361 0.5625 -69.97428 20 0.7954952 -69.7955 20 6.369073 11.23294 11.32361 5.630927 11.23294 11.32361 0.9742786 -69.5625 20 1.086667 -69.29117 20 5.59713 9.361918 11.32361 -28.32843 -61.25 22.5 4.905348 11.0973 11.32361 5.084575 9.195379 11.32361 -28.62306 -61.70587 22.95588 4.217047 10.83065 11.32361 -12.5 -61.25 22.5 3.589462 10.44207 11.32361 -12 -61.75 23 -28.59808 -61.75 23 4.629539 8.906604 11.32361 -12.5 -45.25 22.5 3.043964 9.944783 11.32361 -12 -44.75 23 4.260613 8.513739 11.32361 2.599131 9.35573 11.32361 -28.72718 -44.75 23 4.00098 8.041468 11.32361 -28.73983 -44.77798 22.97202 2.270111 8.694967 11.32361 -28.40474 -45.25 22.5 2.068108 7.984998 11.32361 -28.73983 -44.77798 4.5 3.866953 7.519466 11.32361 -28.49441 -44.33329 13.5 2 7.25 11.32361 -28.44173 -44.25703 23 3.866953 6.980534 11.32361 -28.12132 -43.87868 13.5 2.068108 6.515002 11.32361 -28.06824 -43.8269 23 -27.66671 -43.50559 13.5 4.00098 6.458532 11.32361 -27.62019 -43.47512 23 2.270111 5.805033 11.32361 -27.14805 -43.22836 13.5 2.599131 5.144271 11.32361 -27.11371 -43.21438 23 4.260613 5.986262 11.32361 -26.58527 -43.05764 13.5 3.043964 4.555217 11.32361 -26.56708 -43.05408 23 4.629539 5.593397 11.32361 -26 -43 4 3.589462 4.057931 11.32361 -26 -43 23 5.084575 5.304622 11.32361 -26.58527 -43.05764 4 4.217047 3.669347 11.32361 -27.14805 -43.22836 4 4.905348 3.402697 11.32361 5.59713 5.138082 11.32361 -27.66671 -43.50559 4 -28.12132 -43.87868 4 5.630927 3.267063 11.32361 -28.49441 -44.33329 4 6.135 5.104242 11.32361 6.369073 3.267063 11.32361 -28.77164 -44.85195 4 7.094652 3.402697 11.32361 -28.88342 -45.17182 4.5 6.664387 5.205228 11.32361 -28.94236 -45.41473 4 7.782953 3.669347 11.32361 -28.97071 -45.58182 4.5 7.152028 5.434695 11.32361 -29 -46 4 8.410539 4.057931 11.32361 -29 -46 4.5 15 -44.28649 23 7.567283 5.778223 11.32361 15 -74 23 8.956036 4.555217 11.32361 9.400869 5.144271 11.32361 -11.85543 -30.98076 23 7.884059 6.21423 11.32361 -15 -43 23 9.729889 5.805033 11.32361 11.85543 -30.98076 23 8.082454 6.715317 11.32361 14.67438 -41.7554 23 -3.917546 6.715317 9.323606 14.96364 -43.43455 23 -3.85 7.25 9.323606 14.85484 -42.5888 23 -3.917546 7.784683 9.323606 12 -77 23 -4.115941 8.285771 9.323606 12.58527 -76.94235 23 -4.432717 8.721776 9.323606 -12 -77 23 -4.847972 9.065305 9.323606 -15 -74 23 -5.335613 9.294772 9.323606 -12.58527 -76.94235 23 -5.865 9.395758 9.323606 -13.14805 -76.77164 23 -13.66671 -76.49441 23 -6.40287 9.361918 9.323606 -14.12132 -76.12133 23 -6.915425 9.195379 9.323606 -14.49441 -75.66671 23 -7.370461 8.906604 9.323606 -14.77164 -75.14805 23 -7.739387 8.513739 9.323606 -14.94236 -74.58528 23 -7.99902 8.041468 9.323606 -15 -63.25 23 -8.133047 7.519466 9.323606 -8.133047 6.980534 9.323606 -26 -63.25 23 -7.99902 6.458532 9.323606 -26.62374 -63.18444 23 -7.739387 5.986262 9.323606 -27.22021 -62.99063 23 -7.370461 5.593397 9.323606 -27.76336 -62.67705 23 -6.915425 5.304622 9.323606 -28.22944 -62.25739 23 -6.40287 5.138082 9.323606 13.14805 -76.77164 23 13.66671 -76.49441 23 -5.865 5.104242 9.323606 14.12132 -76.12133 23 -5.335613 5.205228 9.323606 14.49441 -75.66671 23 -4.847972 5.434695 9.323606 14.77164 -75.14805 23 -4.432717 5.778223 9.323606 -4.115941 6.21423 9.323606 14.94236 -74.58528 23 10.5 15.25 6.323606 -28.62306 -61.70587 4.5 -10.5 15.25 6.323606 -28.49441 -61.91671 13.5 8.082454 6.715317 9.323606 -28.12132 -62.37132 13.5 -27.66671 -62.74441 13.5 8.15 7.25 9.323606 -27.14805 -63.02164 13.5 8.082454 7.784683 9.323606 -26.58527 -63.19235 13.5 7.884059 8.285771 9.323606 7.567283 8.721776 9.323606 -26 -63.25 4 -26.58527 -63.19235 4 7.152028 9.065305 9.323606 -27.14805 -63.02164 4 6.664387 9.294772 9.323606 -27.66671 -62.74441 4 6.135 9.395758 9.323606 5.59713 9.361918 9.323606 -28.12132 -62.37132 4 5.084575 9.195379 9.323606 -28.49441 -61.91671 4 4.629539 8.906604 9.323606 -28.77164 -61.39805 4 -28.83046 -61.24423 4.5 4.260613 8.513739 9.323606 -28.94236 -60.83527 4 4.00098 8.041468 9.323606 3.866953 7.519466 9.323606 -28.95731 -60.75429 4.5 3.866953 6.980534 9.323606 -29 -60.25 4 4.00098 6.458532 9.323606 -29 -60.25 4.5 4.260613 5.986262 9.323606 4.629539 5.593397 9.323606 -10.5 -24.51351 19.26613 5.084575 5.304622 9.323606 5.59713 5.138082 9.323606 10.5 -24.51351 19.26613 10.52046 -25.15281 19.63523 6.135 5.104242 9.323606 -10.52046 -25.15281 19.63523 6.664387 5.205228 9.323606 10.58174 -25.78948 20.00282 7.152028 5.434695 9.323606 -10.58174 -25.78948 20.00282 7.567283 5.778223 9.323606 7.884059 6.21423 9.323606 10.6836 -26.42094 20.36739 10.5 15.25 0.1736054 -10.6836 -26.42094 20.36739 -10.5 15.25 0.1736054 10.82562 -27.0446 20.72746 -10.82562 -27.0446 20.72746 10.5 0 6.323606 12.58527 -76.94235 15.5 10.5 0 0.1736054 12 -77 8 -10.5 0 6.323606 12.58527 -76.94235 8 -10.5 0 0.1736054 13.14805 -76.77164 15.5 9.996188 7.424608 6.323606 13.14805 -76.77164 8 9.89606 8.155933 6.323606 13.66671 -76.49441 15.5 9.663258 8.856407 6.323606 13.66671 -76.49441 8 5.074334 3.358581 6.323606 5.805141 3.254749 6.323606 14.12132 -76.12133 15.5 6.542585 3.286971 6.323606 14.12132 -76.12133 8 -9.996188 7.424608 6.323606 14.49441 -75.66671 15.5 -9.960229 6.687337 6.323606 14.49441 -75.66671 8 -9.78941 5.969228 6.323606 14.77164 -75.14805 15.5 -4.738449 11.04585 6.323606 14.77164 -75.14805 8 -5.457415 11.21303 6.323606 14.94236 -74.58528 15.5 14.94236 -74.58528 8 -6.194859 11.24525 6.323606 9.305708 9.502177 6.323606 15 -74 8 -12 -77 8 8.835586 10.07125 6.323606 -14.94236 -74.58528 15.5 8.268901 10.54425 6.323606 -15 -74 8 7.624951 10.90507 6.323606 -14.94236 -74.58528 8 6.925666 11.14142 6.323606 -14.77164 -75.14805 15.5 6.194859 11.24525 6.323606 -14.77164 -75.14805 8 5.457415 11.21303 6.323606 -14.49441 -75.66671 15.5 4.738449 11.04585 6.323606 -14.49441 -75.66671 8 -4.062443 10.74941 6.323606 4.062443 10.74941 6.323606 -14.12132 -76.12133 15.5 -14.12132 -76.12133 8 -3.452419 10.3338 6.323606 -13.66671 -76.49441 15.5 3.452419 10.3338 6.323606 -13.66671 -76.49441 8 -2.929149 9.813178 6.323606 -13.14805 -76.77164 15.5 2.929149 9.813178 6.323606 -13.14805 -76.77164 8 -2.510454 9.205267 6.323606 -12.58527 -76.94235 15.5 2.510454 9.205267 6.323606 -12.58527 -76.94235 8 -2.210591 8.530773 6.323606 10.53636 -25.36545 9.027138 2.210591 8.530773 6.323606 -2.039771 7.812663 6.323606 10.52046 -25.15281 -2.304083 2.039771 7.812663 6.323606 10.5 -24.51351 -2.673179 -2.003813 7.075392 6.323606 10.64516 -26.2112 9.027138 2.003813 7.075392 6.323606 10.58174 -25.78948 -1.936496 -2.10394 6.344068 6.323606 10.6836 -26.42094 -1.571923 2.10394 6.344068 6.323606 10.82562 -27.0446 -1.211856 -2.336742 5.643593 6.323606 14.67438 -41.7554 7.281431 15 -44.28649 8 2.336742 5.643593 6.323606 14.99075 -43.8566 8 -2.694293 4.997824 6.323606 14.96304 -43.4275 8 2.694293 4.997824 6.323606 14.9169 -43 8 -3.164415 4.428749 6.323606 14.81539 -42.37385 7.638494 3.164415 4.428749 6.323606 -3.731099 3.955749 6.323606 -10.82562 -27.0446 -1.211856 3.731099 3.955749 6.323606 -15 -43 8 -10.6836 -26.42094 -1.571923 -4.375049 3.59493 6.323606 -10.58174 -25.78948 -1.936496 4.375049 3.59493 6.323606 -10.52046 -25.15281 -2.304083 -5.074334 3.358581 6.323606 -10.5 -24.51351 -2.673179 7.261551 3.454149 6.323606 7.937557 3.750589 6.323606 8.547581 4.166199 6.323606 9.070851 4.686823 6.323606 11 -44.25 17 9.489546 5.294733 6.323606 -11 -44.25 17 9.78941 5.969228 6.323606 11 -44.25 8 9.960229 6.687337 6.323606 -11 -44.25 8 11 -75.75 17 -9.305708 9.502177 6.323606 -9.663258 8.856407 6.323606 12.5 -74.25 17 -9.89606 8.155933 6.323606 11 -75.75 8 -9.489546 5.294733 6.323606 12.5 -74.25 8 -9.070851 4.686823 6.323606 -11 -75.75 8 -8.547581 4.166199 6.323606 -11 -75.75 17 -12.5 -74.25 17 -7.937557 3.750589 6.323606 -7.261551 3.454149 6.323606 -12.5 -74.25 8 -6.542585 3.286971 6.323606 -12.5 -61.25 17 -12.5 -61.25 8 -5.805141 3.254749 6.323606 12.5 -45.75 8 -6.925666 11.14142 6.323606 -7.624951 10.90507 6.323606 12.5 -45.75 17 1.086667 -68.70883 17 -8.268901 10.54425 6.323606 1.125 -69 17 -8.835586 10.07125 6.323606 1.086667 -69.29117 17 9.737248 8.675827 9.323606 0.9742786 -69.5625 17 9.411619 9.338268 9.323606 0.7954952 -69.7955 17 8.969811 9.929594 9.323606 0.5625 -69.97428 17 8.426871 10.42967 9.323606 0.2911714 -70.08667 17 7.801285 10.82147 9.323606 7.11436 11.09164 9.323606 0 -70.125 17 -0.2911714 -70.08667 17 6.389486 11.23099 9.323606 -0.5625 -69.97428 17 5.651349 11.23478 9.323606 4.925085 11.10286 9.323606 -0.7954952 -69.7955 17 4.235425 10.83975 9.323606 -0.9742786 -69.5625 17 3.605856 10.45438 9.323606 -1.086667 -69.29117 17 3.057817 9.959901 9.323606 -1.125 -69 17 2.609971 9.373135 9.323606 -1.086667 -68.70883 17 2.277567 8.714069 9.323606 -0.9742786 -68.4375 17 2.071927 8.005145 9.323606 -0.7954952 -68.20451 17 2.000052 7.270505 9.323606 -0.5625 -68.02572 17 2.064391 6.535167 9.323606 -0.2911714 -67.91333 17 0 -67.875 17 2.262753 5.824172 9.323606 2.588382 5.161733 9.323606 0.2911714 -67.91333 17 3.030189 4.570406 9.323606 0.5625 -68.02572 17 3.57313 4.07033 9.323606 0.7954952 -68.20451 17 4.198715 3.678534 9.323606 0.9742786 -68.4375 17 -12.5 -45.25 17 4.88564 3.40836 9.323606 5.610514 3.269008 9.323606 -12 -45.25 17 6.348651 3.265224 9.323606 -1.086667 -51.29117 17 -0.9742786 -51.5625 17 7.074915 3.397136 9.323606 -1.125 -51 17 7.764575 3.660254 9.323606 -1.086667 -50.70883 17 8.394144 4.045616 9.323606 -0.9742786 -50.4375 17 8.942183 4.5401 9.323606 9.390029 5.126865 9.323606 -0.7954952 -50.2045 17 -0.5625 -50.02572 17 9.722434 5.785932 9.323606 -0.2911714 -49.91333 17 9.928073 6.494856 9.323606 9.999948 7.229495 9.323606 0 -49.875 17 9.935609 7.964833 9.323606 0.2911714 -49.91333 17 0.5625 -50.02572 17 4.406222 7.677052 -4.826394 4.406222 7.677052 0.1736054 0.7954952 -50.2045 17 4.35 7.25 -4.826394 0.9742786 -50.4375 17 1.086667 -50.70883 17 4.35 7.25 0.1736054 4.406222 6.822948 -4.826394 1.125 -51 17 4.406222 6.822948 0.1736054 1.086667 -51.29117 17 0.9742786 -51.5625 17 4.571058 6.425 -4.826394 0.7954952 -51.79549 17 4.571058 6.425 0.1736054 4.833274 6.083274 -4.826394 0.5625 -51.97428 17 4.833274 6.083274 0.1736054 0.2911714 -52.08666 17 5.175 5.821058 -4.826394 0 -52.125 17 5.175 5.821058 0.1736054 -0.2911714 -52.08666 17 5.572948 5.656222 -4.826394 -0.5625 -51.97428 17 5.572948 5.656222 0.1736054 -0.7954952 -51.79549 17 6 5.6 -4.826394 -15 -45.25 8 -12 -45.25 8 6 5.6 0.1736054 6.427052 5.656222 -4.826394 -15 -63.25 8 -15 -61.25 8 6.427052 5.656222 0.1736054 -15 -63.25 4 6.825 5.821058 -4.826394 -15 -61.25 5 6.825 5.821058 0.1736054 -15 -63.21593 3.741181 7.166726 6.083274 -4.826394 -15 -62.25 3 7.166726 6.083274 0.1736054 7.428942 6.425 -4.826394 -15 -63.11602 3.5 7.428942 6.425 0.1736054 -15 -62.95711 3.292893 -15 -62.75 3.133975 7.593778 6.822948 -4.826394 7.593778 6.822948 0.1736054 -15 -62.50882 3.034074 -15 -45.25 5 7.65 7.25 -4.826394 -15 -44 3 7.65 7.25 0.1736054 -15 -43.03407 3.741181 7.593778 7.677052 -4.826394 7.593778 7.677052 0.1736054 -15 -43.13397 3.5 7.428942 8.075 -4.826394 -15 -43.29289 3.292893 7.428942 8.075 0.1736054 -15 -43.5 3.133975 7.166726 8.416727 -4.826394 -15 -43.74118 3.034074 7.166726 8.416727 0.1736054 -15 -43 4 6.825 8.678942 -4.826394 -28.38485 -45.25 5 6.825 8.678942 0.1736054 -28.5 -46 5 6.427052 8.843778 -4.826394 -28.4486 -45.49566 5 -28.48712 -45.74652 5 6.427052 8.843778 0.1736054 6 8.9 -4.826394 -28.5 -60.25 5 -28.29129 -61.25 5 6 8.9 0.1736054 5.572948 8.843778 -4.826394 -28.40651 -60.92729 5 5.572948 8.843778 0.1736054 -28.47652 -60.59186 5 -28.40474 -45.25 4.981019 5.175 8.678942 -4.826394 -28.32843 -61.25 4.965918 5.175 8.678942 0.1736054 4.833274 8.416727 -4.826394 -26 -44 3 4.833274 8.416727 0.1736054 -26 -62.25 3 4.571058 8.075 -4.826394 -28 -46 3 4.571058 8.075 0.1736054 -28 -60.25 3 -26.44504 -62.19985 3 -7.65 7.25 0.1736054 -7.593778 7.677052 0.1736054 -26.86777 -62.05194 3 -27.24698 -61.81366 3 -7.428942 8.075 0.1736054 -5.175 5.821058 0.1736054 -27.56366 -61.49698 3 -5.572948 5.656222 0.1736054 -27.80194 -61.11777 3 -4.406222 7.677052 0.1736054 -27.94986 -60.69504 3 -4.35 7.25 0.1736054 -27.94986 -45.55496 3 -4.406222 6.822948 0.1736054 -27.80194 -45.13223 3 -4.571058 8.075 0.1736054 -27.56366 -44.75302 3 -27.24698 -44.43634 3 -4.833274 8.416727 0.1736054 -4.833274 6.083274 0.1736054 -26.86777 -44.19806 3 -26.44504 -44.05014 3 -4.571058 6.425 0.1736054 -20.5 -62.50882 3.034074 -7.166726 8.416727 0.1736054 -6.825 8.678942 0.1736054 -20.5 -62.75 3.133975 -6.427052 8.843778 0.1736054 -20.5 -62.95711 3.292893 -6 8.9 0.1736054 -20.5 -63.11602 3.5 -5.572948 8.843778 0.1736054 -20.5 -63.21593 3.741181 -26 -63.21593 3.741181 -5.175 8.678942 0.1736054 -26 -63.11602 3.5 -6 5.6 0.1736054 -6.427052 5.656222 0.1736054 -26 -62.95711 3.292893 -26 -62.75 3.133975 -6.825 5.821058 0.1736054 -26 -62.50882 3.034074 -7.166726 6.083274 0.1736054 -26.44067 -62.46541 3.034074 -7.428942 6.425 0.1736054 -7.593778 6.822948 0.1736054 -26.48773 -62.70196 3.133975 -7.593778 7.677052 -4.826394 -26.52813 -62.90509 3.292893 -7.65 7.25 -4.826394 -26.55913 -63.06095 3.5 -7.593778 6.822948 -4.826394 -26.57862 -63.15893 3.741181 -27.13501 -62.99016 3.741181 -7.428942 6.425 -4.826394 -7.166726 6.083274 -4.826394 -27.64778 -62.71607 3.741181 -28.09723 -62.34722 3.741181 -6.825 5.821058 -4.826394 -28.46608 -61.89778 3.741181 -6.427052 5.656222 -4.826394 -28.74016 -61.38501 3.741181 -6 5.6 -4.826394 -28.90894 -60.82862 3.741181 -5.572948 5.656222 -4.826394 -28.96593 -60.25 3.741181 -5.175 5.821058 -4.826394 -28.86603 -60.25 3.5 -4.833274 6.083274 -4.826394 -4.571058 6.425 -4.826394 -28.81096 -60.80913 3.5 -4.406222 6.822948 -4.826394 -28.64786 -61.34678 3.5 -4.35 7.25 -4.826394 -28.38301 -61.84228 3.5 -28.02659 -62.27658 3.5 -4.406222 7.677052 -4.826394 -27.59228 -62.63301 3.5 -4.571058 8.075 -4.826394 -4.833274 8.416727 -4.826394 -27.09678 -62.89786 3.5 -5.175 8.678942 -4.826394 -28.70711 -60.25 3.292893 -5.572948 8.843778 -4.826394 -28.65509 -60.77813 3.292893 -6 8.9 -4.826394 -28.50104 -61.28596 3.292893 -6.427052 8.843778 -4.826394 -28.25088 -61.75399 3.292893 -6.825 8.678942 -4.826394 -27.91421 -62.16421 3.292893 -7.166726 8.416727 -4.826394 -27.50399 -62.50088 3.292893 -7.428942 8.075 -4.826394 -27.03597 -62.75104 3.292893 -28.5 -60.25 3.133975 -2.071927 8.005145 9.323606 -28.45196 -60.73772 3.133975 -2.000052 7.270505 9.323606 -2.064391 6.535167 9.323606 -28.3097 -61.20671 3.133975 -28.07868 -61.63893 3.133975 -2.277567 8.714069 9.323606 -2.609971 9.373135 9.323606 -27.76777 -62.01777 3.133975 -3.057817 9.959901 9.323606 -27.38893 -62.32867 3.133975 -3.605856 10.45438 9.323606 -26.95671 -62.5597 3.133975 -4.235425 10.83975 9.323606 -28.25882 -60.25 3.034074 -4.925085 11.10286 9.323606 -28.21542 -60.69067 3.034074 -5.651349 11.23478 9.323606 -28.08688 -61.11441 3.034074 -6.389486 11.23099 9.323606 -27.87814 -61.50493 3.034074 -7.11436 11.09164 9.323606 -27.59723 -61.84722 3.034074 -7.801285 10.82147 9.323606 -27.25493 -62.12814 3.034074 -26.86441 -62.33687 3.034074 -8.426871 10.42967 9.323606 -8.969811 9.929594 9.323606 -28.25882 -55.5 3.034074 -9.411619 9.338268 9.323606 -28.25882 -50.75 3.034074 -9.737248 8.675827 9.323606 -28.25882 -46 3.034074 -9.935609 7.964833 9.323606 -28.5 -46 3.133975 -9.999948 7.229495 9.323606 -28.5 -50.75 3.133975 -28.70711 -46 3.292893 -9.928073 6.494856 9.323606 -9.722434 5.785932 9.323606 -28.70711 -50.75 3.292893 -9.390029 5.126865 9.323606 -28.86603 -46 3.5 -28.86603 -50.75 3.5 -8.942183 4.5401 9.323606 -28.96593 -46 3.741181 -8.394144 4.045616 9.323606 -7.764575 3.660254 9.323606 -28.96593 -50.75 3.741181 -28.96593 -55.5 3.741181 -7.074915 3.397136 9.323606 -28.86603 -55.5 3.5 -6.348651 3.265224 9.323606 -5.610514 3.269008 9.323606 -28.70711 -55.5 3.292893 -28.5 -55.5 3.133975 -4.88564 3.40836 9.323606 -28.21542 -45.55932 3.034074 -4.198715 3.678534 9.323606 -28.45196 -45.51227 3.133975 -3.57313 4.07033 9.323606 -3.030189 4.570406 9.323606 -28.65509 -45.47187 3.292893 -28.81096 -45.44086 3.5 -2.588382 5.161733 9.323606 -28.90894 -45.42137 3.741181 -2.262753 5.824172 9.323606 6.427052 5.656222 -11.15139 -28.74016 -44.86499 3.741181 -28.46608 -44.35222 3.741181 6.825 5.821058 -11.15139 -28.09723 -43.90277 3.741181 4.833274 6.083274 -11.15139 -27.64778 -43.53392 3.741181 5.175 5.821058 -11.15139 -27.13501 -43.25984 3.741181 4.406222 7.677052 -11.15139 -26.57862 -43.09106 3.741181 4.35 7.25 -11.15139 7.593778 6.822948 -11.15139 -26 -43.03407 3.741181 -26 -43.13397 3.5 7.65 7.25 -11.15139 -26.55913 -43.18904 3.5 7.166726 8.416727 -11.15139 -27.09678 -43.35214 3.5 6.825 8.678942 -11.15139 -27.59228 -43.61698 3.5 5.572948 8.843778 -11.15139 5.175 8.678942 -11.15139 -28.02659 -43.97341 3.5 -28.38301 -44.40772 3.5 4.571058 8.075 -11.15139 -7.593778 7.677052 -11.15139 -28.64786 -44.90322 3.5 -7.65 7.25 -11.15139 -26 -43.29289 3.292893 -5.572948 5.656222 -11.15139 -26.52813 -43.34491 3.292893 -5.175 5.821058 -11.15139 -27.03597 -43.49896 3.292893 -4.833274 8.416727 -11.15139 -27.50399 -43.74912 3.292893 -27.91421 -44.08578 3.292893 -5.175 8.678942 -11.15139 -28.25088 -44.49601 3.292893 -7.428942 8.075 -11.15139 -28.50104 -44.96403 3.292893 -4.571058 6.425 -11.15139 -4.833274 6.083274 -11.15139 -26 -43.5 3.133975 -4.571058 8.075 -11.15139 -26.48773 -43.54804 3.133975 -4.406222 7.677052 -11.15139 -26.95671 -43.6903 3.133975 -27.38893 -43.92132 3.133975 -7.593778 6.822948 -11.15139 -27.76777 -44.23223 3.133975 -5.572948 8.843778 -11.15139 -28.07868 -44.61107 3.133975 4.406222 6.822948 -11.15139 -28.3097 -45.04329 3.133975 5.572948 5.656222 -11.15139 7.166726 6.083274 -11.15139 -26 -43.74118 3.034074 -26.44067 -43.78458 3.034074 7.593778 7.677052 -11.15139 -26.86441 -43.91312 3.034074 6.427052 8.843778 -11.15139 4.833274 8.416727 -11.15139 -27.25493 -44.12186 3.034074 -27.59723 -44.40277 3.034074 -7.428942 6.425 -11.15139 -6 8.9 -11.15139 -27.87814 -44.74507 3.034074 -4.406222 6.822948 -11.15139 -28.08688 -45.13558 3.034074 -4.35 7.25 -11.15139 -20.5 -43.03407 3.741181 -20.5 -43.13397 3.5 -7.166726 6.083274 -11.15139 -20.5 -43.29289 3.292893 -6.427052 8.843778 -11.15139 -20.5 -43.5 3.133975 10.5 15.25 -11.15139 -20.5 -43.74118 3.034074 -10.5 15.25 -11.15139 -10.64516 -26.2112 9.027138 4.571058 6.425 -11.15139 6 5.6 -11.15139 -10.53636 -25.36545 9.027138 7.428942 6.425 -11.15139 7.428942 8.075 -11.15139 6 8.9 -11.15139 -6.825 5.821058 -11.15139 -6.825 8.678942 -11.15139 -6 5.6 -11.15139 -6.427052 5.656222 -11.15139 -7.166726 8.416727 -11.15139 10.5 -3.995533 14.32361 10.459 -3.995533 14.32361 10.45044 -3.995533 14.32361 10.42841 -3.995533 14.32361 -10.5 -3.995533 14.32361 -10.459 -3.995533 14.32361 8.794821 -3.995533 14.32361 -9.772031 -3.995533 14.32361 -9.83121 -3.995533 14.32361 -9.908397 -3.995533 14.32361 10.39117 -3.995533 14.32361 10.33769 -3.995533 14.32361 10.26829 -3.995533 14.32361 10.18519 -3.995533 14.32361 10.09292 -3.995533 14.32361 9.998084 -3.995533 14.32361 9.908397 -3.995533 14.32361 9.83121 -3.995533 14.32361 9.772031 -3.995533 14.32361 -10.5 -4.026035 -11.15 -9.998084 -3.995533 14.32361 -10.09292 -3.995533 14.32361 -10.18519 -3.995533 14.32361 -10.26829 -3.995533 14.32361 -10.33769 -3.995533 14.32361 10.5 -4.026035 -11.15 -10.39117 -3.995533 14.32361 -10.42841 -3.995533 14.32361 -10.45044 -3.995533 14.32361 -10.5 -3.995533 -11.15139 10.5 -3.995533 -11.15139 -9.481648 -3.995533 -11.15139 -9.397545 -3.995533 -11.15139 -9.277721 -3.995533 -11.15139 9.481648 -3.995533 -11.15139 -4.655837 -3.995533 -11.15139 8.514663 -3.995533 -11.15139 8.64348 -3.995533 -11.15139 8.798216 -3.995533 -11.15139 -8.514663 -3.995533 -11.15139 -8.64348 -3.995533 -11.15139 -8.798216 -3.995533 -11.15139 -8.965308 -3.995533 -11.15139 -9.129837 -3.995533 -11.15139 8.965308 -3.995533 -11.15139 9.129837 -3.995533 -11.15139 9.277721 -3.995533 -11.15139 9.397545 -3.995533 -11.15139 -10.5 -4.026035 -11.14085 10.5 -4.026035 -11.14085 10.5 15.25 -11.15139 -10.5 15.25 -11.15139 10.5 15.25 -11.15139 -10.5 15.25 -11.15139</float_array>
          <technique_common>
            <accessor source="#gelsight-mini-franka-finger-2-v2_002-mesh-positions-array" count="1098" stride="3">
              <param name="X" type="float"/>
              <param name="Y" type="float"/>
              <param name="Z" type="float"/>
            </accessor>
          </technique_common>
        </source>
        <source id="gelsight-mini-franka-finger-2-v2_002-mesh-normals">
          <float_array id="gelsight-mini-franka-finger-2-v2_002-mesh-normals-array" count="6648">-0.9921147 0.1253335 0 -0.9921147 0.1253335 0 -0.9921147 -0.1253335 0 -0.9921147 -0.1253335 0 -0.9297765 -0.3681245 0 -0.9297765 -0.3681245 0 -0.8090163 -0.5877863 0 -0.8090163 -0.5877863 0 -0.637424 -0.7705133 0 -0.637424 -0.7705133 0 -0.4257836 -0.9048251 0 -0.4257836 -0.9048251 0 -0.1873754 -0.9822884 0 -0.1873754 -0.9822884 0 0.06278401 -0.9980272 0 0.06278401 -0.9980272 0 0.3090214 -0.9510551 0 0.3090214 -0.9510551 0 0.535824 -0.8443297 0 0.535824 -0.8443297 0 0.7289711 -0.6845445 0 0.7289711 -0.6845445 0 0.8763052 -0.4817563 0 0.8763052 -0.4817563 0 0.9685834 -0.2486889 0 0.9685834 -0.2486889 0 1 0 0 1 0 0 0.9685834 0.2486889 0 0.9685834 0.2486889 0 0.8763052 0.4817563 0 0.8763052 0.4817563 0 0.7289711 0.6845445 0 0.7289711 0.6845445 0 0.535824 0.8443297 0 0.535824 0.8443297 0 0.3090214 0.9510551 0 0.3090214 0.9510551 0 0.06278401 0.9980272 0 0.06278401 0.9980272 0 -0.1873754 0.9822884 0 -0.1873754 0.9822884 0 -0.4257836 0.9048251 0 -0.4257836 0.9048251 0 -0.637424 0.7705133 0 -0.637424 0.7705133 0 -0.8090163 0.5877863 0 -0.8090163 0.5877863 0 -0.9297765 0.3681245 0 -0.9297765 0.3681245 0 0 0 1 0 0 1 0 0 1 0 0 1 0 0 1 0 0 1 0 0 1 0 0 1 0 0 1 0 0 1 0 0 1 0 0 1 0 0 1 0 0 1 0 0 1 0 0 1 0 0 1 0 0 1 0 0 1 0 0 1 0 0 1 0 0 1 0 0 1 0 0 1 0 0 1 0 0 1 0 0 1 0 0 1 0 0 1 0 0 1 0 0 1 0 0 1 0 0 1 0 0 1 0 0 1 0 0 1 0 0 1 0 0 1 0 0 1 0 0 1 0 0 1 0 0 1 0 0 1 0 0 1 0 0 1 0 0 1 0 0 1 0 0 1 0 0 1 -0.9921147 0.1253335 0 -0.9921147 0.1253335 0 -0.9921147 -0.1253335 0 -0.9921147 -0.1253335 0 -0.9297756 -0.3681269 0 -0.9297756 -0.3681269 0 -0.8090211 -0.5877795 0 -0.8090211 -0.5877795 0 -0.637424 -0.7705133 0 -0.637424 -0.7705133 0 -0.425772 -0.9048305 0 -0.425772 -0.9048305 0 -0.1873891 -0.9822857 0 -0.1873891 -0.9822857 0 0.06279808 -0.9980263 0 0.06279808 -0.9980263 0 0.3090085 -0.9510592 0 0.3090085 -0.9510592 0 0.5358341 -0.8443233 0 0.5358341 -0.8443233 0 0.7289645 -0.6845515 0 0.7289645 -0.6845515 0 0.8763085 -0.4817504 0 0.8763085 -0.4817504 0 0.9685825 -0.2486924 0 0.9685825 -0.2486924 0 1 0 0 1 0 0 0.9685825 0.2486924 0 0.9685825 0.2486924 0 0.8763085 0.4817504 0 0.8763085 0.4817504 0 0.7289645 0.6845515 0 0.7289645 0.6845515 0 0.5358341 0.8443233 0 0.5358341 0.8443233 0 0.3090085 0.9510592 0 0.3090085 0.9510592 0 0.06279808 0.9980263 0 0.06279808 0.9980263 0 -0.1873891 0.9822857 0 -0.1873891 0.9822857 0 -0.425772 0.9048305 0 -0.425772 0.9048305 0 -0.637424 0.7705133 0 -0.637424 0.7705133 0 -0.8090211 0.5877795 0 -0.8090211 0.5877795 0 -0.9297756 0.3681269 0 -0.9297756 0.3681269 0 0 0 1 0 0 1 0 0 1 0 0 1 0 0 1 0 0 1 0 0 1 0 0 1 0 0 1 0 0 1 0 0 1 0 0 1 0 0 1 0 0 1 0 0 1 0 0 1 0 0 1 0 0 1 0 0 1 0 0 1 0 0 1 0 0 1 0 0 1 0 0 1 0 0 1 0 0 1 0 0 1 0 0 1 0 0 1 0 0 1 0 0 1 0 0 1 0 0 1 0 0 1 0 0 1 0 0 1 0 0 1 0 0 1 0 0 1 0 0 1 0 0 1 0 0 1 0 0 1 0 0 1 0 0 1 0 0 1 0 0 1 0 0 1 0 0 1 -1.69387e-7 0.7071068 0.7071067 0 0.707104 0.7071095 0 0.7071068 0.7071068 -0.7071068 0 0.7071068 -0.7071068 0 0.7071068 0 -0.7071068 0.7071068 0 -0.7071068 0.7071068 0 -0.7071068 0.7071068 -0.8755161 0.4831891 0 -0.9096489 0.4153581 -0.004068851 -0.8653938 0.501092 7.7612e-4 -0.7730094 0.6343941 -8.06279e-4 -0.7550705 0.6556433 6.45023e-4 -0.6343925 0.7730108 -6.68942e-4 -0.6175297 0.7865474 5.01628e-4 -0.4713966 0.8819212 -5.19903e-4 -0.4577149 0.889099 3.46502e-4 -0.290288 0.9569393 -3.58544e-4 -0.2814027 0.9595898 1.79433e-4 -0.1009015 0.9948964 -1.79487e-4 -0.0949437 0.9954826 0 -0.0980165 0.9951848 0 -0.290288 0.9569393 0 -0.290288 0.9569393 0 -0.4713967 0.8819212 0 -0.4713967 0.8819212 0 -0.6343927 0.773011 0 -0.6343927 0.773011 0 -0.7730097 0.6343942 0 -0.7730097 0.6343942 0 -0.8755161 0.4831891 0 -0.8818401 0.4713516 -0.01363205 -0.9394646 0.3425252 0.009093821 -0.9565591 0.2901694 -0.02822148 -0.9779812 0.2082149 0.01411902 -0.9949057 0.09798938 -0.02367705 -0.9975565 0.06986498 0 0 0 1 0 0 1 0 0 1 0 0 1 0 0 1 0 0 1 0 0 1 0 0 1 0 0 1 0 0 1 0 0 1 0 0 1 0 0 1 0 0 1 0 0 1 0 0 1 0 0 1 0 0 1 0 0 1 0 0 1 0 0 1 0 0 1 0 0 1 0 0 1 0 0 1 0 0 1 0 0 1 0 0 1 0 0 1 0 0 1 0 0 1 0 0 1 0 0 1 0 0 1 0 0 1 0 0 1 0 0 1 0 0 1 0 0 1 0 0 1 0 0 1 0 0 1 0 0 1 0 0 1 0 0 1 0 0 1 0 0 1 0 0 1 0 0 1 0 0 1 0 0 1 0 0 1 0 0 1 0 0 1 0 0 1 0 0 1 0 0 1 0 0 1 0 0 1 0 0 1 0 0 1 0 0 1 0 0 1 0 0 1 0 0 1 0 0 1 0 0 1 0 0 1 0 0 1 0 0 1 0 0 1 0 0 1 0 0 1 0 0 1 0 0 1 0 0 1 0 0 1 0 0 1 0 0 1 0 0 1 0 0 1 0 0 1 0 0 1 0 0 1 0 0 1 0 0 1 0 0 1 0 0 1 0 0 1 0 0 1 0 0 1 0 0 1 0 0 1 -0.8702201 -0.4926633 0 -0.8517392 -0.523966 -9.96151e-5 -0.8090173 -0.5877829 0.00148642 -0.7730091 -0.6343938 -0.001189351 -0.6691288 -0.7431453 0.001296937 -0.6343924 -0.7730106 -9.7306e-4 -0.4999971 -0.8660265 0.001053631 -0.4713966 -0.881921 -7.02533e-4 -0.3090219 -0.9510547 7.56419e-4 -0.290288 -0.9569393 -3.7837e-4 -0.1045258 -0.9945221 4.05042e-4 -0.0980165 -0.9951848 0 -0.0980165 -0.9951848 0 -0.290288 -0.9569393 0 -0.290288 -0.9569393 0 -0.4713967 -0.8819212 0 -0.4713967 -0.8819212 0 -0.6343927 -0.773011 0 -0.6343927 -0.773011 0 -0.7730097 -0.6343942 0 -0.7730097 -0.6343942 0 -0.8536356 -0.5208708 0 -0.8815716 -0.4712116 -0.02812749 -0.9120095 -0.4097399 0.01876229 -0.9566817 -0.2902047 -0.02326679 -0.9680127 -0.2506311 0.01163715 -0.9950887 -0.09800738 -0.01389116 -0.9964363 -0.08434849 0 0 0.5000004 0.8660252 0 0.5000004 0.8660252 0 0.5000015 0.8660246 0 0.5000014 0.8660246 0 0.4999999 0.8660255 0 0.5 0.8660255 0 0.4999998 0.8660255 0 0.4999998 0.8660256 0 0.4999998 0.8660255 0 0.4999998 0.8660255 0.09802311 -0.9951841 0 0.09802311 -0.9951841 0 0.09802311 -0.9951841 0 0.2902817 -0.9569413 0 0.2902817 -0.9569413 0 0.471396 -0.8819217 0 0.471396 -0.8819217 0 0.6343896 -0.7730135 0 0.6343896 -0.7730135 0 0.7730131 -0.6343901 0 0.7730131 -0.6343901 0 0.8819213 -0.4713966 0 0.8819213 -0.4713966 0 0.9569396 -0.2902868 0 0.9569396 -0.2902868 0 0.9951848 -0.0980162 0 0.9951848 -0.0980162 0 0.9951848 -0.0980162 0 0.9569396 -0.2902868 0 0.9569396 -0.2902868 0 0.8819213 -0.4713966 0 0.8819213 -0.4713966 0 0.7730131 -0.6343901 0 0.7730131 -0.6343901 0 0.6343896 -0.7730135 0 0.6343896 -0.7730135 0 0.471396 -0.8819217 0 0.471396 -0.8819217 0 0.2902817 -0.9569413 0 0.2902817 -0.9569413 0 0 -1 0 0 -1 0 -0.9951848 -0.0980162 0 -0.9951848 -0.0980162 0 -0.9951848 -0.0980162 0 -0.9569396 -0.2902868 0 -0.9569396 -0.2902868 0 -0.8819213 -0.4713966 0 -0.8819213 -0.4713966 0 -0.7730131 -0.6343901 0 -0.7730131 -0.6343901 0 -0.6343896 -0.7730135 0 -0.6343896 -0.7730135 0 -0.471396 -0.8819217 0 -0.471396 -0.8819217 0 -0.2902817 -0.9569413 0 -0.2902817 -0.9569413 0 -0.09802311 -0.9951841 0 -0.09802311 -0.9951841 0 -0.09802311 -0.9951841 0 -0.2902817 -0.9569413 0 -0.2902817 -0.9569413 0 -0.471396 -0.8819217 0 -0.471396 -0.8819217 0 -0.6343896 -0.7730135 0 -0.6343896 -0.7730135 0 -0.7730131 -0.6343901 0 -0.7730131 -0.6343901 0 -0.8819213 -0.4713966 0 -0.8819213 -0.4713966 0 -0.9569396 -0.2902868 0 -0.9569396 -0.2902868 0 0.9994724 0.03246909 8.47257e-4 0.9988219 0.04852467 -4.90968e-4 0.9994885 0.03198039 0 0.9954226 0.09557062 -4.23727e-4 0.9918256 0.1275979 8.28481e-4 0.9918256 0.1275979 -8.29391e-4 0.9871993 0.1594907 4.24118e-4 0.9751433 0.2215737 -8.48169e-4 0.9785794 0.2058695 4.90628e-4 0.9750377 0.2220393 0 0.9872747 0.159024 -4.05285e-4 0.9953769 0.09604507 4.05653e-4 0.9674379 0.2531086 0 0.9674379 0.2531087 0 0.9674378 0.2531088 0 0.9997688 0.02150052 0 0.9990905 0.0426355 6.06126e-4 0.9979205 0.06445652 -9.96494e-6 0.9942266 0.1073002 1.02975e-5 0.9918258 0.1275979 6.05799e-4 0.9871383 0.1598684 -2.98233e-4 0.9773495 0.211631 4.5121e-4 0.9749788 0.2222979 0 0 -0.5000001 -0.8660255 0 -0.5 -0.8660255 0 -0.5000001 -0.8660255 3.74342e-5 -0.4999945 -0.8660286 0 -0.4999999 -0.8660255 0 -0.4999999 -0.8660254 0 -0.5000003 -0.8660252 0 -0.5000003 -0.8660253 0 -0.5000001 -0.8660253 0 -0.5000001 -0.8660253 0 -0.5000004 -0.8660252 0 -0.5000004 -0.8660252 0 -1 0 0 -1 0 -0.7071068 0.7071068 0 -0.7071068 0.7071068 0 0 1 0 0 1 0 0.7071068 0.7071068 0 0.7071068 0.7071068 0 1 0 0 1 0 0 -1 0 0 -1 0 0 -0.7071068 -0.7071068 0 -0.7071068 -0.7071068 0 -0.9914447 -0.1305275 0 -0.9914447 -0.1305275 0 -0.9914447 0.1305275 0 -0.9914447 0.1305275 0 -0.9238811 0.3826797 0 -0.9238811 0.3826797 0 -0.7933521 0.6087631 0 -0.7933521 0.6087631 0 -0.6087695 0.7933472 0 -0.6087695 0.7933472 0 -0.3826853 0.9238788 0 -0.3826853 0.9238788 0 -0.1305149 0.9914463 0 -0.1305149 0.9914463 0 0.1305149 0.9914463 0 0.1305149 0.9914463 0 0.3826853 0.9238788 0 0.3826853 0.9238788 0 0.6087695 0.7933472 0 0.6087695 0.7933472 0 0.7933521 0.6087631 0 0.7933521 0.6087631 0 0.9238811 0.3826797 0 0.9238811 0.3826797 0 0.9914447 0.1305275 0 0.9914447 0.1305275 0 0.9914447 -0.1305275 0 0.9914447 -0.1305275 0 0.9238811 -0.3826797 0 0.9238811 -0.3826797 0 0.7933521 -0.6087631 0 0.7933521 -0.6087631 0 0.6087695 -0.7933472 0 0.6087695 -0.7933472 0 0.3826853 -0.9238788 0 0.3826853 -0.9238788 0 0.1305149 -0.9914463 0 0.1305149 -0.9914463 0 -0.1305149 -0.9914463 0 -0.1305149 -0.9914463 0 -0.3826853 -0.9238788 0 -0.3826853 -0.9238788 0 -0.6087695 -0.7933472 0 -0.6087695 -0.7933472 0 -0.7933521 -0.6087631 0 -0.7933521 -0.6087631 0 -0.9238811 -0.3826797 0 -0.9238811 -0.3826797 0 0 0 -1 0 0 -1 0 0 -1 0 0 -1 0 0 -1 0 0 -1 0 0 -1 0 0 -1 0 0 -1 0 0 -1 0 0 -1 0 0 -1 0 0 -1 0 0 -1 0 0 -1 0 0 -1 0 0 -1 0 0 -1 0 0 -1 0 0 -1 0 0 -1 0 0 -1 0 0 -1 0 0 -1 0 0 -1 0 0 -1 0 0 -1 0 0 -1 0 0 -1 0 0 -1 0 0 -1 0 0 -1 0 0 -1 0 0 -1 0 0 -1 0 0 -1 0 0 -1 0 0 -1 0 0 -1 0 0 -1 0 0 -1 0 0 -1 0 0 -1 0 0 -1 0 0 -1 0 0 -1 0 0 -1 0 0 -1 0 0 -1 0 0 -1 0 0 -1 0 0 -1 0 0 -1 0 0 -1 0 0 -1 0 0 -1 0 0 -1 0 0 -1 0 0 -1 0 0 -1 -0.991445 -0.1305258 0 -0.991445 -0.1305258 0 -0.991445 0.1305258 0 -0.991445 0.1305258 0 -0.9238792 0.3826842 0 -0.9238792 0.3826842 0 -0.7933521 0.6087631 0 -0.7933521 0.6087631 0 -0.6087613 0.7933534 0 -0.6087613 0.7933534 0 -0.3826853 0.9238788 0 -0.3826853 0.9238788 0 -0.1305277 0.9914447 0 -0.1305277 0.9914447 0 0.1305277 0.9914447 0 0.1305277 0.9914447 0 0.3826853 0.9238788 0 0.3826853 0.9238788 0 0.6087613 0.7933534 0 0.6087613 0.7933534 0 0.7933521 0.6087631 0 0.7933521 0.6087631 0 0.9238792 0.3826842 0 0.9238792 0.3826842 0 0.991445 0.1305258 0 0.991445 0.1305258 0 0.991445 -0.1305258 0 0.991445 -0.1305258 0 0.9238792 -0.3826842 0 0.9238792 -0.3826842 0 0.7933521 -0.6087631 0 0.7933521 -0.6087631 0 0.6087613 -0.7933534 0 0.6087613 -0.7933534 0 0.3826853 -0.9238788 0 0.3826853 -0.9238788 0 0.1305277 -0.9914447 0 0.1305277 -0.9914447 0 -0.1305277 -0.9914447 0 -0.1305277 -0.9914447 0 -0.3826853 -0.9238788 0 -0.3826853 -0.9238788 0 -0.6087613 -0.7933534 0 -0.6087613 -0.7933534 0 -0.7933521 -0.6087631 0 -0.7933521 -0.6087631 0 -0.9238792 -0.3826842 0 -0.9238792 -0.3826842 0 1 0 0 1 0 0 0 0 -1 0 0 -1 0 0 -1 0 0 -1 0 0 -1 0 0 -1 0 0 -1 0 0 -1 0 0 -1 0 0 -1 0 0 -1 0 0 -1 0 0 -1 0 0 -1 0 0 -1 0 0 -1 0 0 -1 0 0 -1 0 0 -1 0 0 -1 0 0 -1 0 0 -1 0 0 -1 0 0 -1 0 0 -1 0 0 -1 0 0 -1 0 0 -1 0 0 -1 0 0 -1 0 0 -1 0 0 -1 0 0 -1 -1 0 0 -1 0 0 1 0 0 1 0 0 1 0 0 1 0 0 1 0 0 1 0 0 1 0 0 1 0 0 1 0 0 1 0 0 1 0 0 1 0 0 1 0 0 1 0 0 1 0 0 1 0 0 1 0 0 1 0 0 0 -1 0 0 -1 0 0 -1 0 0.7071068 -0.7071068 0 0.7071068 -0.7071068 0 -1 0 0 -1 0 0 0 0 1 0 0 1 0 0 1 0 0 1 0 0 1 0 0 1 0 0 1 0 0 1 -0.6674538 0.2433511 0.7037653 -0.6831583 0.176724 0.7085643 -0.6795554 0.1763547 0.712112 -0.6966561 0.14832 0.7019056 -0.6968311 0.1069904 0.7092105 -0.7096807 0.04970324 0.7027682 -0.7066506 0.0359137 0.7066506 -0.7071068 0 0.7071068 -0.7071068 0 0.7071068 -0.6572666 -0.2346692 0.716192 -0.6625842 -0.2354107 0.7110302 -0.6521992 -0.2930145 0.6991271 -0.6915112 -0.1790413 0.6998261 -0.6895384 -0.1439152 0.7098065 -0.7096905 -0.0600754 0.7019476 -0.7062741 -0.04851615 0.7062741 0 1 0 0 1 0 0 1 0 0 0 -1 0 0 -1 0 0 -1 0 0 -1 0 0 -1 0 0 -1 0 0 -1 0 0 -1 0 0 -1 0 0 -1 0 0 -1 0 0 -1 0 0 -1 0 0 -1 0 0 -1 0 0 -1 0 -0.1305255 -0.991445 0 -0.1305255 -0.991445 0 -0.3826844 -0.9238792 0 -0.3826844 -0.9238792 0 -0.60876 -0.7933544 0 -0.60876 -0.7933544 0 -0.7933574 -0.6087562 0 -0.7933574 -0.6087562 0 -0.9238758 -0.3826923 0 -0.9238758 -0.3826923 0 -0.9914455 -0.1305212 0 -0.9914455 -0.1305212 0 -0.9914455 -0.1305212 0 -0.9238758 -0.3826923 0 -0.9238758 -0.3826923 0 -0.7933574 -0.6087562 0 -0.7933574 -0.6087562 0 -0.60876 -0.7933544 0 -0.60876 -0.7933544 0 -0.3826844 -0.9238792 0 -0.3826844 -0.9238792 0 -0.1305255 -0.991445 -0.01436424 -0.1274861 -0.9917364 -0.01285487 -0.1305147 -0.9913631 -0.03766524 -0.3824128 -0.9232236 -0.03766566 -0.3824134 -0.9232233 -0.05985218 -0.6076687 -0.7919322 -0.0598511 -0.6076674 -0.7919332 -0.07790285 -0.7909463 -0.6069061 -0.07789981 -0.7909432 -0.6069107 -0.09061801 -0.9200748 -0.3811178 -0.09062331 -0.9200784 -0.3811078 -0.09719032 -0.9867518 -0.1299033 -0.0971859 -0.9867511 -0.129913 -0.2878236 -0.9488309 -0.1299139 -0.2878283 -0.9488309 -0.1299037 -0.4674038 -0.8744475 -0.1299047 -0.4674021 -0.8744478 -0.1299084 -0.629016 -0.7664612 -0.1299082 -0.629017 -0.7664607 -0.1299058 -0.7664588 -0.6290194 -0.1299059 -0.7664597 -0.6290189 -0.1299037 -0.8744496 -0.4673999 -0.1299049 -0.8744464 -0.4674031 -0.1299145 -0.9488308 -0.2878245 -0.1299126 -0.9488315 -0.2878234 -0.1299098 -0.986751 -0.09718668 -0.1299116 -0.9867513 -0.0971862 -0.1299105 -0.9200798 -0.0906201 -0.3811053 -0.9200786 -0.09062123 -0.3811077 -0.8847208 -0.268377 -0.3811075 -0.8847185 -0.2683784 -0.3811117 -0.8153629 -0.4358176 -0.3811119 -0.8153613 -0.4358183 -0.3811147 -0.714668 -0.5865156 -0.3811156 -0.7146713 -0.586515 -0.3811104 -0.586514 -0.7146722 -0.3811103 -0.5865194 -0.7146722 -0.3811019 -0.4358233 -0.815365 -0.3811008 -0.4358183 -0.815364 -0.381109 -0.2683759 -0.8847202 -0.3811098 -0.2683772 -0.8847207 -0.3811075 -0.7909429 -0.07790225 -0.6069107 -0.7909424 -0.07790249 -0.6069112 -0.7605459 -0.2307108 -0.6069122 -0.7605511 -0.2307087 -0.6069065 -0.7009281 -0.3746527 -0.6069062 -0.7009236 -0.3746535 -0.606911 -0.6143654 -0.5041962 -0.6069113 -0.6143681 -0.5041962 -0.6069085 -0.5041999 -0.6143662 -0.6069074 -0.5041956 -0.6143652 -0.606912 -0.3746494 -0.7009243 -0.6069127 -0.3746533 -0.7009261 -0.6069083 -0.2307103 -0.7605496 -0.6069079 -0.2307078 -0.7605478 -0.6069111 -0.6076687 -0.05985122 -0.7919322 -0.6076707 -0.05985021 -0.7919307 -0.5843183 -0.1772495 -0.791931 -0.5843138 -0.1772508 -0.7919342 -0.5385061 -0.2878391 -0.7919342 -0.5385145 -0.2878384 -0.7919287 -0.4720122 -0.3873683 -0.7919281 -0.4720088 -0.3873679 -0.7919303 -0.3873674 -0.4720093 -0.7919304 -0.3873655 -0.4720087 -0.7919316 -0.2878398 -0.5385097 -0.7919315 -0.2878412 -0.5385105 -0.7919305 -0.1772497 -0.5843189 -0.7919306 -0.1772469 -0.5843164 -0.791933 -0.3824128 -0.03766429 -0.9232236 -0.3824111 -0.03766506 -0.9232243 -0.3677157 -0.1115461 -0.923224 -0.3677175 -0.1115457 -0.9232234 -0.3388918 -0.1811391 -0.9232231 -0.3388878 -0.1811394 -0.9232246 -0.2970373 -0.2437723 -0.9232248 -0.2970376 -0.2437724 -0.9232246 -0.2437712 -0.2970377 -0.9232249 -0.2437734 -0.2970384 -0.923224 -0.1811405 -0.3388885 -0.923224 -0.181138 -0.338887 -0.9232251 -0.1115427 -0.3677143 -0.923225 -0.1115462 -0.3677175 -0.9232233 -0.1305147 -0.01285487 -0.9913631 -0.1274861 -0.01436424 -0.9917364 -0.1277984 -0.03876715 -0.9910422 -0.1191182 -0.0416814 -0.9920048 -0.1192358 -0.06373286 -0.9908183 -0.1058207 -0.0664913 -0.9921597 -0.1051617 -0.086304 -0.9907031 -0.0880869 -0.0880869 -0.9922103 -0.08630412 -0.1051617 -0.9907031 -0.0664913 -0.1058207 -0.9921597 -0.0637328 -0.1192362 -0.9908183 -0.04168152 -0.1191185 -0.9920048 -0.03876733 -0.1277984 -0.9910422 -0.1305255 0 -0.991445 -0.1305255 0 -0.991445 -0.1305255 0 -0.991445 -0.1305255 0 -0.991445 -0.3826844 0 -0.9238792 -0.3826844 0 -0.9238792 -0.60876 0 -0.7933545 -0.60876 0 -0.7933545 -0.7933539 0 -0.6087607 -0.7933539 0 -0.6087607 -0.923881 0 -0.3826798 -0.923881 0 -0.3826798 -0.9914446 0 -0.1305285 -0.9914446 0 -0.1305285 -0.9914445 0 -0.1305284 -0.9914446 0 -0.1305285 -0.923881 0 -0.3826798 -0.923881 0 -0.3826798 -0.7933539 0 -0.6087607 -0.7933539 0 -0.6087607 -0.60876 0 -0.7933545 -0.60876 0 -0.7933545 -0.3826844 0 -0.9238792 -0.3826844 0 -0.9238792 -0.3826844 0 -0.9238792 -0.3826844 0 -0.9238792 -0.60876 0 -0.7933545 -0.60876 0 -0.7933545 -0.7933539 0 -0.6087607 -0.7933539 0 -0.6087607 -0.923881 0 -0.3826798 -0.923881 0 -0.3826798 -0.1274861 0.01436424 -0.9917364 -0.1305147 0.01285487 -0.9913631 -0.3824128 0.03766524 -0.9232236 -0.3824114 0.03766417 -0.9232243 -0.6076687 0.05985003 -0.7919322 -0.6076706 0.05985146 -0.7919308 -0.7909429 0.07790255 -0.6069107 -0.7909424 0.07790219 -0.6069112 -0.9200797 0.09062129 -0.3811053 -0.9200788 0.09061998 -0.3811076 -0.9867513 0.09718668 -0.1299105 -0.9867512 0.0971862 -0.1299116 -0.9488312 0.2878246 -0.1299097 -0.9488311 0.2878252 -0.1299085 -0.8744493 0.4673997 -0.1299077 -0.874449 0.467401 -0.1299049 -0.766459 0.6290196 -0.1299036 -0.7664594 0.6290186 -0.1299058 -0.6290162 0.7664614 -0.1299058 -0.6290168 0.7664605 -0.1299082 -0.4674036 0.8744471 -0.1299084 -0.4674023 0.8744482 -0.1299048 -0.2878239 0.9488322 -0.1299036 -0.2878279 0.9488295 -0.1299138 -0.0971902 0.9867506 -0.129913 -0.09718602 0.9867523 -0.1299034 -0.0906229 0.9200744 -0.3811176 -0.09061843 0.9200789 -0.3811076 -0.2683761 0.8847211 -0.3811076 -0.2683769 0.8847199 -0.3811098 -0.4358218 0.8153622 -0.3811089 -0.4358199 0.815367 -0.3811008 -0.5865162 0.7146748 -0.381102 -0.5865172 0.7146695 -0.3811104 -0.7146697 0.5865169 -0.3811104 -0.7146697 0.5865136 -0.3811157 -0.8153619 0.4358171 -0.3811147 -0.8153622 0.4358188 -0.3811119 -0.8847191 0.2683765 -0.3811116 -0.8847202 0.2683789 -0.3811075 -0.07790017 0.7909466 -0.6069062 -0.07790249 0.7909427 -0.6069108 -0.2307096 0.7605473 -0.6069109 -0.2307084 0.7605502 -0.6069079 -0.3746509 0.7009271 -0.6069084 -0.3746516 0.700923 -0.6069128 -0.5041978 0.6143636 -0.6069119 -0.5041979 0.614368 -0.6069073 -0.614367 0.5041975 -0.6069086 -0.6143665 0.5041948 -0.6069114 -0.700925 0.374651 -0.6069108 -0.7009269 0.3746553 -0.606906 -0.76055 0.2307121 -0.6069066 -0.7605469 0.2307074 -0.6069124 -0.05985122 0.6076687 -0.7919322 -0.059852 0.6076672 -0.7919332 -0.1772488 0.584316 -0.7919328 -0.1772478 0.5843195 -0.7919304 -0.2878404 0.5385107 -0.7919306 -0.2878406 0.5385093 -0.7919315 -0.3873664 0.4720081 -0.7919316 -0.3873666 0.4720101 -0.7919304 -0.4720101 0.3873666 -0.7919303 -0.4720112 0.3873698 -0.7919281 -0.5385122 0.2878423 -0.791929 -0.538508 0.287835 -0.7919344 -0.5843146 0.1772484 -0.791934 -0.5843177 0.177252 -0.7919309 -0.03766566 0.3824128 -0.9232236 -0.0376653 0.3824135 -0.9232233 -0.1115438 0.367718 -0.9232234 -0.111545 0.3677134 -0.9232251 -0.1811394 0.3388864 -0.9232249 -0.1811393 0.3388893 -0.923224 -0.2437724 0.2970392 -0.9232241 -0.2437721 0.2970368 -0.9232249 -0.2970374 0.2437725 -0.9232246 -0.2970374 0.2437722 -0.9232248 -0.3388889 0.1811376 -0.9232245 -0.3388909 0.181141 -0.923223 -0.3677171 0.1115465 -0.9232235 -0.367716 0.1115452 -0.9232241 -0.01285487 0.1305147 -0.9913631 -0.01436424 0.1274861 -0.9917364 -0.03876733 0.1277984 -0.9910422 -0.04168152 0.1191185 -0.9920048 -0.0637328 0.1192362 -0.9908183 -0.0664913 0.1058207 -0.9921597 -0.08630412 0.1051617 -0.9907031 -0.0880869 0.0880869 -0.9922103 -0.1051617 0.086304 -0.9907031 -0.1058207 0.0664913 -0.9921597 -0.1192358 0.06373286 -0.9908183 -0.1191182 0.0416814 -0.9920048 -0.1277984 0.03876715 -0.9910422 0 0.9914455 -0.1305212 0 0.9914455 -0.1305212 0 0.9238758 -0.3826923 0 0.9238758 -0.3826923 0 0.7933574 -0.6087562 0 0.7933574 -0.6087562 0 0.60876 -0.7933544 0 0.60876 -0.7933544 0 0.3826844 -0.9238792 0 0.3826844 -0.9238792 0 0.1305255 -0.991445 0 0.1305255 -0.991445 0 0.1305255 -0.991445 0 0.3826844 -0.9238792 0 0.3826844 -0.9238792 0 0.60876 -0.7933544 0 0.60876 -0.7933544 0 0.7933574 -0.6087562 0 0.7933574 -0.6087562 0 0.9238758 -0.3826923 0 0.9238758 -0.3826923 0 0.9914455 -0.1305212 0 -1 0 0 -1 0 0 -1 0 0 -1 0 0 -1 0 0 -1 0 0 -1 0 -0.8154202 -0.5788695 0 -0.8154203 -0.5788695 0 -1 0 0 -1 0 0 -2.41003e-7 1 0 -3.54104e-7 1 -3.25493e-7 0 1 0 0 1 0 -1.52588e-6 1 0 0 1 0 -0.8398626 0.5427991 0 -0.8398625 0.5427991 0 -1 0 0 0 -0.3823227 -0.9240289 1 0 0 -0.974936 0.2224839 8.10273e-4 -0.9787905 0.2048635 -5.04264e-4 -0.9750377 0.2220393 0 -0.9872747 0.159024 -4.05285e-4 -0.9918256 0.1275979 8.28481e-4 -0.9918256 0.1275979 -8.29392e-4 -0.9953769 0.09604507 4.05653e-4 -0.999503 0.03151255 -8.11181e-4 -0.9987719 0.04954296 5.03949e-4 -0.9994885 0.03198039 0 -0.9954226 0.09557062 -4.23727e-4 -0.9871994 0.1594907 4.24118e-4 -0.9674379 0.2531086 0 -0.9674379 0.2531087 0 -0.9674378 0.2531087 0 0 1 0 0 0 1 0 0 1 0 0 1 0 0 1 0 0 1 0 0 1 0 0 1 0 0 1 0 0 1 0 0 1 0 0 1 0 0 1 0 0 1 0 0 1 0 0 1 0 0 1 0 0 1 0 0 1 0 0 1 0 0 1 0 0 1 0 0 1 0 0 1 0 0 1 0 0 1 0 0 1 0 0 1 0 0 1 0 0 1 0 0 1 0 0 1 0 0 1 0 0 1 0 0 1 0 0 1 0 0 1 0 0 1 0 0 1 0 0 1 0 0 1 0 0 1 0 0 1 0 0 1 0 0 1 0 0 1 0 0 1 0 0 1 0 0 1 0 0 1 0 0 1 0 0 1 0 0 1 0 0 1 0 0 1 0 0 1 0 0 1 0 0 1 0 0 1 0 0 1 0 0 1 0 0 1 0 0 1 0 0 1 0 0 1 0 0 1 0 0 1 0 0 1 0 0 1 0 0 1 0 0 1 0 0 1 0 0 1 0 0 1 0 0 1 -0.9957342 -0.09226834 0 -0.9957342 -0.09226834 0 -0.9957342 0.09226834 0 -0.9957342 0.09226834 0 -0.9618256 0.273663 0 -0.9618256 0.273663 0 -0.8951633 0.4457383 0 -0.8951633 0.4457383 0 -0.7980173 0.6026347 0 -0.7980173 0.6026347 0 -0.6736956 0.739009 0 -0.6736956 0.739009 0 -0.526432 0.8502172 0 -0.526432 0.8502172 0 -0.3612419 0.9324721 0 -0.3612419 0.9324721 0 -0.1837492 0.9829732 0 -0.1837492 0.9829732 0 0 1 0 0 1 0 0.1837492 0.9829732 0 0.1837492 0.9829732 0 0.3612419 0.9324721 0 0.3612419 0.9324721 0 0.5264319 0.8502174 0 0.5264319 0.8502174 0 0.6736957 0.7390088 0 0.6736957 0.7390088 0 0.7980174 0.6026345 0 0.7980174 0.6026345 0 0.8951632 0.4457386 0 0.8951632 0.4457386 0 0.9618256 0.273663 0 0.9618256 0.273663 0 0.9957342 0.09226834 0 0.9957342 0.09226834 0 0.9957342 -0.09226834 0 0.9957342 -0.09226834 0 0.9618256 -0.2736632 0 0.9618256 -0.2736632 0 0.8951634 -0.445738 0 0.8951634 -0.445738 0 0.7980169 -0.6026351 0 0.7980169 -0.6026351 0 0.6736962 -0.7390086 0 0.6736962 -0.7390086 0 0.5264319 -0.8502174 0 0.5264319 -0.8502174 0 0.3612416 -0.9324722 0 0.3612416 -0.9324722 0 0.1837498 -0.982973 0 0.1837498 -0.982973 0 0 -1 0 0 -1 0 -0.1837498 -0.982973 0 -0.1837498 -0.982973 0 -0.3612416 -0.9324722 0 -0.3612416 -0.9324722 0 -0.526432 -0.8502172 0 -0.526432 -0.8502172 0 -0.6736959 -0.7390086 0 -0.6736959 -0.7390086 0 -0.7980167 -0.6026353 0 -0.7980167 -0.6026353 0 -0.8951635 -0.4457378 0 -0.8951635 -0.4457378 0 -0.9618256 -0.2736632 0 -0.9618256 -0.2736632 0 0 0 1 0 0 1 0 0 1 0 0 1 0 0 1 0 0 1 0 0 1 0 0 1 0 0 1 0 0 1 0 0 1 0 0 1 0 0 1 0 0 1 0 0 1 0 0 1 0 0 1 0 0 1 0 0 1 0 0 1 0 0 1 0 0 1 0 0 1 0 0 1 0 0 1 0 0 1 0 0 1 0 0 1 0 0 1 0 0 1 0 0 1 0 0 1 0 0 1 0 0 1 0 0 1 0 0 1 0 0 1 0 0 1 0 0 1 0 0 1 0 0 1 0 0 1 0 0 1 0 0 1 0 0 1 0 0 1 0 0 1 0 0 1 0 0 1 0 0 1 0 0 1 0 0 1 0 0 1 0 0 1 0 0 1 0 0 1 0 0 1 0 0 1 0 0 1 0 0 1 0 0 1 0 0 1 0 0 1 0 0 1 0 0 1 0 0 1 0 0 1 0 0 1 0 0 1 0 0 1 0 0 1 0 0 1 0 0 1 0 0 1 0 0 1 0 0 1 0 0 1 0 0 1 0 0 1 0 0 1 0 0 1 0 0 1 0 0 1 0 0 1 0 0 1 0 0 1 0 0 1 0 0 1 0 0 1 0 0 1 0 0 1 0 0 1 0 0 1 0 0 1 0 0 1 0 0 1 0 0 1 0 0 1 0 0 1 0 0 1 0 0 1 0 0 1 0 0 1 0 0 1 0 0 1 0 0 1 0 0 1 0 0 1 0 0 1 0 0 1 0 0 1 0 0 1 0 0 1 0 0 1 0 0 1 0 0 1 0 0 1 0 0 1 -0.9957342 -0.09226834 0 -0.9957342 -0.09226834 0 -0.9957342 0.09226834 0 -0.9957342 0.09226834 0 -0.9618256 0.273663 0 -0.9618256 0.273663 0 -0.8951632 0.4457386 0 -0.8951632 0.4457386 0 -0.7980174 0.6026345 0 -0.7980174 0.6026345 0 -0.6736957 0.7390088 0 -0.6736957 0.7390088 0 -0.5264319 0.8502174 0 -0.5264319 0.8502174 0 -0.3612419 0.9324721 0 -0.3612419 0.9324721 0 -0.1837492 0.9829732 0 -0.1837492 0.9829732 0 0 1 0 0 1 0 0.1837492 0.9829732 0 0.1837492 0.9829732 0 0.3612419 0.9324721 0 0.3612419 0.9324721 0 0.526432 0.8502172 0 0.526432 0.8502172 0 0.6736956 0.739009 0 0.6736956 0.739009 0 0.7980173 0.6026347 0 0.7980173 0.6026347 0 0.8951633 0.4457383 0 0.8951633 0.4457383 0 0.9618256 0.273663 0 0.9618256 0.273663 0 0.9957342 0.09226834 0 0.9957342 0.09226834 0 0.9957342 -0.09226834 0 0.9957342 -0.09226834 0 0.9618256 -0.2736632 0 0.9618256 -0.2736632 0 0.8951635 -0.4457378 0 0.8951635 -0.4457378 0 0.7980167 -0.6026353 0 0.7980167 -0.6026353 0 0.6736959 -0.7390086 0 0.6736959 -0.7390086 0 0.526432 -0.8502172 0 0.526432 -0.8502172 0 0.3612416 -0.9324722 0 0.3612416 -0.9324722 0 0.1837498 -0.982973 0 0.1837498 -0.982973 0 0 -1 0 0 -1 0 -0.1837498 -0.982973 0 -0.1837498 -0.982973 0 -0.3612416 -0.9324722 0 -0.3612416 -0.9324722 0 -0.5264319 -0.8502174 0 -0.5264319 -0.8502174 0 -0.6736962 -0.7390086 0 -0.6736962 -0.7390086 0 -0.7980169 -0.6026351 0 -0.7980169 -0.6026351 0 -0.8951634 -0.445738 0 -0.8951634 -0.445738 0 -0.9618256 -0.2736632 0 -0.9618256 -0.2736632 0 -0.9921146 0.1253335 0 -0.9921146 -0.1253335 0 -0.9921146 -0.1253335 0 -0.9297766 -0.3681243 0 -0.9297766 -0.3681243 0 -0.8090169 -0.5877854 0 -0.8090169 -0.5877854 0 -0.6374239 -0.7705134 0 -0.6374239 -0.7705134 0 -0.4257794 -0.9048271 0 -0.4257794 -0.9048271 0 -0.1873822 -0.9822872 0 -0.1873822 -0.9822872 0 0.06279104 -0.9980267 0 0.06279104 -0.9980267 0 0.3090166 -0.9510566 0 0.3090166 -0.9510566 0 0.5358265 -0.8443281 0 0.5358265 -0.8443281 0 0.7289685 -0.6845473 0 0.7289685 -0.6845473 0 0.8763067 -0.4817535 0 0.8763067 -0.4817535 0 0.9685834 -0.2486888 0 0.9685834 -0.2486888 0 1 0 0 1 0 0 0.9685834 0.2486888 0 0.9685834 0.2486888 0 0.8763065 0.4817539 0 0.8763065 0.4817539 0 0.7289685 0.6845473 0 0.7289685 0.6845473 0 0.5358271 0.8443278 0 0.5358271 0.8443278 0 0.3090166 0.9510566 0 0.3090166 0.9510566 0 0.06279104 0.9980267 0 0.06279104 0.9980267 0 -0.1873813 0.9822872 0 -0.1873813 0.9822872 0 -0.4257794 0.9048271 0 -0.4257794 0.9048271 0 -0.6374239 0.7705134 0 -0.6374239 0.7705134 0 -0.8090171 0.587785 0 -0.8090171 0.587785 0 -0.9297766 0.3681243 0 -0.9297766 0.3681243 0 -0.9921146 0.1253335 0 0 1 0 -0.9921147 0.1253327 0 -0.9921147 -0.1253327 0 -0.9921147 -0.1253327 0 -0.9297766 -0.3681243 0 -0.9297766 -0.3681243 0 -0.8090169 -0.5877854 0 -0.8090169 -0.5877854 0 -0.6374239 -0.7705134 0 -0.6374239 -0.7705134 0 -0.4257794 -0.9048271 0 -0.4257794 -0.9048271 0 -0.1873822 -0.9822872 0 -0.1873822 -0.9822872 0 0.06279104 -0.9980267 0 0.06279104 -0.9980267 0 0.3090166 -0.9510566 0 0.3090166 -0.9510566 0 0.5358265 -0.8443281 0 0.5358265 -0.8443281 0 0.7289685 -0.6845473 0 0.7289685 -0.6845473 0 0.8763067 -0.4817535 0 0.8763067 -0.4817535 0 0.9685832 -0.2486896 0 0.9685832 -0.2486896 0 1 0 0 1 0 0 0.9685832 0.2486896 0 0.9685832 0.2486896 0 0.8763065 0.4817539 0 0.8763065 0.4817539 0 0.7289685 0.6845473 0 0.7289685 0.6845473 0 0.5358271 0.8443278 0 0.5358271 0.8443278 0 0.3090166 0.9510566 0 0.3090166 0.9510566 0 0.06279104 0.9980267 0 0.06279104 0.9980267 0 -0.1873813 0.9822872 0 -0.1873813 0.9822872 0 -0.4257794 0.9048271 0 -0.4257794 0.9048271 0 -0.6374239 0.7705134 0 -0.6374239 0.7705134 0 -0.8090171 0.587785 0 -0.8090171 0.587785 0 -0.9297766 0.3681243 0 -0.9297766 0.3681243 0 -0.9921147 0.1253327 0 0 1 0 0 1 0 0 0 -1 0 0 -1 0 0 -1 0 0 -1 0 0 -1 0 0 -1 0 0 -1 0 0 -1 0 0 -1 0 0 -1 0 0 -1 0 0 -1 0 0 -1 0 0 -1 0 0 -1 0 0 -1 0 0 -1 0 0 -1 0 0 -1 0 0 -1 0 0 -1 0 0 -1 0 0 -1 0 0 -1 0 0 -1 0 0 -1 0 0 -1 0 0 -1 0 0 -1 0 0 -1 0 0 -1 0 0 -1 0 0 -1 0 0 -1 0 0 -1 0 0 -1 0 0 -1 0 0 -1 0 0 -1 0 0 -1 0 0 -1 0 0 -1 0 0 -1 0 0 -1 0 0 -1 0 0 -1 0 0 -1 0 0 -1 0 0 -1 0 0 -1 0 0 -1 0 0 -1 0 0 -1 0 0 -1 0 0 -1 0 0 -1 0 0 -1 0 0 -1 0 0 -1 0 0 -1 0 0 -1 0 0 -1 0 0 -1 0 0 -1 0 0 -1 0 0 -1 0 0 -1 0 0 -1 0 0 -1 0 0 -1 0 0 -1 0 0 -1 0 0 -1 0 0 -1 -0.9489536 -0.3153846 0.00442034 -0.8974276 -0.4411396 -0.004419982 -0.8748446 -0.4843835 0.004420042 -0.801088 -0.5985302 -0.00442028 -0.7709428 -0.6368891 0.004419982 -0.677469 -0.735538 -0.00442022 -0.6407882 -0.767705 0.004420161 -0.5307782 -0.8474992 -0.004420161 -0.4888113 -0.8723785 0.004420161 -0.3660132 -0.9305992 -0.004420042 -0.3201904 -0.9473428 0.004420042 -0.1887841 -0.9820086 -0.00442028 -0.1406635 -0.9900476 0.004420101 -0.005126535 -0.9999771 -0.004420042 0.04365181 -0.999037 0.00442034 0.1787068 -0.9838925 -0.004419982 0.2264801 -0.9740058 0.004420101 0.3564538 -0.9343025 -0.00442028 0.4015977 -0.9158056 0.004419922 0.5220613 -0.8528965 -0.00442028 0.5630388 -0.8264186 0.004420161 0.6698915 -0.7424458 -0.004420101 0.7053057 -0.7088896 0.00442022 0.7949099 -0.6067113 -0.004420101 0.8235547 -0.5672197 0.004420101 0.8928578 -0.4503171 -0.004420161 0.9137585 -0.4062337 0.00442022 0.9604008 -0.2785871 -0.004420101 0.9728452 -0.2314144 0.004420101 0.9952383 -0.09737074 -0.004420161 0.998803 -0.0487141 0.004420161 0.9961844 0.08716189 -0.004420101 0.9907476 0.1356448 0.004420161 0.9632065 0.2687263 -0.004420101 0.9489536 0.3153847 0.004420161 0.8974277 0.4411396 -0.004420161 0.8748441 0.4843845 0.004420101 0.8010883 0.5985298 -0.004420161 0.7709429 0.6368889 0.004420161 0.6774682 0.7355388 -0.004420161 0.6407878 0.7677053 0.004420101 0.5307785 0.847499 -0.004420161 0.4888121 0.8723779 0.004420101 0.3660134 0.9305992 -0.004420161 0.3201899 0.9473431 0.004420101 0.1887841 0.9820086 -0.00442022 0.1406641 0.9900475 0.004420101 0.005126178 0.9999771 -0.004420161 -0.04365152 0.999037 0.004420101 -0.1787061 0.9838926 -0.004420161 -0.2264811 0.9740055 0.00442022 -0.3564535 0.9343027 -0.004420101 -0.4015974 0.9158056 0.004420101 -0.5220621 0.852896 -0.00442022 -0.563039 0.8264185 0.004420101 -0.6698917 0.7424456 -0.004420161 -0.7053057 0.7088896 0.004420101 -0.7949098 0.6067115 -0.004420161 -0.8235547 0.5672197 0.004420042 -0.8928574 0.4503178 -0.004420161 -0.9137582 0.4062345 0.00442022 -0.9604009 0.2785866 -0.004420161 -0.9728453 0.2314141 0.004420042 -0.9952383 0.09737074 -0.00442022 -0.998803 0.04871374 0.004420161 -0.9961844 -0.08716154 -0.004420101 -0.9907476 -0.1356455 0.00442034 -0.9632065 -0.2687265 -0.004419922 0 0 -1 0 0 -1 0 0 -1 0 0 -1 0 0 -1 0 0 -1 0 0 -1 0 0 -1 0 0 -1 0 0 -1 0 0 -1 0 0 -1 0 0 -1 0 0 -1 0 0 -1 0 0 -1 0 0 -1 0 0 -1 0 0 -1 0 0 -1 0 0 -1 0 0 -1 0 0 -1 0 0 -1 0 0 -1 0 0 -1 0 0 -1 0 0 -1 0 0 -1 0 0 -1 0 0 -1 0 0 -1 0 0 -1 0 0 -1 0 0 -1 0 0 -1 0 0 -1 0 0 -1 0 0 -1 0 0 -1 0 0 -1 0 0 -1 0 0 -1 0 0 -1 0 0 -1 0 0 -1 0 0 -1 0 0 -1 0 0 -1 0 0 -1 0 0 -1 0 0 -1 0 0 -1 0 0 -1 0 0 -1 0 0 -1 0 0 -1 0 0 -1 0 0 -1 0.9914449 -0.1305263 0 0.9914449 -0.1305263 0 0.9914449 0.1305263 0 0.9914449 0.1305263 0 0.9238793 0.3826842 0 0.9238793 0.3826842 0 0.7933535 0.6087611 0 0.7933535 0.6087611 0 0.6087611 0.7933535 0 0.6087611 0.7933535 0 0.3826842 0.9238793 0 0.3826842 0.9238793 0 0.1305263 0.9914449 0 0.1305263 0.9914449 0 -0.1305263 0.9914449 0 -0.1305263 0.9914449 0 -0.3826842 0.9238793 0 -0.3826842 0.9238793 0 -0.6087611 0.7933535 0 -0.6087611 0.7933535 0 -0.7933535 0.6087611 0 -0.7933535 0.6087611 0 -0.9238793 0.3826842 0 -0.9238793 0.3826842 0 -0.9914449 0.1305263 0 -0.9914449 0.1305263 0 -0.9914449 -0.1305263 0 -0.9914449 -0.1305263 0 -0.9238793 -0.3826842 0 -0.9238793 -0.3826842 0 -0.7933535 -0.6087611 0 -0.7933535 -0.6087611 0 -0.6087611 -0.7933535 0 -0.6087611 -0.7933535 0 -0.3826842 -0.9238793 0 -0.3826842 -0.9238793 0 -0.1305252 -0.991445 0 -0.1305252 -0.991445 0 0.1305252 -0.991445 0 0.1305252 -0.991445 0 0.3826842 -0.9238793 0 0.3826842 -0.9238793 0 0.6087611 -0.7933535 0 0.6087611 -0.7933535 0 0.7933535 -0.6087611 0 0.7933535 -0.6087611 0 0.9238793 -0.3826842 0 0.9238793 -0.3826842 0 0 0 1 0 0 1 0 0 1 0 0 1 0 0 1 0 0 1 0 0 1 0 0 1 0 0 1 0 0 1 0 0 1 0 0 1 0 0 1 0 0 1 0 0 1 0 0 1 0 0 1 0 0 1 0 0 1 0 0 1 0 0 1 0 0 1 0 0 1 0 0 1 0 0 1 0 0 1 0 0 1 0 0 1 0 0 1 0 0 1 0 0 1 0 0 1 0 0 1 0 0 1 0 0 1 0 0 1 0 0 1 0 0 1 0 0 1 0 0 1 0 0 1 0 0 1 0 0 1 0 0 1 0 0 1 0 0 1 0 0 1 0 0 1 0 0 1 0 0 1 0 0 1 0 0 1 0 0 1 0 0 1 0.9914449 -0.1305263 0 0.9914449 -0.1305263 0 0.9914449 0.1305263 0 0.9914449 0.1305263 0 0.9238793 0.3826842 0 0.9238793 0.3826842 0 0.7933535 0.6087611 0 0.7933535 0.6087611 0 0.6087611 0.7933535 0 0.6087611 0.7933535 0 0.3826842 0.9238793 0 0.3826842 0.9238793 0 0.1305263 0.9914449 0 0.1305263 0.9914449 0 -0.1305263 0.9914449 0 -0.1305263 0.9914449 0 -0.3826842 0.9238793 0 -0.3826842 0.9238793 0 -0.6087611 0.7933535 0 -0.6087611 0.7933535 0 -0.7933535 0.6087611 0 -0.7933535 0.6087611 0 -0.9238793 0.3826842 0 -0.9238793 0.3826842 0 -0.9914449 0.1305263 0 -0.9914449 0.1305263 0 -0.9914449 -0.1305263 0 -0.9914449 -0.1305263 0 -0.9238793 -0.3826842 0 -0.9238793 -0.3826842 0 -0.7933535 -0.6087611 0 -0.7933535 -0.6087611 0 -0.6087611 -0.7933535 0 -0.6087611 -0.7933535 0 -0.3826842 -0.9238793 0 -0.3826842 -0.9238793 0 -0.1305252 -0.991445 0 -0.1305252 -0.991445 0 0.1305252 -0.991445 0 0.1305252 -0.991445 0 0.3826842 -0.9238793 0 0.3826842 -0.9238793 0 0.6087611 -0.7933535 0 0.6087611 -0.7933535 0 0.7933535 -0.6087611 0 0.7933535 -0.6087611 0 0.9238793 -0.3826842 0 0.9238793 -0.3826842 0 0 0 -1 0 0 -1 0 0 -1 0 0 -1 0 0 -1 0 0 -1 0 0 -1 0 0 -1 0 0 -1 0 0 -1 0 0 -1 0 0 -1 0 0 -1 0 0 -1 0 0 -1 0 0 -1 0 0 -1 0 0 -1 0 0 -1 0 0 -1 0 0 -1 0 0 -1 0 0 -1 0 0 -1 0 0 -1 0 0 -1 0 0 -1 0 0 -1 0 0 -1 0 0 -1 0 0 -1 0 0 -1 0 0 -1 0 0 -1 0 0 -1 0 0 -1 0 0 -1 0 0 -1 0 0 -1 0 0 -1 0 0 -1 0 0 -1 0 0 -1 0 0 -1 0 0 -1 0 0 -1 0 0 -1 0 0 -1 0 0 -1 0 0 -1 0 0 -1 0 0 -1 0 0 -1 0 0 -1 0 0 -1 0 0 -1 0 0 -1 0 0 -1 0 0 -1 0.8748446 -0.4843835 0.004420042 0.8974276 -0.4411396 -0.004419982 0.9489536 -0.3153846 0.00442034 0.9632065 -0.2687265 -0.004419922 0.9907476 -0.1356455 0.00442034 0.9961844 -0.08716154 -0.004420101 0.998803 0.04871374 0.004420161 0.9952383 0.09737074 -0.00442022 0.9728453 0.2314141 0.004420042 0.9604009 0.2785866 -0.004420161 0.9137582 0.4062345 0.00442022 0.8928574 0.4503178 -0.004420161 0.8235547 0.5672197 0.004420042 0.7949098 0.6067115 -0.004420161 0.7053057 0.7088896 0.004420101 0.6698917 0.7424456 -0.004420161 0.563039 0.8264185 0.004420101 0.5220621 0.852896 -0.00442022 0.4015974 0.9158056 0.004420101 0.3564535 0.9343027 -0.004420101 0.2264811 0.9740055 0.00442022 0.1787061 0.9838926 -0.004420161 0.04365152 0.999037 0.004420101 -0.005126178 0.9999771 -0.004420161 -0.1406641 0.9900475 0.004420101 -0.1887841 0.9820086 -0.00442022 -0.3201899 0.9473431 0.004420101 -0.3660134 0.9305992 -0.00442022 -0.4888121 0.8723779 0.004420101 -0.5307785 0.847499 -0.004420161 -0.6407878 0.7677053 0.004420101 -0.6774682 0.7355388 -0.004420161 -0.7709429 0.6368889 0.004420161 -0.8010883 0.5985298 -0.004420161 -0.8748441 0.4843845 0.004420101 -0.8974277 0.4411396 -0.004420161 -0.9489536 0.3153847 0.004420161 -0.9632065 0.2687263 -0.004420101 -0.9907476 0.1356448 0.004420161 -0.9961844 0.08716189 -0.004420101 -0.998803 -0.0487141 0.004420161 -0.9952383 -0.09737074 -0.004420161 -0.9728452 -0.2314144 0.004420101 -0.9604008 -0.2785871 -0.004420101 -0.9137585 -0.4062337 0.00442022 -0.8928578 -0.4503171 -0.004420161 -0.8235547 -0.5672197 0.004420101 -0.7949099 -0.6067113 -0.004420101 -0.7053057 -0.7088896 0.00442022 -0.6698915 -0.7424458 -0.004420101 -0.5630388 -0.8264186 0.004420161 -0.5220613 -0.8528965 -0.00442028 -0.4015977 -0.9158056 0.004419922 -0.3564538 -0.9343025 -0.00442028 -0.2264801 -0.9740058 0.004420101 -0.1787068 -0.9838925 -0.004419982 -0.04365181 -0.999037 0.00442034 0.005126535 -0.9999771 -0.004420042 0.1406635 -0.9900476 0.004420101 0.1887841 -0.9820086 -0.00442028 0.3201904 -0.9473428 0.004420042 0.3660132 -0.9305992 -0.004420042 0.4888113 -0.8723785 0.004420161 0.5307782 -0.8474992 -0.004420161 0.6407882 -0.767705 0.004420161 0.677469 -0.735538 -0.00442022 0.7709428 -0.6368891 0.004419982 0.801088 -0.5985302 -0.00442028 0.3826841 -0.9238793 0 0.6087611 0.7933535 0 -0.9914448 0.1305263 0 0.6087611 -0.7933535 0 -0.3826841 0.9238793 0 0.6087611 0.7933535 0 -0.9914448 -0.1305263 0 0.7933535 -0.6087611 0 0.3826841 0.9238793 0 0.9238793 -0.3826841 0 -0.1305252 -0.991445 0 -0.6087611 -0.7933535 0 -0.9238793 -0.3826841 0 -0.3826841 0.9238793 0 -0.7933535 0.6087611 0 0.7933535 0.6087611 0 0.9914448 -0.1305263 0 0.1305263 0.9914448 0 0.9238793 -0.3826841 0 0.9238793 0.3826841 0 0.3826841 -0.9238793 0 -0.6087611 -0.7933535 0 -0.9914448 0.1305263 0 0.1305252 -0.991445 0 0.7933535 -0.6087611 0 -0.9238793 0.3826841 0 -0.9238793 -0.3826841 0 0.1305263 0.9914448 0 -0.1305252 -0.991445 0 0.1305252 -0.991445 0 -0.7933535 0.6087611 0 -0.7933535 -0.6087611 0 0.9238793 0.3826841 0 -0.9238793 0.3826841 0 0.6087611 -0.7933535 0 -0.1305263 0.9914448 0 -0.3826841 -0.9238793 0 0.7933535 0.6087611 0 -0.9914448 -0.1305263 0 -0.7933535 -0.6087611 0 -0.6087611 0.7933535 0 -0.1305263 0.9914448 0 0.3826841 0.9238793 0 0.9914448 0.1305263 0 -0.3826841 -0.9238793 0 -0.6087611 0.7933535 0 0.9914448 0.1305263 0 0.9914448 -0.1305263 0 0 0 -1 0 0 -1 0 0 -1 0 0 -1 0 0 -1 0 0 -1 0 0 -1 0 0 -1 0 0 -1 0 0 -1 0 0 -1 0 0 -1 0 0 -1 0 0 -1 0 0 -1 0 0 -1 0 0 -1 0 0 -1 0 0 -1 0 0 -1 0 0 -1 0 0 -1 0 0 -1 0 0 -1 0 0 -1 0 0 -1 0 0 -1 0 0 -1 0 0 -1 0 0 -1 0 0 -1 0 0 -1 0 0 -1 0 0 -1 0 0 -1 0 0 -1 0 0 -1 0 0 -1 0 0 -1 0 0 -1 0 0 -1 0 0 -1 0 0 -1 0 0 -1 0 0 -1 0 0 -1 0 0 -1 0 0 -1 0 0 -1 0 0 -1 0 0 -1 0 0 -1 0 0 -1 0 0 -1 0 -0.3266254 -0.9451538 0 1 0 0 0 1 0 0 1 0 0.2341887 0.9721912 -1 0 0 -1 0 0 -1 0 0 -1 0 0 -1 0 0 -1 0 0 -1 0 0 -1 0 0 -1 0 0 0 -0.3823227 -0.9240289 1 0 0 1 0 0 1 0 0 1 0 0 1 0 0 1 0 0 1 0 0 1 0 0 1 0 0 0 1 0 0 0 1 0 0 1 0 0 1 0 0 1 0 0 1 0 0 1 0 0 1 0 0 1 0 0 1 0 0 1 0 0 1 0 0 1 0 0 1 0 0 1 0 0 1 0 0 1 0 0 1 0 0 1 0 0 1 0 0 1 0 0 1 0 0 1 0 0 1 0 0 1 0 0 1 0 1 0 0.3826841 -0.9238793 0 0.6087611 0.7933535 0 -0.9914448 0.1305263 0 0.6087611 -0.7933535 0 -0.3826841 0.9238793 0 0.6087611 0.7933535 0 -0.9914448 -0.1305263 0 0.7933535 -0.6087611 0 0.3826841 0.9238793 0 0.9238793 -0.3826841 0 -0.1305252 -0.991445 0 -0.6087611 -0.7933535 0 -0.9238793 -0.3826841 0 -0.3826841 0.9238793 0 -0.7933535 0.6087611 0 0.7933535 0.6087611 0 0.9914448 -0.1305263 0 0.1305263 0.9914448 0 0.9238793 -0.3826841 0 0.9238793 0.3826841 0 0.3826841 -0.9238793 0 -0.6087611 -0.7933535 0 -0.9914448 0.1305263 0 0.1305252 -0.991445 0 0.7933535 -0.6087611 0 -0.9238793 0.3826841 0 -0.9238793 -0.3826841 0 0.1305263 0.9914448 0 -0.1305252 -0.991445 0 0.1305252 -0.991445 0 -0.7933535 0.6087611 0 -0.7933535 -0.6087611 0 0.9238793 0.3826841 0 -0.9238793 0.3826841 0 0.6087611 -0.7933535 0 -0.1305263 0.9914448 0 -0.3826841 -0.9238793 0 0.7933535 0.6087611 0 -0.9914448 -0.1305263 0 -0.7933535 -0.6087611 0 -0.6087611 0.7933535 0 -0.1305263 0.9914448 0 0.3826841 0.9238793 0 0.9914448 0.1305263 0 -0.3826841 -0.9238793 0 -0.6087611 0.7933535 0 0.9914448 0.1305263 0 0.9914448 -0.1305263 0 0 0 -1 0 0 -1 0 0 -1 0 0 -1 0 0 -1 0 0 -1 0 0 -1 0 0 -1 0 0 -1 0 0 -1 0 0 -1 0 0 -1 0 0 -1 0 0 -1 0 0 -1 0 0 -1 0 0 -1 0 -0.3266254 -0.945154 0 -0.3266254 -0.9451539 0 -0.3266254 -0.945154 0 -0.3266254 -0.9451539 0 -0.3266251 -0.945154 0 -0.3266252 -0.9451539 0 -0.3266254 -0.9451539 0 -0.3266254 -0.9451538 0 -0.3266255 -0.9451538 0 -0.3266254 -0.9451538 0 -0.3266254 -0.9451538 0 -0.3266254 -0.9451538 0 -0.3266255 -0.9451539 0 -0.3266253 -0.945154 0 -0.3266254 -0.9451538 0 -0.3266254 -0.9451539 0 -0.3266255 -0.9451538 0 -0.3266254 -0.9451539 0 1 0 0 0 1 0 0 1 0 0.2341887 0.9721912 0 0.2341887 0.9721912 0 0.2341886 0.9721912 0 0.2341887 0.9721912 0 0.2341887 0.9721912 0 0.2341887 0.9721912 0 0.2341886 0.9721911 0 0.2341887 0.9721912 0 0.2341887 0.9721911 0 0.2341887 0.9721911 0 0.2341887 0.9721912 0 0.2341887 0.9721911 0 0.2341887 0.9721912 0 0.2341886 0.9721912 0 0.2341887 0.9721912 0 0.2341887 0.9721912 0 0.2341887 0.9721912 0 0.2341888 0.9721912 0 0.2341887 0.9721912 0 0.2341887 0.9721912 0 0.2341887 0.9721911 0 0.2341887 0.9721912 0 0.2341887 0.9721912 0 0.2341887 0.9721912 0 0.2341887 0.9721911 0 0.2341887 0.9721912</float_array>
          <technique_common>
            <accessor source="#gelsight-mini-franka-finger-2-v2_002-mesh-normals-array" count="2216" stride="3">
              <param name="X" type="float"/>
              <param name="Y" type="float"/>
              <param name="Z" type="float"/>
            </accessor>
          </technique_common>
        </source>
        <source id="gelsight-mini-franka-finger-2-v2_002-mesh-map-0">
          <float_array id="gelsight-mini-franka-finger-2-v2_002-mesh-map-0-array" count="13296">0 0 0 0 0 0 0 0 0 0 0 0 0 0 0 0 0 0 0 0 0 0 0 0 0 0 0 0 0 0 0 0 0 0 0 0 0 0 0 0 0 0 0 0 0 0 0 0 0 0 0 0 0 0 0 0 0 0 0 0 0 0 0 0 0 0 0 0 0 0 0 0 0 0 0 0 0 0 0 0 0 0 0 0 0 0 0 0 0 0 0 0 0 0 0 0 0 0 0 0 0 0 0 0 0 0 0 0 0 0 0 0 0 0 0 0 0 0 0 0 0 0 0 0 0 0 0 0 0 0 0 0 0 0 0 0 0 0 0 0 0 0 0 0 0 0 0 0 0 0 0 0 0 0 0 0 0 0 0 0 0 0 0 0 0 0 0 0 0 0 0 0 0 0 0 0 0 0 0 0 0 0 0 0 0 0 0 0 0 0 0 0 0 0 0 0 0 0 0 0 0 0 0 0 0 0 0 0 0 0 0 0 0 0 0 0 0 0 0 0 0 0 0 0 0 0 0 0 0 0 0 0 0 0 0 0 0 0 0 0 0 0 0 0 0 0 0 0 0 0 0 0 0 0 0 0 0 0 0 0 0 0 0 0 0 0 0 0 0 0 0 0 0 0 0 0 0 0 0 0 0 0 0 0 0 0 0 0 0 0 0 0 0 0 0 0 0 0 0 0 0 0 0 0 0 0 0 0 0 0 0 0 0 0 0 0 0 0 0 0 0 0 0 0 0 0 0 0 0 0 0 0 0 0 0 0 0 0 0 0 0 0 0 0 0 0 0 0 0 0 0 0 0 0 0 0 0 0 0 0 0 0 0 0 0 0 0 0 0 0 0 0 0 0 0 0 0 0 0 0 0 0 0 0 0 0 0 0 0 0 0 0 0 0 0 0 0 0 0 0 0 0 0 0 0 0 0 0 0 0 0 0 0 0 0 0 0 0 0 0 0 0 0 0 0 0 0 0 0 0 0 0 0 0 0 0 0 0 0 0 0 0 0 0 0 0 0 0 0 0 0 0 0 0 0 0 0 0 0 0 0 0 0 0 0 0 0 0 0 0 0 0 0 0 0 0 0 0 0 0 0 0 0 0 0 0 0 0 0 0 0 0 0 0 0 0 0 0 0 0 0 0 0 0 0 0 0 0 0 0 0 0 0 0 0 0 0 0 0 0 0 0 0 0 0 0 0 0 0 0 0 0 0 0 0 0 0 0 0 0 0 0 0 0 0 0 0 0 0 0 0 0 0 0 0 0 0 0 0 0 0 0 0 0 0 0 0 0 0 0 0 0 0 0 0 0 0 0 0 0 0 0 0 0 0 0 0 0 0 0 0 0 0 0 0 0 0 0 0 0 0 0 0 0 0 0 0 0 0 0 0 0 0 0 0 0 0 0 0 0 0 0 0 0 0 0 0 0 0 0 0 0 0 0 0 0 0 0 0 0 0 0 0 0 0 0 0 0 0 0 0 0 0 0 0 0 0 0 0 0 0 0 0 0 0 0 0 0 0 0 0 0 0 0 0 0 0 0 0 0 0 0 0 0 0 0 0 0 0 0 0 0 0 0 0 0 0 0 0 0 0 0 0 0 0 0 0 0 0 0 0 0 0 0 0 0 0 0 0 0 0 0 0 0 0 0 0 0 0 0 0 0 0 0 0 0 0 0 0 0 0 0 0 0 0 0 0 0 0 0 0 0 0 0 0 0 0 0 0 0 0 0 0 0 0 0 0 0 0 0 0 0 0 0 0 0 0 0 0 0 0 0 0 0 0 0 0 0 0 0 0 0 0 0 0 0 0 0 0 0 0 0 0 0 0 0 0 0 0 0 0 0 0 0 0 0 0 0 0 0 0 0 0 0 0 0 0 0 0 0 0 0 0 0 0 0 0 0 0 0 0 0 0 0 0 0 0 0 0 0 0 0 0 0 0 0 0 0 0 0 0 0 0 0 0 0 0 0 0 0 0 0 0 0 0 0 0 0 0 0 0 0 0 0 0 0 0 0 0 0 0 0 0 0 0 0 0 0 0 0 0 0 0 0 0 0 0 0 0 0 0 0 0 0 0 0 0 0 0 0 0 0 0 0 0 0 0 0 0 0 0 0 0 0 0 0 0 0 0 0 0 0 0 0 0 0 0 0 0 0 0 0 0 0 0 0 0 0 0 0 0 0 0 0 0 0 0 0 0 0 0 0 0 0 0 0 0 0 0 0 0 0 0 0 0 0 0 0 0 0 0 0 0 0 0 0 0 0 0 0 0 0 0 0 0 0 0 0 0 0 0 0 0 0 0 0 0 0 0 0 0 0 0 0 0 0 0 0 0 0 0 0 0 0 0 0 0 0 0 0 0 0 0 0 0 0 0 0 0 0 0 0 0 0 0 0 0 0 0 0 0 0 0 0 0 0 0 0 0 0 0 0 0 0 0 0 0 0 0 0 0 0 0 0 0 0 0 0 0 0 0 0 0 0 0 0 0 0 0 0 0 0 0 0 0 0 0 0 0 0 0 0 0 0 0 0 0 0 0 0 0 0 0 0 0 0 0 0 0 0 0 0 0 0 0 0 0 0 0 0 0 0 0 0 0 0 0 0 0 0 0 0 0 0 0 0 0 0 0 0 0 0 0 0 0 0 0 0 0 0 0 0 0 0 0 0 0 0 0 0 0 0 0 0 0 0 0 0 0 0 0 0 0 0 0 0 0 0 0 0 0 0 0 0 0 0 0 0 0 0 0 0 0 0 0 0 0 0 0 0 0 0 0 0 0 0 0 0 0 0 0 0 0 0 0 0 0 0 0 0 0 0 0 0 0 0 0 0 0 0 0 0 0 0 0 0 0 0 0 0 0 0 0 0 0 0 0 0 0 0 0 0 0 0 0 0 0 0 0 0 0 0 0 0 0 0 0 0 0 0 0 0 0 0 0 0 0 0 0 0 0 0 0 0 0 0 0 0 0 0 0 0 0 0 0 0 0 0 0 0 0 0 0 0 0 0 0 0 0 0 0 0 0 0 0 0 0 0 0 0 0 0 0 0 0 0 0 0 0 0 0 0 0 0 0 0 0 0 0 0 0 0 0 0 0 0 0 0 0 0 0 0 0 0 0 0 0 0 0 0 0 0 0 0 0 0 0 0 0 0 0 0 0 0 0 0 0 0 0 0 0 0 0 0 0 0 0 0 0 0 0 0 0 0 0 0 0 0 0 0 0 0 0 0 0 0 0 0 0 0 0 0 0 0 0 0 0 0 0 0 0 0 0 0 0 0 0 0 0 0 0 0 0 0 0 0 0 0 0 0 0 0 0 0 0 0 0 0 0 0 0 0 0 0 0 0 0 0 0 0 0 0 0 0 0 0 0 0 0 0 0 0 0 0 0 0 0 0 0 0 0 0 0 0 0 0 0 0 0 0 0 0 0 0 0 0 0 0 0 0 0 0 0 0 0 0 0 0 0 0 0 0 0 0 0 0 0 0 0 0 0 0 0 0 0 0 0 0 0 0 0 0 0 0 0 0 0 0 0 0 0 0 0 0 0 0 0 0 0 0 0 0 0 0 0 0 0 0 0 0 0 0 0 0 0 0 0 0 0 0 0 0 0 0 0 0 0 0 0 0 0 0 0 0 0 0 0 0 0 0 0 0 0 0 0 0 0 0 0 0 0 0 0 0 0 0 0 0 0 0 0 0 0 0 0 0 0 0 0 0 0 0 0 0 0 0 0 0 0 0 0 0 0 0 0 0 0 0 0 0 0 0 0 0 0 0 0 0 0 0 0 0 0 0 0 0 0 0 0 0 0 0 0 0 0 0 0 0 0 0 0 0 0 0 0 0 0 0 0 0 0 0 0 0 0 0 0 0 0 0 0 0 0 0 0 0 0 0 0 0 0 0 0 0 0 0 0 0 0 0 0 0 0 0 0 0 0 0 0 0 0 0 0 0 0 0 0 0 0 0 0 0 0 0 0 0 0 0 0 0 0 0 0 0 0 0 0 0 0 0 0 0 0 0 0 0 0 0 0 0 0 0 0 0 0 0 0 0 0 0 0 0 0 0 0 0 0 0 0 0 0 0 0 0 0 0 0 0 0 0 0 0 0 0 0 0 0 0 0 0 0 0 0 0 0 0 0 0 0 0 0 0 0 0 0 0 0 0 0 0 0 0 0 0 0 0 0 0 0 0 0 0 0 0 0 0 0 0 0 0 0 0 0 0 0 0 0 0 0 0 0 0 0 0 0 0 0 0 0 0 0 0 0 0 0 0 0 0 0 0 0 0 0 0 0 0 0 0 0 0 0 0 0 0 0 0 0 0 0 0 0 0 0 0 0 0 0 0 0 0 0 0 0 0 0 0 0 0 0 0 0 0 0 0 0 0 0 0 0 0 0 0 0 0 0 0 0 0 0 0 0 0 0 0 0 0 0 0 0 0 0 0 0 0 0 0 0 0 0 0 0 0 0 0 0 0 0 0 0 0 0 0 0 0 0 0 0 0 0 0 0 0 0 0 0 0 0 0 0 0 0 0 0 0 0 0 0 0 0 0 0 0 0 0 0 0 0 0 0 0 0 0 0 0 0 0 0 0 0 0 0 0 0 0 0 0 0 0 0 0 0 0 0 0 0 0 0 0 0 0 0 0 0 0 0 0 0 0 0 0 0 0 0 0 0 0 0 0 0 0 0 0 0 0 0 0 0 0 0 0 0 0 0 0 0 0 0 0 0 0 0 0 0 0 0 0 0 0 0 0 0 0 0 0 0 0 0 0 0 0 0 0 0 0 0 0 0 0 0 0 0 0 0 0 0 0 0 0 0 0 0 0 0 0 0 0 0 0 0 0 0 0 0 0 0 0 0 0 0 0 0 0 0 0 0 0 0 0 0 0 0 0 0 0 0 0 0 0 0 0 0 0 0 0 0 0 0 0 0 0 0 0 0 0 0 0 0 0 0 0 0 0 0 0 0 0 0 0 0 0 0 0 0 0 0 0 0 0 0 0 0 0 0 0 0 0 0 0 0 0 0 0 0 0 0 0 0 0 0 0 0 0 0 0 0 0 0 0 0 0 0 0 0 0 0 0 0 0 0 0 0 0 0 0 0 0 0 0 0 0 0 0 0 0 0 0 0 0 0 0 0 0 0 0 0 0 0 0 0 0 0 0 0 0 0 0 0 0 0 0 0 0 0 0 0 0 0 0 0 0 0 0 0 0 0 0 0 0 0 0 0 0 0 0 0 0 0 0 0 0 0 0 0 0 0 0 0 0 0 0 0 0 0 0 0 0 0 0 0 0 0 0 0 0 0 0 0 0 0 0 0 0 0 0 0 0 0 0 0 0 0 0 0 0 0 0 0 0 0 0 0 0 0 0 0 0 0 0 0 0 0 0 0 0 0 0 0 0 0 0 0 0 0 0 0 0 0 0 0 0 0 0 0 0 0 0 0 0 0 0 0 0 0 0 0 0 0 0 0 0 0 0 0 0 0 0 0 0 0 0 0 0 0 0 0 0 0 0 0 0 0 0 0 0 0 0 0 0 0 0 0 0 0 0 0 0 0 0 0 0 0 0 0 0 0 0 0 0 0 0 0 0 0 0 0 0 0 0 0 0 0 0 0 0 0 0 0 0 0 0 0 0 0 0 0 0 0 0 0 0 0 0 0 0 0 0 0 0 0 0 0 0 0 0 0 0 0 0 0 0 0 0 0 0 0 0 0 0 0 0 0 0 0 0 0 0 0 0 0 0 0 0 0 0 0 0 0 0 0 0 0 0 0 0 0 0 0 0 0 0 0 0 0 0 0 0 0 0 0 0 0 0 0 0 0 0 0 0 0 0 0 0 0 0 0 0 0 0 0 0 0 0 0 0 0 0 0 0 0 0 0 0 0 0 0 0 0 0 0 0 0 0 0 0 0 0 0 0 0 0 0 0 0 0 0 0 0 0 0 0 0 0 0 0 0 0 0 0 0 0 0 0 0 0 0 0 0 0 0 0 0 0 0 0 0 0 0 0 0 0 0 0 0 0 0 0 0 0 0 0 0 0 0 0 0 0 0 0 0 0 0 0 0 0 0 0 0 0 0 0 0 0 0 0 0 0 0 0 0 0 0 0 0 0 0 0 0 0 0 0 0 0 0 0 0 0 0 0 0 0 0 0 0 0 0 0 0 0 0 0 0 0 0 0 0 0 0 0 0 0 0 0 0 0 0 0 0 0 0 0 0 0 0 0 0 0 0 0 0 0 0 0 0 0 0 0 0 0 0 0 0 0 0 0 0 0 0 0 0 0 0 0 0 0 0 0 0 0 0 0 0 0 0 0 0 0 0 0 0 0 0 0 0 0 0 0 0 0 0 0 0 0 0 0 0 0 0 0 0 0 0 0 0 0 0 0 0 0 0 0 0 0 0 0 0 0 0 0 0 0 0 0 0 0 0 0 0 0 0 0 0 0 0 0 0 0 0 0 0 0 0 0 0 0 0 0 0 0 0 0 0 0 0 0 0 0 0 0 0 0 0 0 0 0 0 0 0 0 0 0 0 0 0 0 0 0 0 0 0 0 0 0 0 0 0 0 0 0 0 0 0 0 0 0 0 0 0 0 0 0 0 0 0 0 0 0 0 0 0 0 0 0 0 0 0 0 0 0 0 0 0 0 0 0 0 0 0 0 0 0 0 0 0 0 0 0 0 0 0 0 0 0 0 0 0 0 0 0 0 0 0 0 0 0 0 0 0 0 0 0 0 0 0 0 0 0 0 0 0 0 0 0 0 0 0 0 0 0 0 0 0 0 0 0 0 0 0 0 0 0 0 0 0 0 0 0 0 0 0 0 0 0 0 0 0 0 0 0 0 0 0 0 0 0 0 0 0 0 0 0 0 0 0 0 0 0 0 0 0 0 0 0 0 0 0 0 0 0 0 0 0 0 0 0 0 0 0 0 0 0 0 0 0 0 0 0 0 0 0 0 0 0 0 0 0 0 0 0 0 0 0 0 0 0 0 0 0 0 0 0 0 0 0 0 0 0 0 0 0 0 0 0 0 0 0 0 0 0 0 0 0 0 0 0 0 0 0 0 0 0 0 0 0 0 0 0 0 0 0 0 0 0 0 0 0 0 0 0 0 0 0 0 0 0 0 0 0 0 0 0 0 0 0 0 0 0 0 0 0 0 0 0 0 0 0 0 0 0 0 0 0 0 0 0 0 0 0 0 0 0 0 0 0 0 0 0 0 0 0 0 0 0 0 0 0 0 0 0 0 0 0 0 0 0 0 0 0 0 0 0 0 0 0 0 0 0 0 0 0 0 0 0 0 0 0 0 0 0 0 0 0 0 0 0 0 0 0 0 0 0 0 0 0 0 0 0 0 0 0 0 0 0 0 0 0 0 0 0 0 0 0 0 0 0 0 0 0 0 0 0 0 0 0 0 0 0 0 0 0 0 0 0 0 0 0 0 0 0 0 0 0 0 0 0 0 0 0 0 0 0 0 0 0 0 0 0 0 0 0 0 0 0 0 0 0 0 0 0 0 0 0 0 0 0 0 0 0 0 0 0 0 0 0 0 0 0 0 0 0 0 0 0 0 0 0 0 0 0 0 0 0 0 0 0 0 0 0 0 0 0 0 0 0 0 0 0 0 0 0 0 0 0 0 0 0 0 0 0 0 0 0 0 0 0 0 0 0 0 0 0 0 0 0 0 0 0 0 0 0 0 0 0 0 0 0 0 0 0 0 0 0 0 0 0 0 0 0 0 0 0 0 0 0 0 0 0 0 0 0 0 0 0 0 0 0 0 0 0 0 0 0 0 0 0 0 0 0 0 0 0 0 0 0 0 0 0 0 0 0 0 0 0 0 0 0 0 0 0 0 0 0 0 0 0 0 0 0 0 0 0 0 0 0 0 0 0 0 0 0 0 0 0 0 0 0 0 0 0 0 0 0 0 0 0 0 0 0 0 0 0 0 0 0 0 0 0 0 0 0 0 0 0 0 0 0 0 0 0 0 0 0 0 0 0 0 0 0 0 0 0 0 0 0 0 0 0 0 0 0 0 0 0 0 0 0 0 0 0 0 0 0 0 0 0 0 0 0 0 0 0 0 0 0 0 0 0 0 0 0 0 0 0 0 0 0 0 0 0 0 0 0 0 0 0 0 0 0 0 0 0 0 0 0 0 0 0 0 0 0 0 0 0 0 0 0 0 0 0 0 0 0 0 0 0 0 0 0 0 0 0 0 0 0 0 0 0 0 0 0 0 0 0 0 0 0 0 0 0 0 0 0 0 0 0 0 0 0 0 0 0 0 0 0 0 0 0 0 0 0 0 0 0 0 0 0 0 0 0 0 0 0 0 0 0 0 0 0 0 0 0 0 0 0 0 0 0 0 0 0 0 0 0 0 0 0 0 0 0 0 0 0 0 0 0 0 0 0 0 0 0 0 0 0 0 0 0 0 0 0 0 0 0 0 0 0 0 0 0 0 0 0 0 0 0 0 0 0 0 0 0 0 0 0 0 0 0 0 0 0 0 0 0 0 0 0 0 0 0 0 0 0 0 0 0 0 0 0 0 0 0 0 0 0 0 0 0 0 0 0 0 0 0 0 0 0 0 0 0 0 0 0 0 0 0 0 0 0 0 0 0 0 0 0 0 0 0 0 0 0 0 0 0 0 0 0 0 0 0 0 0 0 0 0 0 0 0 0 0 0 0 0 0 0 0 0 0 0 0 0 0 0 0 0 0 0 0 0 0 0 0 0 0 0 0 0 0 0 0 0 0 0 0 0 0 0 0 0 0 0 0 0 0 0 0 0 0 0 0 0 0 0 0 0 0 0 0 0 0 0 0 0 0 0 0 0 0 0 0 0 0 0 0 0 0 0 0 0 0 0 0 0 0 0 0 0 0 0 0 0 0 0 0 0 0 0 0 0 0 0 0 0 0 0 0 0 0 0 0 0 0 0 0 0 0 0 0 0 0 0 0 0 0 0 0 0 0 0 0 0 0 0 0 0 0 0 0 0 0 0 0 0 0 0 0 0 0 0 0 0 0 0 0 0 0 0 0 0 0 0 0 0 0 0 0 0 0 0 0 0 0 0 0 0 0 0 0 0 0 0 0 0 0 0 0 0 0 0 0 0 0 0 0 0 0 0 0 0 0 0 0 0 0 0 0 0 0 0 0 0 0 0 0 0 0 0 0 0 0 0 0 0 0 0 0 0 0 0 0 0 0 0 0 0 0 0 0 0 0 0 0 0 0 0 0 0 0 0 0 0 0 0 0 0 0 0 0 0 0 0 0 0 0 0 0 0 0 0 0 0 0 0 0 0 0 0 0 0 0 0 0 0 0 0 0 0 0 0 0 0 0 0 0 0 0 0 0 0 0 0 0 0 0 0 0 0 0 0 0 0 0 0 0 0 0 0 0 0 0 0 0 0 0 0 0 0 0 0 0 0 0 0 0 0 0 0 0 0 0 0 0 0 0 0 0 0 0 0 0 0 0 0 0 0 0 0 0 0 0 0 0 0 0 0 0 0 0 0 0 0 0 0 0 0 0 0 0 0 0 0 0 0 0 0 0 0 0 0 0 0 0 0 0 0 0 0 0 0 0 0 0 0 0 0 0 0 0 0 0 0 0 0 0 0 0 0 0 0 0 0 0 0 0 0 0 0 0 0 0 0 0 0 0 0 0 0 0 0 0 0 0 0 0 0 0 0 0 0 0 0 0 0 0 0 0 0 0 0 0 0 0 0 0 0 0 0 0 0 0 0 0 0 0 0 0 0 0 0 0 0 0 0 0 0 0 0 0 0 0 0 0 0 0 0 0 0 0 0 0 0 0 0 0 0 0 0 0 0 0 0 0 0 0 0 0 0 0 0 0 0 0 0 0 0 0 0 0 0 0 0 0 0 0 0 0 0 0 0 0 0 0 0 0 0 0 0 0 0 0 0 0 0 0 0 0 0 0 0 0 0 0 0 0 0 0 0 0 0 0 0 0 0 0 0 0 0 0 0 0 0 0 0 0 0 0 0 0 0 0 0 0 0 0 0 0 0 0 0 0 0 0 0 0 0 0 0 0 0 0 0 0 0 0 0 0 0 0 0 0 0 0 0 0 0 0 0 0 0 0 0 0 0 0 0 0 0 0 0 0 0 0 0 0 0 0 0 0 0 0 0 0 0 0 0 0 0 0 0 0 0 0 0 0 0 0 0 0 0 0 0 0 0 0 0 0 0 0 0 0 0 0 0 0 0 0 0 0 0 0 0 0 0 0 0 0 0 0 0 0 0 0 0 0 0 0 0 0 0 0 0 0 0 0 0 0 0 0 0 0 0 0 0 0 0 0 0 0 0 0 0 0 0 0 0 0 0 0 0 0 0 0 0 0 0 0 0 0 0 0 0 0 0 0 0 0 0 0 0 0 0 0 0 0 0 0 0 0 0 0 0 0 0 0 0 0 0 0 0 0 0 0 0 0 0 0 0 0 0 0 0 0 0 0 0 0 0 0 0 0 0 0 0 0 0 0 0 0 0 0 0 0 0 0 0 0 0 0 0 0 0 0 0 0 0 0 0 0 0 0 0 0 0 0 0 0 0 0 0 0 0 0 0 0 0 0 0 0 0 0 0 0 0 0 0 0 0 0 0 0 0 0 0 0 0 0 0 0 0 0 0 0 0 0 0 0 0 0 0 0 0 0 0 0 0 0 0 0 0 0 0 0 0 0 0 0 0 0 0 0 0 0 0 0 0 0 0 0 0 0 0 0 0 0 0 0 0 0 0 0 0 0 0 0 0 0 0 0 0 0 0 0 0 0 0 0 0 0 0 0 0 0 0 0 0 0 0 0 0 0 0 0 0 0 0 0 0 0 0 0 0 0 0 0 0 0 0 0 0 0 0 0 0 0 0 0 0 0 0 0 0 0 0 0 0 0 0 0 0 0 0 0 0 0 0 0 0 0 0 0 0 0 0 0 0 0 0 0 0 0 0 0 0 0 0 0 0 0 0 0 0 0 0 0 0 0 0 0 0 0 0 0 0 0 0 0 0 0 0 0 0 0 0 0 0 0 0 0 0 0 0 0 0 0 0 0 0 0 0 0 0 0 0 0 0 0 0 0 0 0 0 0 0 0 0 0 0 0 0 0 0 0 0 0 0 0 0 0 0 0 0 0 0 0 0 0 0 0 0 0 0 0 0 0 0 0 0 0 0 0 0 0 0 0 0 0 0 0 0 0 0 0 0 0 0 0 0 0 0 0 0 0 0 0 0 0 0 0 0 0 0 0 0 0 0 0 0 0 0 0 0 0 0 0 0 0 0 0 0 0 0 0 0 0 0 0 0 0 0 0 0 0 0 0 0 0 0 0 0 0 0 0 0 0 0 0 0 0 0 0 0 0 0 0 0 0 0 0 0 0 0 0 0 0 0 0 0 0 0 0 0 0 0 0 0 0 0 0 0 0 0 0 0 0 0 0 0 0 0 0 0 0 0 0 0 0 0 0 0 0 0 0 0 0 0 0 0 0 0 0 0 0 0 0 0 0 0 0 0 0 0 0 0 0 0 0 0 0 0 0 0 0 0 0 0 0 0 0 0 0 0 0 0 0 0 0 0 0 0 0 0 0 0 0 0 0 0 0 0 0 0 0 0 0 0 0 0 0 0 0 0 0 0 0 0 0 0 0 0 0 0 0 0 0 0 0 0 0 0 0 0 0 0 0 0 0 0 0 0 0 0 0 0 0 0 0 0 0 0 0 0 0 0 0 0 0 0 0 0 0 0 0 0 0 0 0 0 0 0 0 0 0 0 0 0 0 0 0 0 0 0 0 0 0 0 0 0 0 0 0 0 0 0 0 0 0 0 0 0 0 0 0 0 0 0 0 0 0 0 0 0 0 0 0 0 0 0 0 0 0 0 0 0 0 0 0 0 0 0 0 0 0 0 0 0 0 0 0 0 0 0 0 0 0 0 0 0 0 0 0 0 0 0 0 0 0 0 0 0 0 0 0 0 0 0 0 0 0 0 0 0 0 0 0 0 0 0 0 0 0 0 0 0 0 0 0 0 0 0 0 0 0 0 0 0 0 0 0 0 0 0 0 0 0 0 0 0 0 0 0 0 0 0 0 0 0 0 0 0 0 0 0 0 0 0 0 0 0 0 0 0 0 0 0 0 0 0 0 0 0 0 0 0 0 0 0 0 0 0 0 0 0 0 0 0 0 0 0 0 0 0 0 0 0 0 0 0 0 0 0 0 0 0 0 0 0 0 0 0 0 0 0 0 0 0 0 0 0 0 0 0 0 0 0 0 0 0 0 0 0 0 0 0 0 0 0 0 0 0 0 0 0 0 0 0 0 0 0 0 0 0 0 0 0 0 0 0 0 0 0 0 0 0 0 0 0 0 0 0 0 0 0 0 0 0 0 0 0 0 0 0 0 0 0 0 0 0 0 0 0 0 0 0 0 0 0 0 0 0 0 0 0 0 0 0 0 0 0 0 0 0 0 0 0 0 0 0 0 0 0 0 0 0 0 0 0 0 0 0 0 0 0 0 0 0 0 0 0 0 0 0 0 0 0 0 0 0 0 0 0 0 0 0 0 0 0 0 0 0 0 0 0 0 0 0 0 0 0 0 0 0 0 0 0 0 0 0 0 0 0 0 0 0 0 0 0 0 0 0 0 0 0 0 0 0 0 0 0 0 0 0 0 0 0 0 0 0 0 0 0 0 0 0 0 0 0 0 0 0 0 0 0 0 0 0 0 0 0 0 0 0 0 0 0 0 0 0 0 0 0 0 0 0 0 0 0 0 0 0 0 0 0 0 0 0 0 0 0 0 0 0 0 0 0 0 0 0 0 0 0 0 0 0 0 0 0 0 0 0 0 0 0 0 0 0 0 0 0 0 0 0 0 0 0 0 0 0 0 0 0 0 0 0 0 0 0 0 0 0 0 0 0 0 0 0 0 0 0 0 0 0 0 0 0 0 0 0 0 0 0 0 0 0 0 0 0 0 0 0 0 0 0 0 0 0 0 0 0 0 0 0 0 0 0 0 0 0 0 0 0 0 0 0 0 0 0 0 0 0 0 0 0 0 0 0 0 0 0 0 0 0 0 0 0 0 0 0 0 0 0 0 0 0 0 0 0 0 0 0 0 0 0 0 0 0 0 0 0 0 0 0 0 0 0 0 0 0 0 0 0 0 0 0 0 0 0 0 0 0 0 0 0 0 0 0 0 0 0 0 0 0 0 0 0 0 0 0 0 0 0 0 0 0 0 0 0 0 0 0 0 0 0 0 0 0 0 0 0 0 0 0 0 0 0 0 0 0 0 0 0 0 0 0 0 0 0 0 0 0 0 0 0 0 0 0 0 0 0 0 0 0 0 0 0 0 0 0 0 0 0 0 0 0 0 0 0 0 0 0 0 0 0 0 0 0 0 0 0 0 0 0 0 0 0 0 0 0 0 0 0 0 0 0 0 0 0 0 0 0 0 0 0 0 0 0 0 0 0 0 0 0 0 0 0 0 0 0 0 0 0 0 0 0 0 0 0 0 0 0 0 0 0 0 0 0 0 0 0 0 0 0 0 0 0 0 0 0 0 0 0 0 0 0 0 0 0 0 0 0 0 0 0 0 0 0 0 0 0 0 0 0 0 0 0 0 0 0 0 0 0 0 0 0 0 0 0 0 0 0 0 0 0 0 0 0 0 0 0 0 0 0 0 0 0 0 0 0 0 0 0 0 0 0 0 0 0 0 0 0 0 0 0 0 0 0 0 0 0 0 0 0 0 0 0 0 0 0 0 0 0 0 0 0 0 0 0 0 0 0 0 0 0 0 0 0 0 0 0 0 0 0 0 0 0 0 0 0 0 0 0 0 0 0 0 0 0 0 0 0 0 0 0 0 0 0 0 0 0 0 0 0 0 0 0 0 0 0 0 0 0 0 0 0 0 0 0 0 0 0 0 0 0 0 0 0 0 0 0 0 0 0 0 0 0 0 0 0 0 0 0 0 0 0 0 0 0 0 0 0 0 0 0 0 0 0 0 0 0 0 0 0 0 0 0 0 0 0 0 0 0 0 0 0 0 0 0 0 0 0 0 0 0 0 0 0 0 0 0 0.72375 0.5 0.77625 0.5 0.72375 0.5 0 0 0 0 0 0 0 0 0 0 0 0 0 0 0 0 0 0 0 0 0 0 0 0 0 0 0 0 0 0 0 0 0 0 0 0 0 0 0 0 0 0 0 0 0 0 0 0 0 0 0 0 0 0 0 0 0 0 0 0 0 0 0 0 0 0 0 0 0 0 0 0 0 0 0 0 0 0 0 0 0 0 0 0 0 0 0 0 0 0 0 0 0 0 0 0 0 0 0 0 0 0 0 0 0 0 0 0 0 0 0 0 0 0 0 0 0 0 0 0 0 0 0 0 0 0 0 0 0 0 0 0 0 0 0 0 0 0 0 0 0 0 0 0 0 0 0 0 0 0 0 0 0 0 0 0 0 0 0 0 0 0 0 0 0 0 0 0 0 0 0 0 0 0 0 0 0 0 0 0 0 0 0 0 0 0 0 0 0 0 0 0 0 0 0 0 0 0 0 0 0 0 0 0 0 0 0 0 0 0 0 0 0 0 0 0 0 0 0 0 0 0 0 0 0 0 0 0 0 0 0 0 0 0 0 0 0 0 0 0 0 0 0 0 0 0 0 0 0 0 0 0 0 0 0 0 0 0 0 0 0 0 0 0 0 0 0 0 0 0 0 0 0 0 0 0 0 0 0 0 0 0 0 0 0 0 0 0 0 0 0 0 0 0 0 0 0 0 0 0 0 0 0 0 0 0 0 0 0 0 0 0 0 0 0 0 0 0 0 0 0 0 0 0 0 0 0 0 0 0 0 0 0 0 0 0 0 0 0 0 0 0 0 0 0 0 0 0 0 0 0 0 0 0 0 0 0 0 0 0 0 0 0 0 0 0 0 0 0 0 0 0 0 0 0 0 0 0 0 0 0 0 0 0 0 0 0 0 0 0 0 0 0 0 0 0 0 0 0 0 0 0 0 0 0 0 0 0 0 0 0 0 0 0 0 0 0 0 0 0 0 0 0 0 0 0 0 0 0 0 0 0 0 0 0 0 0 0 0 0 0 0 0 0 0 0 0 0 0 0 0 0 0 0 0 0 0 0 0 0 0 0 0 0 0 0 0 0 0 0 0 0 0 0 0 0 0 0 0 0 0 0 0 0 0 0 0 0 0 0 0 0 0 0 0 0 0 0 0 0 0 0 0 0 0 0 0 0 0 0 0 0 0 0 0 0 0 0 0 0 0 0 0 0 0 0 0 0 0 0 0 0 0 0 0 0 0 0 0 0 0 0 0 0 0 0 0 0 0 0 0 0 0 0 0 0 0 0 0 0 0 0 0 0 0 0 0 0 0 0 0 0 0 0 0 0 0 0 0 0 0 0 0 0 0 0 0 0 0 0 0 0 0 0 0 0 0 0 0 0 0 0 0 0 0 0 0 0 0 0 0 0 0 0 0 0 0 0 0 0 0 0 0 0 0 0 0 0 0 0 0 0 0 0 0 0 0 0 0 0 0 0 0 0 0 0 0 0 0 0 0 0 0 0 0 0 0 0 0 0 0 0 0 0 0 0 0 0 0 0 0 0 0 0 0 0 0 0 0 0 0 0 0 0 0 0 0 0 0 0 0 0 0 0 0 0 0 0 0 0 0 0 0 0 0 0 0 0 0 0 0 0 0 0 0 0 0 0 0 0 0 0 0 0 0 0 0 0 0 0 0 0 0 0 0 0 0 0 0 0 0 0 0 0 0 0 0 0 0 0 0 0 0 0 0 0 0 0 0 0 0 0 0 0 0 0 0 0 0 0 0 0 0 0 0 0 0 0 0 0 0 0 0 0 0 0 0 0 0 0 0 0 0 0 0 0 0 0 0 0 0 0 0 0 0 0 0 0 0 0 0 0 0 0 0 0 0 0 0 0 0 0 0 0 0 0 0 0 0 0 0 0 0 0 0 0 0 0 0 0 0 0 0 0 0 0 0 0 0 0 0 0 0 0 0 0 0 0 0 0 0 0 0 0 0 0 0 0 0 0 0 0 0 0 0 0 0 0 0 0 0 0 0 0 0 0 0 0 0 0 0 0 0 0 0 0 0 0 0 0 0 0 0 0 0 0 0 0 0 0 0 0 0 0 0 0 0 0 0 0 0 0 0 0 0 0 0 0 0 0 0 0 0 0 0 0 0 0 0 0 0 0 0 0 0 0 0 0 0 0 0 0 0 0 0 0 0 0 0 0 0 0 0 0 0 0 0 0 0 0 0 0 0 0 0 0 0 0 0 0 0 0 0 0 0 0 0 0 0 0 0 0 0 0 0 0 0 0 0 0 0 0 0 0 0 0 0 0 0 0 0 0 0 0 0 0 0 0 0 0 0 0 0 0 0 0 0 0 0 0 0 0 0 0 0 0 0 0 0 0 0 0 0 0 0 0 0 0 0 0 0 0 0 0 0 0 0 0 0 0 0 0 0 0 0 0 0 0 0 0 0 0 0 0 0 0 0 0 0 0 0 0 0 0 0 0 0 0 0 0 0 0 0 0 0 0 0 0 0 0 0 0 0 0 0 0 0 0 0 0 0 0 0 0 0 0 0 0 0 0 0 0 0 0 0 0 0 0 0 0 0 0 0 0 0 0 0 0 0 0 0 0 0 0 0 0 0 0 0 0 0 0 0 0 0 0 0 0 0 0 0 0 0 0 0 0 0 0 0 0 0 0 0 0 0 0 0 0 0 0 0 0 0 0 0 0 0 0 0 0 0 0 0 0 0 0 0 0 0 0 0 0 0 0 0 0 0 0 0 0 0 0 0 0 0 0 0 0 0 0 0 0 0 0 0 0 0 0 0 0 0 0 0 0 0 0 0 0 0 0 0 0 0 0 0 0 0 0 0 0 0 0 0 0 0 0 0 0 0 0 0 0 0 0 0 0 0 0 0 0 0 0 0 0 0 0 0 0 0 0 0 0 0 0 0 0 0 0 0 0 0 0 0 0 0 0 0 0 0 0 0 0 0 0 0 0 0 0 0 0 0 0 0 0 0 0 0 0 0 0 0 0 0 0 0 0 0 0 0 0 0 0 0 0 0 0 0 0 0 0 0 0 0 0 0 0 0 0 0 0 0 0 0 0 0 0 0 0 0 0 0 0 0 0 0 0 0 0 0 0 0 0 0 0 0 0 0 0 0 0 0 0 0 0 0 0 0 0 0 0 0 0 0 0 0 0 0 0 0 0 0 0 0 0 0 0 0 0 0 0 0 0 0 0 0 0 0 0 0 0 0 0 0 0 0 0 0 0 0 0 0 0 0 0 0 0 0 0 0 0 0 0 0 0 0 0 0 0 0 0 0 0 0 0 0 0 0 0 0 0 0 0 0 0 0 0 0 0 0 0 0 0 0 0 0 0 0 0 0 0 0 0 0 0 0 0 0 0 0 0 0 0 0 0 0 0 0 0 0 0 0 0 0 0 0 0 0 0 0 0 0 0 0 0 0 0 0 0 0 0 0 0 0 0 0 0 0 0 0 0 0 0 0 0 0 0 0 0 0 0 0 0 0 0 0 0 0 0 0 0 0 0 0 0 0 0 0 0 0 0 0 0 0 0 0 0 0 0 0 0 0 0 0 0 0 0 0 0 0 0 0 0 0 0 0 0 0 0 0 0 0 0 0 0 0 0 0 0 0 0 0 0 0 0 0 0 0 0 0 0 0 0 0 0 0 0 0 0 0 0 0 0 0 0 0 0 0 0 0 0 0 0 0 0 0 0 0 0 0 0 0 0 0 0 0 0 0 0 0 0 0 0 0 0 0 0 0 0 0 0 0 0 0 0 0 0 0 0 0 0 0 0 0 0 0 0 0 0 0 0 0 0 0 0 0 0 0 0 0 0 0 0 0 0 0 0 0 0 0 0 0 0 0 0 0 0 0 0 0 0 0 0 0 0 0 0 0 0 0 0 0 0 0 0 0 0 0 0 0 0 0 0 0 0 0 0 0 0 0 0 0 0 0 0 0 0 0 0 0 0 0 0 0 0 0 0 0 0 0 0 0 0 0 0 0 0 0 0 0 0 0 0 0 0 0 0 0 0 0 0 0 0 0 0 0 0 0 0 0 0 0 0 0 0 0 0 0 0 0 0 0 0 0 0 0 0 0 0 0 0 0 0 0 0 0 0 0 0 0 0 0 0 0 0 0 0 0 0 0 0 0 0 0 0 0 0 0 0 0 0 0 0 0 0 0 0 0 0 0 0 0 0 0 0 0 0 0 0 0 0 0 0 0 0 0 0 0 0 0 0 0 0 0 0 0 0 0 0 0 0 0 0 0 0 0 0 0 0 0 0 0 0 0 0 0 0 0 0 0 0 0 0 0 0 0 0 0 0 0 0 0 0 0 0 0 0 0 0 0 0 0 0 0 0 0 0 0 0 0 0 0 0 0 0 0 0 0 0 0 0 0 0 0 0 0 0 0 0 0 0 0 0 0 0 0 0 0 0 0 0 0 0 0 0 0 0 0 0 0 0 0 0 0 0 0 0 0 0 0 0 0 0 0 0 0 0 0 0 0 0 0 0 0 0 0 0 0 0 0 0 0 0 0 0 0 0 0 0 0 0 0 0 0 0 0 0 0 0 0 0 0 0 0 0 0 0 0 0 0 0 0 0 0 0 0 0 0 0 0 0 0 0 0 0 0 0 0 0 0 0 0 0 0 0 0 0 0 0 0 0 0 0 0 0 0 0 0 0 0 0 0 0 0 0 0 0 0 0 0 0 0 0 0 0 0 0 0 0 0 0 0 0 0 0 0 0 0 0 0 0 0 0 0 0 0 0 0 0 0 0 0 0 0 0 0 0 0 0 0 0 0 0 0 0 0 0 0 0 0 0 0 0 0 0 0 0 0 0 0 0 0 0 0 0 0 0 0 0 0 0 0 0 0 0 0 0 0 0 0 0 0 0 0 0 0 0 0 0 0 0 0 0 0 0 0 0 0 0 0 0 0 0 0 0 0 0 0 0 0 0 0 0 0 0 0 0 0 0 0 0 0 0 0 0 0 0 0 0 0 0 0 0 0 0 0 0 0 0 0 0 0 0 0 0 0 0 0 0 0 0 0 0 0 0 0 0 0 0 0 0 0 0 0 0 0 0 0 0 0 0 0 0 0 0 0 0 0 0 0 0 0 0 0 0 0 0 0 0 0 0 0 0 0 0 0 0 0 0 0 0 0 0 0 0 0 0 0 0 0 0 0 0 0 0 0 0 0 0 0 0 0 0 0 0 0 0 0 0 0 0 0 0 0 0 0 0 0 0 0 0 0 0 0 0 0 0 0 0 0 0 0 0 0 0 0 0 0 0 0 0 0 0 0 0 0 0 0 0 0 0 0 0 0 0 0 0 0 0 0 0 0 0 0 0 0 0 0 0 0 0 0 0 0 0 0 0 0 0 0 0 0 0 0 0 0 0 0 0 0 0 0 0 0 0 0 0 0 0 0 0 0 0 0 0 0 0 0 0 0 0 0 0 0 0 0 0 0 0 0 0 0 0 0 0 0 0 0 0 0 0 0 0 0 0 0 0 0 0 0 0 0 0 0 0 0 0 0 0 0 0 0 0 0 0 0 0 0 0 0 0 0 0 0 0 0 0 0 0 0 0 0 0 0 0 0 0 0 0 0 0 0 0 0 0 0 0 0 0 0 0 0 0 0 0 0 0 0 0 0 0 0 0 0 0 0 0 0 0 0 0 0 0 0 0 0 0 0 0 0 0 0 0 0 0 0 0 0 0 0 0 0 0 0 0 0 0 0 0 0 0 0 0 0 0 0 0 0 0 0 0 0 0 0 0 0 0 0 0 0 0 0 0 0 0 0 0 0 0 0 0 0 0 0 0 0 0 0 0 0 0 0 0 0 0 0 0 0 0 0 0 0 0 0 0 0 0 0 0 0 0 0 0 0 0 0 0 0 0 0 0 0 0 0 0 0 0 0 0 0 0 0 0 0 0 0 0 0 0 0 0 0 0 0 0 0 0 0 0 0 0 0 0 0 0 0 0 0 0 0 0 0 0 0 0 0 0 0 0 0 0 0 0 0 0 0 0 0 0 0 0 0 0 0 0 0 0 0 0 0 0 0 0 0 0 0 0 0 0 0 0 0 0 0 0 0 0 0 0 0 0 0 0 0 0 0 0 0 0 0 0 0 0 0 0 0 0 0 0 0 0 0 0 0 0 0 0 0 0 0 0 0 0 0 0 0 0 0 0 0 0 0 0 0 0 0 0 0 0 0 0 0 0 0 0 0 0 0 0 0 0 0 0 0 0 0 0 0 0 0 0 0 0 0 0 0 0 0 0 0 0 0 0 0 0 0 0 0 0 0 0 0 0 0 0 0 0 0 0 0 0 0 0 0 0 0 0 0 0 0 0 0 0 0 0 0 0 0 0 0 0 0 0 0 0 0 0 0 0 0 0 0 0 0 0 0 0 0 0 0 0 0 0 0 0 0 0 0 0 0 0 0 0 0 0 0 0 0 0 0 0 0 0 0 0 0 0 0 0 0 0 0 0 0 0 0 0 0 0 0 0 0 0 0 0 0 0 0 0 0 0 0 0 0 0 0 0 0 0 0 0 0 0 0 0 0 0 0 0 0 0 0 0 0 0 0 0 0 0 0 0 0 0 0 0 0 0 0 0 0 0 0 0 0 0 0 0 0 0 0 0 0 0 0 0 0 0 0 0 0 0 0 0 0 0 0 0 0 0 0 0 0 0 0 0 0 0 0 0 0 0 0 0 0 0 0 0 0 0 0 0 0 0 0 0 0 0 0 0 0 0 0 0 0 0 0 0 0 0 0 0 0 0 0 0 0 0 0 0 0 0 0 0 0 0 0 0 0 0 0 0 0 0 0 0 0 0 0 0 0 0 0 0 0 0 0 0 0 0 0 0 0 0 0 0 0 0 0 0 0 0 0 0 0 0 0 0 0 0 0 0 0 0 0 0 0 0 0 0 0 0 0 0 0 0 0 0 0 0 0 0 0 0 0 0 0 0 0 0 0 0 0 0 0 0 0 0 0 0 0 0 0 0 0 0 0 0 0 0 0 0 0 0 0 0 0 0 0 0 0 0 0 0 0 0 0 0 0 0 0 0 0 0 0 0 0 0 0 0 0 0 0 0 0 0 0 0 0 0 0 0 0 0 0 0 0 0 0 0 0 0 0 0 0 0 0 0 0 0 0 0 0 0 0 0 0 0 0 0 0 0 0 0 0 0 0 0 0 0 0 0 0 0 0 0 0 0 0 0 0 0 0 0 0 0 0 0 0 0 0 0 0 0 0 0 0 0 0 0 0 0 0 0 0 0 0 0 0 0 0 0 0 0 0 0 0 0 0 0 0 0 0 0 0 0 0 0 0 0 0 0 0 0 0 0 0 0 0 0 0 0 0 0 0 0 0 0 0 0 0 0 0 0 0 0 0 0 0 0 0 0 0 0 0 0 0 0 0 0 0 0 0 0 0 0 0 0 0 0 0 0 0 0 0 0 0 0 0 0 0 0 0 0 0 0 0 0 0 0 0 0 0 0 0 0 0 0 0 0 0 0 0 0 0 0 0 0 0 0 0 0 0 0 0 0 0 0 0 0 0 0 0 0 0 0 0 0 0 0 0 0 0 0 0 0 0 0 0 0 0 0 0 0 0 0 0 0 0 0 0 0 0 0 0 0 0 0 0 0 0 0 0 0 0 0 0 0 0 0 0 0 0 0 0 0 0 0 0 0 0 0 0 0 0 0 0 0 0 0 0 0 0 0 0 0 0 0 0 0 0 0 0 0 0 0 0 0 0 0 0 0 0 0 0 0 0 0 0 0 0 0 0 0 0 0 0 0 0 0 0 0 0 0 0 0 0 0 0 0 0 0 0 0 0 0 0 0 0 0 0 0 0 0 0 0 0 0 0 0 0 0 0 0 0 0 0 0 0 0 0 0 0 0 0 0 0 0 0 0 0 0 0 0 0 0 0 0 0 0 0 0 0 0 0 0 0 0 0 0 0 0 0 0 0 0 0 0 0 0 0 0 0 0 0 0 0 0 0 0 0 0 0 0 0 0 0 0 0 0 0 0 0 0 0 0 0 0 0 0 0 0 0 0 0 0 0 0 0 0 0 0 0 0 0 0 0 0 0 0 0 0 0 0 0 0 0 0 0 0 0 0 0 0 0 0 0 0 0 0 0 0 0 0 0 0 0 0 0 0 0 0 0 0 0 0 0 0 0 0 0 0 0 0 0 0 0 0 0 0 0 0 0 0 0 0 0 0 0 0 0 0 0 0 0 0 0 0 0 0 0 0 0 0 0 0 0 0 0 0 0 0 0 0 0 0 0 0 0 0 0 0 0 0 0 0 0 0 0 0 0 0 0 0 0 0 0 0 0 0 0 0 0 0 0 0 0 0 0 0 0 0 0 0 0 0 0 0 0 0 0 0 0 0 0 0 0 0 0 0 0 0 0 0 0 0 0 0 0 0 0 0 0 0 0 0 0 0 0 0 0 0 0 0 0 0 0 0 0 0 0 0 0 0 0 0 0 0 0 0 0 0 0 0 0 0 0 0 0 0 0 0 0 0 0 0 0 0 0 0 0 0 0 0 0 0 0 0 0 0 0 0 0 0 0 0 0 0 0 0 0 0 0 0 0 0 0 0 0 0 0 0 0 0 0 0 0 0 0 0 0 0 0 0 0 0 0 0 0 0 0 0 0 0 0 0 0 0 0 0 0 0 0 0 0 0 0 0 0 0 0 0 0 0 0 0 0 0 0 0 0 0 0 0 0 0 0 0 0 0 0 0 0 0 0 0 0 0 0 0 0 0 0 0 0 0 0 0 0 0 0 0 0 0 0 0 0 0 0 0 0 0 0 0 0 0 0 0 0 0 0 0 0 0 0 0 0 0 0 0 0 0 0 0 0 0 0 0 0 0 0 0 0 0 0 0 0 0 0 0 0 0 0 0 0 0 0 0 0 0 0 0 0 0 0 0 0 0 0 0 0 0 0 0 0 0 0 0 0 0 0 0 0 0 0 0 0 0 0 0 0 0 0 0 0 0 0 0 0 0 0 0 0 0 0 0 0 0 0 0 0 0 0 0 0 0 0 0 0 0 0 0 0 0 0 0 0 0 0 0 0 0 0 0 0 0 0 0 0 0 0 0 0 0 0 0 0 0 0 0 0 0 0 0 0 0 0 0 0 0 0 0 0 0 0 0 0 0 0 0 0 0 0 0 0 0 0 0 0 0 0 0 0 0 0 0 0 0 0 0 0 0 0 0 0 0 0 0 0 0 0 0 0 0 0 0 0 0 0 0 0 0 0 0 0 0 0 0 0 0 0 0 0 0 0 0 0 0 0 0 0 0 0 0 0 0 0 0 0 0 0 0 0 0 0 0 0 0 0 0 0 0 0 0 0 0 0 0 0 0 0 0 0 0 0 0 0 0 0 0 0 0 0 0 0 0 0 0 0 0 0 0 0 0 0 0 0 0 0 0 0 0 0 0 0 0 0 0 0 0 0 0 0 0 0 0 0 0 0 0 0 0 0 0 0 0 0 0 0 0 0 0 0 0 0 0 0 0 0 0 0 0 0 0 0 0 0 0 0 0 0 0 0 0 0 0 0 0 0 0 0 0 0 0 0 0 0 0 0 0 0 0 0 0 0 0 0 0 0 0 0 0 0 0 0 0 0 0 0 0 0 0 0 0 0 0 0 0 0 0 0 0 0 0 0 0 0 0 0 0 0 0 0 0 0 0 0 0 0 0 0 0 0 0 0 0 0 0 0 0 0 0 0 0 0 0 0 0 0 0 0 0 0 0 0 0 0 0 0 0 0 0 0 0 0 0 0 0 0 0 0 0 0 0 0 0 0 0 0 0 0 0 0 0 0 0 0 0 0 0 0 0 0 0 0 0 0 0 0 0 0 0 0 0 0 0 0 0 0 0 0 0 0 0 0 0 0 0 0 0 0 0 0 0 0 0 0 0 0 0 0 0 0 0 0 0 0 0 0 0 0 0 0 0 0 0 0 0 0 0 0 0 0 0 0 0 0 0 0 0 0 0 0 0 0 0 0 0 0 0 0 0 0 0 0 0 0 0 0 0 0 0 0 0 0 0 0 0 0 0 0 0 0 0 0 0 0 0 0 0 0 0 0 0 0 0 0 0 0 0 0 0 0 0 0 0 0 0 0 0 0 0 0 0 0 0 0 0 0 0 0 0 0 0 0 0 0 0 0 0 0 0 0 0 0 0 0 0 0 0 0 0 0 0 0 0 0 0 0 0 0 0 0 0 0 0 0 0 0 0 0 0 0 0 0 0 0 0 0 0 0 0 0 0 0 0 0 0 0 0 0 0 0 0 0 0 0 0 0 0 0 0 0 0 0 0 0 0 0 0 0 0 0 0 0 0 0 0 0 0 0 0 0 0 0 0 0 0 0 0 0 0 0 0 0 0 0 0 0 0 0 0 0 0 0 0 0 0 0 0 0 0 0 0 0 0 0 0 0 0 0 0 0 0 0 0 0 0 0 0 0 0 0 0 0 0 0 0 0 0 0 0 0 0 0 0 0 0 0 0 0 0 0 0 0 0 0 0 0 0 0 0 0 0 0 0 0 0 0 0 0 0 0 0 0 0 0 0 0 0 0 0 0 0 0 0 0 0 0 0 0 0 0 0 0 0 0 0 0 0 0 0 0 0 0 0 0 0 0 0 0 0 0 0 0 0 0 0 0 0 0 0 0 0 0 0 0 0 0 0 0 0 0 0 0 0 0 0 0 0 0 0 0 0 0 0 0 0 0 0 0 0 0 0 0 0 0 0 0 0 0 0 0 0 0 0 0 0 0 0 0 0 0 0 0 0 0 0 0 0 0 0 0 0 0 0 0 0 0 0 0 0 0 0 0 0 0 0 0 0 0 0 0 0 0 0 0 0 0 0 0 0 0 0 0 0 0 0 0 0 0 0 0 0 0 0 0 0 0 0 0 0 0 0 0 0 0 0 0 0 0 0 0 0 0 0 0 0 0 0 0 0 0 0 0 0 0 0 0 0 0 0 0 0 0 0 0 0 0 0 0 0 0 0 0 0 0 0 0 0 0 0 0 0 0 0 0 0 0 0 0 0 0 0 0 0 0 0 0 0 0 0 0 0 0 0 0 0 0 0 0 0 0 0 0 0 0 0 0 0 0 0 0 0 0 0 0 0 0 0 0 0 0 0 0 0 0 0 0 0 0 0 0 0 0 0 0 0 0 0 0 0 0 0 0 0 0 0 0 0 0 0 0 0 0 0 0 0 0 0 0 0 0 0 0 0 0 0 0 0 0 0 0 0 0 0 0 0 0 0 0 0 0 0 0 0 0 0 0 0 0 0 0 0 0 0 0 0 0 0 0 0 0 0 0 0 0 0 0 0 0 0 0 0 0 0 0 0 0 0 0 0 0 0 0 0 0 0 0 0 0 0 0 0 0 0 0 0 0 0 0 0 0 0 0 0 0 0 0 0 0 0 0 0 0 0 0 0 0 0 0 0 0 0 0 0 0 0 0 0 0 0 0 0 0 0 0 0 0 0 0 0 0 0 0 0 0 0 0 0 0 0 0 0 0 0 0 0 0 0 0 0 0 0 0 0 0 0 0 0 0 0 0 0 0 0 0 0 0 0 0 0 0 0 0 0 0 0 0 0 0 0 0 0 0 0 0 0 0 0 0 0 0 0 0 0 0 0 0 0 0 0 0 0 0 0 0 0 0 0 0 0 0 0 0 0 0 0 0 0 0 0 0 0 0 0 0 0 0 0 0 0 0 0 0 0 0 0 0 0 0 0 0 0 0 0 0 0 0 0 0 0 0 0 0 0 0 0 0 0 0 0 0 0 0 0 0 0 0 0 0 0 0 0 0 0 0 0 0 0 0 0 0 0 0 0 0 0 0 0 0 0 0 0 0 0 0 0 0 0 0 0 0 0 0 0 0 0 0 0 0 0 0 0 0 0 0 0 0 0 0 0 0 0 0 0 0 0 0 0 0 0 0 0 0 0 0 0 0 0 0 0 0 0 0 0 0 0 0 0 0 0 0 0 0 0 0 0 0 0 0 0 0 0 0 0 0 0 0 0 0 0 0 0 0 0 0 0 0 0 0 0 0 0 0 0 0 0 0 0 0 0 0 0 0 0 0 0 0 0 0 0 0 0 0 0 0 0 0 0 0 0 0 0 0 0 0 0 0 0 0 0 0 0 0 0 0 0 0 0 0 0 0 0 0 0 0 0 0 0 0 0 0 0 0 0 0 0 0 0 0 0 0 0 0 0 0 0 0 0 0 0 0 0 0 0 0 0 0 0 0 0 0 0 0 0 0 0 0 0 0 0 0 0 0 0 0 0 0 0 0 0 0 0 0 0 0 0 0 0 0 0 0 0 0 0 0 0 0 0 0 0 0 0 0 0 0 0 0 0 0 0 0 0 0 0 0 0 0 0 0 0 0 0 0 0 0 0 0 0 0 0 0 0 0 0 0 0 0 0 0 0 0 0 0 0 0 0 0 0 0 0 0 0 0 0 0 0 0 0 0 0 0 0 0 0 0 0 0 0 0 0 0 0 0 0 0 0 0 0 0 0 0 0 0 0 0 0 0 0 0 0 0 0 0 0 0 0 0 0 0 0 0 0 0 0 0 0 0 0 0 0 0 0 0 0 0 0 0 0 0 0 0 0 0 0 0 0 0 0 0 0 0 0 0 0 0 0 0 0 0 0 0 0 0 0 0 0 0 0 0 0 0 0 0 0 0 0 0 0 0 0 0 0 0 0 0 0 0 0 0 0 0 0 0 0 0 0 0 0 0 0 0 0 0 0 0 0 0 0 0 0 0 0 0 0 0 0 0 0 0 0 0 0 0 0 0 0 0 0 0 0 0 0 0 0 0 0 0 0 0 0 0 0 0 0 0 0 0 0 0 0 0 0 0 0 0 0 0 0 0 0 0 0 0 0 0 0 0 0 0 0 0 0 0 0 0 0 0 0 0 0 0 0 0 0 0 0 0 0 0 0 0 0 0 0 0 0 0 0 0 0 0 0 0 0 0 0 0 0 0 0 0 0 0 0 0 0 0 0 0 0 0 0 0 0 0 0 0 0 0 0 0 0 0 0 0 0 0 0 0 0 0 0 0 0 0 0 0 0 0 0 0 0 0 0 0 0 0 0 0 0 0 0 0 0 0 0 0 0 0 0 0 0 0 0 0 0 0 0 0 0 0 0 0 0 0 0 0 0 0 0 0 0 0 0 0 0 0 0 0 0 0 0 0 0 0 0 0 0 0 0 0 0 0 0 0 0 0 0 0 0 0 0 0 0 0 0 0 0 0 0 0 0 0 0 0 0 0 0 0 0 0 0 0 0 0 0 0 0 0 0 0 0 0 0 0 0 0 0 0 0 0 0 0 0 0 0 0 0 0 0 0 0 0 0 0 0 0 0 0 0 0 0 0 0 0 0 0 0 0 0 0 0 0 0 0 0 0 0 0 0 0 0 0 0 0 0 0 0 0 0 0 0 0 0 0 0 0 0 0 0 0 0 0 0 0 0 0 0 0 0 0 0 0 0 0 0 0 0 0 0 0 0 0 0 0 0 0 0 0 0 0 0 0 0 0 0 0 0 0 0 0 0 0 0 0 0 0 0 0 0 0 0 0 0 0 0 0 0 0 0 0 0 0 0 0 0 0 0 0 0 0 0 0 0 0 0 0 0 0 0 0 0 0 0 0 0 0 0 0 0 0 0 0 0 0 0 0 0 0 0 0 0 0 0 0 0 0 0 0 0 0 0 0 0 0 0 0 0 0 0 0 0 0 0 0 0 0 0 0 0 0 0 0 0 0 0 0 0 0 0 0 0 0 0 0 0 0 0 0 0 0 0 0 0 0 0 0 0 0 0 0 0 0 0 0 0 0 0 0 0 0 0 0 0 0 0 0 0 0 0 0 0 0 0 0 0 0 0 0 0 0 0 0 0 0 0 0 0 0 0 0 0 0 0 0 0 0 0 0 0 0 0 0 0 0 0 0 0 0 0 0.72375 0.5 0.77625 0.5 0.77625 0.5 0 0 0 0 0 0 0 0 0 0 0 0 0 0 0 0 0 0 0 0 0 0 0 0 0 0 0 0 0 0 0 0 0 0 0 0 0 0 0 0 0 0 0 0 0 0 0 0 0 0 0 0 0 0 0 0 0 0 0 0 0 0 0 0 0 0 0 0 0 0 0 0 0 0 0 0 0 0 0 0 0 0 0 0 0 0 0 0 0 0 0 0 0 0 0 0 0 0 0 0 0 0 0 0 0 0 0 0 0 0 0 0 0 0 0 0 0 0 0 0 0 0 0 0 0 0 0 0 0 0 0 0 0 0 0 0 0 0 0 0 0 0 0 0 0 0 0 0 0 0 0 0 0 0 0 0 0 0 0 0 0 0 0 0 0 0 0 0 0 0 0 0 0 0 0 0 0 0 0 0 0 0 0 0 0 0 0 0 0 0 0 0 0 0 0 0 0 0 0 0 0 0 0 0 0 0 0 0 0 0 0 0 0 0 0 0 0 0 0 0 0 0 0 0 0 0 0 0 0 0 0 0 0 0 0 0 0 0 0 0 0 0 0 0 0 0 0 0 0 0 0 0 0 0 0 0 0 0 0 0 0 0 0 0 0 0 0 0 0 0 0 0 0 0 0 0 0 0 0 0 0 0 0 0 0 0 0 0 0 0 0 0 0 0 0 0 0 0 0 0 0 0 0 0 0 0 0 0 0 0 0 0 0 0 0 0 0 0 0 0 0 0 0 0 0 0 0 0 0 0 0 0 0 0 0 0 0 0 0 0 0 0 0 0 0 0 0 0 0 0 0 0 0 0 0 0 0 0 0 0 0 0 0 0 0 0 0 0 0 0 0 0 0 0 0 0 0 0 0 0 0 0 0 0 0 0 0 0 0 0 0 0 0 0 0 0 0 0 0 0 0 0 0 0 0 0 0 0 0 0 0 0 0 0 0 0 0 0 0 0 0 0 0 0 0 0 0 0 0 0 0 0 0 0 0 0 0 0 0 0 0 0 0 0 0 0 0 0 0 0 0 0 0 0 0 0 0 0 0 0 0 0 0 0 0 0 0 0 0 0 0 0 0 0 0 0 0 0 0 0 0 0 0 0 0 0 0 0 0 0 0 0 0 0 0 0 0 0 0 0 0 0 0 0 0 0 0 0 0 0 0 0 0 0 0 0 0 0 0 0 0 0 0 0 0 0 0 0 0 0 0 0 0 0 0 0 0 0 0 0 0 0 0 0 0 0 0 0 0 0 0 0 0 0 0 0 0 0 0 0 0 0 0 0 0 0 0 0 0 0 0 0 0 0 0 0 0 0 0 0 0 0 0 0 0 0 0 0 0 0 0 0 0 0 0 0 0 0 0 0 0 0 0 0 0 0 0 0 0 0 0 0 0 0 0 0 0 0 0 0 0 0 0 0 0 0 0 0 0 0 0 0 0 0 0 0 0 0 0 0 0 0 0 0 0 0 0 0 0 0 0 0 0 0 0 0 0 0 0 0 0 0 0 0 0 0 0 0 0 0 0 0 0 0 0 0 0 0 0 0 0 0 0 0 0 0 0 0 0 0 0 0 0 0 0 0 0 0 0 0 0 0 0 0 0 0 0 0 0 0 0 0 0 0 0 0 0 0 0 0 0 0 0 0 0 0 0 0 0 0 0 0 0 0 0 0 0 0 0 0 0 0 0 0 0 0 0 0 0 0 0 0 0 0 0 0 0 0 0 0 0 0 0 0 0 0 0 0 0 0 0 0 0 0 0 0 0 0 0 0 0 0 0 0 0 0 0 0 0 0 0 0 0 0 0 0 0 0 0 0 0 0 0 0 0 0 0 0 0 0 0 0 0 0 0 0 0 0 0 0 0 0 0 0 0 0 0 0</float_array>
          <technique_common>
            <accessor source="#gelsight-mini-franka-finger-2-v2_002-mesh-map-0-array" count="6648" stride="2">
              <param name="S" type="float"/>
              <param name="T" type="float"/>
            </accessor>
          </technique_common>
        </source>
        <vertices id="gelsight-mini-franka-finger-2-v2_002-mesh-vertices">
          <input semantic="POSITION" source="#gelsight-mini-franka-finger-2-v2_002-mesh-positions"/>
        </vertices>
        <triangles count="2216">
          <input semantic="VERTEX" source="#gelsight-mini-franka-finger-2-v2_002-mesh-vertices" offset="0"/>
          <input semantic="NORMAL" source="#gelsight-mini-franka-finger-2-v2_002-mesh-normals" offset="1"/>
          <input semantic="TEXCOORD" source="#gelsight-mini-franka-finger-2-v2_002-mesh-map-0" offset="2" set="0"/>
          <p>1 0 0 2 0 1 4 0 2 4 1 3 2 1 4 7 1 5 4 2 6 7 2 7 8 2 8 8 3 9 7 3 10 10 3 11 8 4 12 10 4 13 12 4 14 12 5 15 10 5 16 14 5 17 12 6 18 14 6 19 16 6 20 16 7 21 14 7 22 18 7 23 16 8 24 18 8 25 20 8 26 20 9 27 18 9 28 23 9 29 20 10 30 23 10 31 24 10 32 24 11 33 23 11 34 26 11 35 24 12 36 26 12 37 28 12 38 28 13 39 26 13 40 30 13 41 28 14 42 30 14 43 32 14 44 32 15 45 30 15 46 35 15 47 32 16 48 35 16 49 36 16 50 36 17 51 35 17 52 38 17 53 36 18 54 38 18 55 40 18 56 40 19 57 38 19 58 42 19 59 40 20 60 42 20 61 45 20 62 45 21 63 42 21 64 46 21 65 45 22 66 46 22 67 48 22 68 48 23 69 46 23 70 50 23 71 48 24 72 50 24 73 52 24 74 52 25 75 50 25 76 54 25 77 52 26 78 54 26 79 56 26 80 56 27 81 54 27 82 59 27 83 56 28 84 59 28 85 61 28 86 61 29 87 59 29 88 62 29 89 61 30 90 62 30 91 64 30 92 64 31 93 62 31 94 66 31 95 64 32 96 66 32 97 68 32 98 68 33 99 66 33 100 70 33 101 68 34 102 70 34 103 72 34 104 72 35 105 70 35 106 75 35 107 72 36 108 75 36 109 76 36 110 76 37 111 75 37 112 78 37 113 76 38 114 78 38 115 80 38 116 80 39 117 78 39 118 82 39 119 80 40 120 82 40 121 84 40 122 84 41 123 82 41 124 86 41 125 84 42 126 86 42 127 88 42 128 88 43 129 86 43 130 91 43 131 88 44 132 91 44 133 93 44 134 93 45 135 91 45 136 95 45 137 93 46 138 95 46 139 97 46 140 97 47 141 95 47 142 99 47 143 97 48 144 99 48 145 1 48 146 1 49 147 99 49 148 2 49 149 1 50 150 4 50 151 101 50 152 101 51 153 4 51 154 8 51 155 101 52 156 8 52 157 103 52 158 103 53 159 8 53 160 12 53 161 103 54 162 12 54 163 105 54 164 105 55 165 12 55 166 16 55 167 105 56 168 16 56 169 106 56 170 106 57 171 16 57 172 20 57 173 106 58 174 20 58 175 109 58 176 109 59 177 20 59 178 24 59 179 109 60 180 24 60 181 110 60 182 110 61 183 24 61 184 28 61 185 110 62 186 28 62 187 112 62 188 112 63 189 28 63 190 32 63 191 112 64 192 32 64 193 114 64 194 114 65 195 32 65 196 36 65 197 114 66 198 36 66 199 116 66 200 116 67 201 36 67 202 40 67 203 116 68 204 40 68 205 118 68 206 118 69 207 40 69 208 45 69 209 118 70 210 45 70 211 120 70 212 120 71 213 45 71 214 48 71 215 120 72 216 48 72 217 123 72 218 123 73 219 48 73 220 52 73 221 123 74 222 52 74 223 124 74 224 124 75 225 52 75 226 56 75 227 124 76 228 56 76 229 127 76 230 127 77 231 56 77 232 61 77 233 127 78 234 61 78 235 129 78 236 129 79 237 61 79 238 64 79 239 129 80 240 64 80 241 130 80 242 130 81 243 64 81 244 68 81 245 130 82 246 68 82 247 132 82 248 132 83 249 68 83 250 72 83 251 132 84 252 72 84 253 134 84 254 134 85 255 72 85 256 76 85 257 134 86 258 76 86 259 137 86 260 137 87 261 76 87 262 80 87 263 137 88 264 80 88 265 139 88 266 139 89 267 80 89 268 84 89 269 139 90 270 84 90 271 140 90 272 140 91 273 84 91 274 88 91 275 140 92 276 88 92 277 143 92 278 143 93 279 88 93 280 93 93 281 143 94 282 93 94 283 144 94 284 144 95 285 93 95 286 97 95 287 144 96 288 97 96 289 147 96 290 147 97 291 97 97 292 1 97 293 147 98 294 1 98 295 101 98 296 149 99 297 150 99 298 152 99 299 152 100 300 150 100 301 154 100 302 152 101 303 154 101 304 156 101 305 156 102 306 154 102 307 159 102 308 156 103 309 159 103 310 161 103 311 161 104 312 159 104 313 163 104 314 161 105 315 163 105 316 165 105 317 165 106 318 163 106 319 166 106 320 165 107 321 166 107 322 168 107 323 168 108 324 166 108 325 170 108 326 168 109 327 170 109 328 172 109 329 172 110 330 170 110 331 175 110 332 172 111 333 175 111 334 176 111 335 176 112 336 175 112 337 178 112 338 176 113 339 178 113 340 180 113 341 180 114 342 178 114 343 182 114 344 180 115 345 182 115 346 184 115 347 184 116 348 182 116 349 186 116 350 184 117 351 186 117 352 188 117 353 188 118 354 186 118 355 191 118 356 188 119 357 191 119 358 193 119 359 193 120 360 191 120 361 194 120 362 193 121 363 194 121 364 196 121 365 196 122 366 194 122 367 199 122 368 196 123 369 199 123 370 201 123 371 201 124 372 199 124 373 203 124 374 201 125 375 203 125 376 205 125 377 205 126 378 203 126 379 207 126 380 205 127 381 207 127 382 209 127 383 209 128 384 207 128 385 211 128 386 209 129 387 211 129 388 213 129 389 213 130 390 211 130 391 215 130 392 213 131 393 215 131 394 217 131 395 217 132 396 215 132 397 219 132 398 217 133 399 219 133 400 221 133 401 221 134 402 219 134 403 223 134 404 221 135 405 223 135 406 225 135 407 225 136 408 223 136 409 227 136 410 225 137 411 227 137 412 229 137 413 229 138 414 227 138 415 231 138 416 229 139 417 231 139 418 233 139 419 233 140 420 231 140 421 235 140 422 233 141 423 235 141 424 237 141 425 237 142 426 235 142 427 238 142 428 237 143 429 238 143 430 240 143 431 240 144 432 238 144 433 242 144 434 240 145 435 242 145 436 244 145 437 244 146 438 242 146 439 247 146 440 244 147 441 247 147 442 149 147 443 149 148 444 247 148 445 150 148 446 149 149 447 152 149 448 249 149 449 249 150 450 152 150 451 156 150 452 249 151 453 156 151 454 250 151 455 250 152 456 156 152 457 161 152 458 250 153 459 161 153 460 252 153 461 252 154 462 161 154 463 165 154 464 252 155 465 165 155 466 255 155 467 255 156 468 165 156 469 168 156 470 255 157 471 168 157 472 257 157 473 257 158 474 168 158 475 172 158 476 257 159 477 172 159 478 259 159 479 259 160 480 172 160 481 176 160 482 259 161 483 176 161 484 261 161 485 261 162 486 176 162 487 180 162 488 261 163 489 180 163 490 263 163 491 263 164 492 180 164 493 184 164 494 263 165 495 184 165 496 265 165 497 265 166 498 184 166 499 188 166 500 265 167 501 188 167 502 266 167 503 266 168 504 188 168 505 193 168 506 266 169 507 193 169 508 268 169 509 268 170 510 193 170 511 196 170 512 268 171 513 196 171 514 271 171 515 271 172 516 196 172 517 201 172 518 271 173 519 201 173 520 272 173 521 272 174 522 201 174 523 205 174 524 272 175 525 205 175 526 274 175 527 274 176 528 205 176 529 209 176 530 274 177 531 209 177 532 277 177 533 277 178 534 209 178 535 213 178 536 277 179 537 213 179 538 279 179 539 279 180 540 213 180 541 217 180 542 279 181 543 217 181 544 281 181 545 281 182 546 217 182 547 221 182 548 281 183 549 221 183 550 283 183 551 283 184 552 221 184 553 225 184 554 283 185 555 225 185 556 285 185 557 285 186 558 225 186 559 229 186 560 285 187 561 229 187 562 287 187 563 287 188 564 229 188 565 233 188 566 287 189 567 233 189 568 289 189 569 289 190 570 233 190 571 237 190 572 289 191 573 237 191 574 290 191 575 290 192 576 237 192 577 240 192 578 290 193 579 240 193 580 293 193 581 293 194 582 240 194 583 244 194 584 293 195 585 244 195 586 294 195 587 294 196 588 244 196 589 149 196 590 294 197 591 149 197 592 249 197 593 296 198 594 299 198 595 301 198 596 301 199 597 299 199 598 303 199 599 303 200 600 299 200 601 304 200 602 306 201 603 301 201 604 308 201 605 308 202 606 301 202 607 303 202 608 311 203 609 313 203 610 308 203 611 308 204 612 313 204 613 306 204 614 306 205 615 313 205 616 315 205 617 317 206 618 313 206 619 319 206 620 319 207 621 313 207 622 311 207 623 319 208 624 311 208 625 321 208 626 319 209 627 321 209 628 323 209 629 323 210 630 321 210 631 325 210 632 323 211 633 325 211 634 326 211 635 326 212 636 325 212 637 328 212 638 326 213 639 328 213 640 330 213 641 330 214 642 328 214 643 332 214 644 330 215 645 332 215 646 334 215 647 334 216 648 332 216 649 336 216 650 334 217 651 336 217 652 338 217 653 338 218 654 336 218 655 340 218 656 338 219 657 342 219 658 334 219 659 334 220 660 342 220 661 330 220 662 342 221 663 344 221 664 330 221 665 330 222 666 344 222 667 326 222 668 344 223 669 347 223 670 326 223 671 326 224 672 347 224 673 323 224 674 347 225 675 348 225 676 323 225 677 323 226 678 348 226 679 319 226 680 348 227 681 350 227 682 319 227 683 319 228 684 350 228 685 317 228 686 350 229 687 353 229 688 317 229 689 317 230 690 353 230 691 355 230 692 355 231 693 353 231 694 357 231 695 355 232 696 357 232 697 359 232 698 359 233 699 357 233 700 361 233 701 359 234 702 361 234 703 363 234 704 10 235 705 7 235 706 364 235 707 364 236 708 7 236 709 2 236 710 364 237 711 2 237 712 99 237 713 95 238 714 166 238 715 99 238 716 99 239 717 166 239 718 163 239 719 99 240 720 163 240 721 366 240 722 366 241 723 163 241 724 159 241 725 366 242 726 159 242 727 154 242 728 166 243 729 95 243 730 170 243 731 170 244 732 95 244 733 91 244 734 170 245 735 91 245 736 175 245 737 175 246 738 91 246 739 86 246 740 175 247 741 86 247 742 178 247 743 178 248 744 86 248 745 82 248 746 178 249 747 82 249 748 182 249 749 182 250 750 82 250 751 78 250 752 182 251 753 78 251 754 186 251 755 186 252 756 78 252 757 75 252 758 186 253 759 75 253 760 303 253 761 303 254 762 75 254 763 70 254 764 303 255 765 70 255 766 66 255 767 66 256 768 62 256 769 303 256 770 303 257 771 62 257 772 59 257 773 303 258 774 59 258 775 308 258 776 308 259 777 59 259 778 54 259 779 308 260 780 54 260 781 50 260 782 50 261 783 46 261 784 308 261 785 308 262 786 46 262 787 42 262 788 308 263 789 42 263 790 38 263 791 38 264 792 35 264 793 308 264 794 308 265 795 35 265 796 369 265 797 308 266 798 369 266 799 371 266 800 35 267 801 30 267 802 369 267 803 369 268 804 30 268 805 373 268 806 373 269 807 30 269 808 26 269 809 373 270 810 26 270 811 375 270 812 375 271 813 26 271 814 23 271 815 375 272 816 23 272 817 18 272 818 14 273 819 364 273 820 18 273 821 18 274 822 364 274 823 377 274 824 18 275 825 377 275 826 379 275 827 14 276 828 10 276 829 364 276 830 154 277 831 150 277 832 366 277 833 366 278 834 150 278 835 381 278 836 366 279 837 381 279 838 383 279 839 150 280 840 247 280 841 381 280 842 381 281 843 247 281 844 242 281 845 381 282 846 242 282 847 238 282 848 238 283 849 235 283 850 381 283 851 381 284 852 235 284 853 231 284 854 381 285 855 231 285 856 385 285 857 385 286 858 231 286 859 227 286 860 385 287 861 227 287 862 223 287 863 223 288 864 219 288 865 385 288 866 385 289 867 219 289 868 215 289 869 385 290 870 215 290 871 211 290 872 211 291 873 207 291 874 385 291 875 385 292 876 207 292 877 387 292 878 385 293 879 387 293 880 389 293 881 389 294 882 387 294 883 391 294 884 391 295 885 387 295 886 392 295 887 392 296 888 387 296 889 394 296 890 394 297 891 387 297 892 396 297 893 396 298 894 387 298 895 398 298 896 398 299 897 387 299 898 400 299 899 207 300 900 203 300 901 387 300 902 387 301 903 203 301 904 303 301 905 387 302 906 303 302 907 402 302 908 402 303 909 303 303 910 304 303 911 402 304 912 304 304 913 405 304 914 405 305 915 304 305 916 407 305 917 407 306 918 304 306 919 409 306 920 409 307 921 304 307 922 411 307 923 411 308 924 304 308 925 413 308 926 203 309 927 199 309 928 303 309 929 303 310 930 199 310 931 194 310 932 303 311 933 194 311 934 191 311 935 191 312 936 186 312 937 303 312 938 308 313 939 371 313 940 311 313 941 311 314 942 371 314 943 340 314 944 311 315 945 340 315 946 336 315 947 383 316 948 415 316 949 366 316 950 366 317 951 415 317 952 416 317 953 366 318 954 416 318 955 418 318 956 418 319 957 420 319 958 366 319 959 366 320 960 420 320 961 422 320 962 366 321 963 422 321 964 425 321 965 366 322 966 364 322 967 99 322 968 379 323 969 375 323 970 18 323 971 336 324 972 332 324 973 311 324 974 311 325 975 332 325 976 328 325 977 311 326 978 328 326 979 325 326 980 325 327 981 321 327 982 311 327 983 299 328 984 427 328 985 304 328 986 304 329 987 427 329 988 429 329 989 304 330 990 429 330 991 413 330 992 413 331 993 429 331 994 431 331 995 413 332 996 431 332 997 411 332 998 411 333 999 431 333 1000 432 333 1001 411 334 1002 432 334 1003 409 334 1004 409 335 1005 432 335 1006 434 335 1007 409 336 1008 434 336 1009 407 336 1010 407 337 1011 434 337 1012 436 337 1013 407 338 1014 436 338 1015 405 338 1016 405 339 1017 436 339 1018 439 339 1019 439 340 1020 436 340 1021 440 340 1022 440 341 1023 436 341 1024 442 341 1025 442 342 1026 436 342 1027 434 342 1028 442 343 1029 434 343 1030 444 343 1031 444 344 1032 434 344 1033 432 344 1034 444 345 1035 432 345 1036 447 345 1037 447 346 1038 432 346 1039 431 346 1040 447 347 1041 431 347 1042 449 347 1043 449 348 1044 431 348 1045 429 348 1046 449 349 1047 429 349 1048 427 349 1049 449 350 1050 427 350 1051 451 350 1052 451 351 1053 427 351 1054 452 351 1055 451 352 1056 452 352 1057 454 352 1058 454 353 1059 452 353 1060 457 353 1061 454 354 1062 457 354 1063 459 354 1064 459 355 1065 457 355 1066 461 355 1067 467 356 1068 464 356 1069 468 356 1070 468 357 1071 464 357 1072 470 357 1073 468 358 1074 470 358 1075 472 358 1076 472 359 1077 470 359 1078 474 359 1079 472 360 1080 474 360 1081 477 360 1082 477 361 1083 474 361 1084 479 361 1085 477 362 1086 479 362 1087 481 362 1088 481 363 1089 479 363 1090 482 363 1091 481 364 1092 482 364 1093 373 364 1094 373 365 1095 482 365 1096 369 365 1097 383 366 1098 381 366 1099 484 366 1100 484 367 1101 381 367 1102 486 367 1103 484 368 1104 486 368 1105 488 368 1106 484 369 1107 488 369 1108 490 369 1109 490 370 1110 488 370 1111 492 370 1112 490 371 1113 492 371 1114 494 371 1115 494 372 1116 492 372 1117 496 372 1118 494 373 1119 496 373 1120 499 373 1121 499 374 1122 496 374 1123 501 374 1124 499 375 1125 501 375 1126 503 375 1127 503 376 1128 501 376 1129 505 376 1130 503 377 1131 505 377 1132 507 377 1133 507 378 1134 505 378 1135 509 378 1136 507 379 1137 509 379 1138 511 379 1139 511 380 1140 509 380 1141 512 380 1142 511 381 1143 512 381 1144 515 381 1145 515 382 1146 366 382 1147 511 382 1148 511 383 1149 366 383 1150 425 383 1151 511 384 1152 425 384 1153 507 384 1154 507 385 1155 425 385 1156 422 385 1157 507 386 1158 422 386 1159 503 386 1160 503 387 1161 422 387 1162 420 387 1163 503 388 1164 420 388 1165 499 388 1166 499 389 1167 420 389 1168 418 389 1169 499 390 1170 418 390 1171 494 390 1172 494 391 1173 418 391 1174 416 391 1175 494 392 1176 416 392 1177 490 392 1178 490 393 1179 416 393 1180 415 393 1181 490 394 1182 415 394 1183 484 394 1184 484 395 1185 415 395 1186 383 395 1187 486 396 1188 381 396 1189 516 396 1190 516 397 1191 381 397 1192 385 397 1193 400 398 1194 387 398 1195 518 398 1196 518 399 1197 387 399 1198 520 399 1199 518 400 1200 520 400 1201 522 400 1202 518 401 1203 522 401 1204 524 401 1205 524 402 1206 522 402 1207 526 402 1208 524 403 1209 526 403 1210 528 403 1211 528 404 1212 526 404 1213 530 404 1214 528 405 1215 530 405 1216 533 405 1217 533 406 1218 530 406 1219 534 406 1220 533 407 1221 534 407 1222 536 407 1223 536 408 1224 534 408 1225 538 408 1226 536 409 1227 538 409 1228 540 409 1229 540 410 1230 538 410 1231 542 410 1232 540 411 1233 542 411 1234 544 411 1235 544 412 1236 542 412 1237 546 412 1238 544 413 1239 546 413 1240 516 413 1241 516 414 1242 385 414 1243 544 414 1244 544 415 1245 385 415 1246 389 415 1247 544 416 1248 389 416 1249 540 416 1250 540 417 1251 389 417 1252 391 417 1253 540 418 1254 391 418 1255 536 418 1256 536 419 1257 391 419 1258 392 419 1259 536 420 1260 392 420 1261 533 420 1262 533 421 1263 392 421 1264 394 421 1265 533 422 1266 394 422 1267 528 422 1268 528 423 1269 394 423 1270 396 423 1271 528 424 1272 396 424 1273 524 424 1274 524 425 1275 396 425 1276 398 425 1277 524 426 1278 398 426 1279 518 426 1280 518 427 1281 398 427 1282 400 427 1283 468 428 1284 548 428 1285 467 428 1286 467 429 1287 548 429 1288 551 429 1289 467 430 1290 551 430 1291 553 430 1292 468 431 1293 472 431 1294 548 431 1295 548 432 1296 472 432 1297 555 432 1298 548 433 1299 555 433 1300 557 433 1301 557 434 1302 555 434 1303 559 434 1304 559 435 1305 555 435 1306 561 435 1307 561 436 1308 555 436 1309 477 436 1310 561 437 1311 477 437 1312 481 437 1313 472 438 1314 477 438 1315 555 438 1316 557 439 1317 551 439 1318 548 439 1319 481 440 1320 373 440 1321 561 440 1322 561 441 1323 373 441 1324 563 441 1325 563 442 1326 373 442 1327 375 442 1328 564 443 1329 566 443 1330 364 443 1331 364 444 1332 566 444 1333 377 444 1334 377 445 1335 566 445 1336 568 445 1337 377 446 1338 568 446 1339 570 446 1340 377 447 1341 570 447 1342 379 447 1343 379 448 1344 570 448 1345 572 448 1346 379 449 1347 572 449 1348 375 449 1349 375 450 1350 572 450 1351 563 450 1352 575 451 1353 561 451 1354 577 451 1355 577 452 1356 561 452 1357 563 452 1358 577 453 1359 563 453 1360 570 453 1361 570 454 1362 563 454 1363 572 454 1364 575 455 1365 578 455 1366 561 455 1367 561 456 1368 578 456 1369 559 456 1370 559 457 1371 578 457 1372 580 457 1373 559 458 1374 580 458 1375 557 458 1376 557 459 1377 580 459 1378 582 459 1379 557 460 1380 582 460 1381 551 460 1382 551 461 1383 582 461 1384 584 461 1385 551 462 1386 584 462 1387 553 462 1388 589 463 1389 591 463 1390 593 463 1391 593 464 1392 591 464 1393 595 464 1394 596 465 1395 599 465 1396 601 465 1397 601 466 1398 599 466 1399 603 466 1400 601 467 1401 605 467 1402 596 467 1403 596 468 1404 605 468 1405 607 468 1406 608 469 1407 607 469 1408 611 469 1409 611 470 1410 607 470 1411 605 470 1412 613 471 1413 608 471 1414 614 471 1415 614 472 1416 608 472 1417 611 472 1418 616 473 1419 603 473 1420 619 473 1421 619 474 1422 603 474 1423 599 474 1424 619 475 1425 589 475 1426 616 475 1427 616 476 1428 589 476 1429 593 476 1430 250 477 1431 620 477 1432 249 477 1433 249 478 1434 620 478 1435 622 478 1436 249 479 1437 622 479 1438 294 479 1439 294 480 1440 622 480 1441 624 480 1442 294 481 1443 624 481 1444 293 481 1445 293 482 1446 624 482 1447 626 482 1448 293 483 1449 626 483 1450 290 483 1451 290 484 1452 626 484 1453 628 484 1454 290 485 1455 628 485 1456 289 485 1457 289 486 1458 628 486 1459 630 486 1460 289 487 1461 630 487 1462 287 487 1463 287 488 1464 630 488 1465 632 488 1466 287 489 1467 632 489 1468 285 489 1469 285 490 1470 632 490 1471 635 490 1472 285 491 1473 635 491 1474 283 491 1475 283 492 1476 635 492 1477 636 492 1478 283 493 1479 636 493 1480 281 493 1481 281 494 1482 636 494 1483 638 494 1484 281 495 1485 638 495 1486 279 495 1487 279 496 1488 638 496 1489 641 496 1490 279 497 1491 641 497 1492 277 497 1493 277 498 1494 641 498 1495 643 498 1496 277 499 1497 643 499 1498 274 499 1499 274 500 1500 643 500 1501 645 500 1502 274 501 1503 645 501 1504 272 501 1505 272 502 1506 645 502 1507 647 502 1508 272 503 1509 647 503 1510 271 503 1511 271 504 1512 647 504 1513 649 504 1514 271 505 1515 649 505 1516 268 505 1517 268 506 1518 649 506 1519 651 506 1520 268 507 1521 651 507 1522 266 507 1523 266 508 1524 651 508 1525 653 508 1526 266 509 1527 653 509 1528 265 509 1529 265 510 1530 653 510 1531 655 510 1532 265 511 1533 655 511 1534 263 511 1535 263 512 1536 655 512 1537 657 512 1538 263 513 1539 657 513 1540 261 513 1541 261 514 1542 657 514 1543 658 514 1544 261 515 1545 658 515 1546 259 515 1547 259 516 1548 658 516 1549 661 516 1550 259 517 1551 661 517 1552 257 517 1553 257 518 1554 661 518 1555 663 518 1556 257 519 1557 663 519 1558 255 519 1559 255 520 1560 663 520 1561 665 520 1562 255 521 1563 665 521 1564 252 521 1565 252 522 1566 665 522 1567 667 522 1568 252 523 1569 667 523 1570 250 523 1571 250 524 1572 667 524 1573 620 524 1574 668 525 1575 671 525 1576 613 525 1577 613 526 1578 671 526 1579 673 526 1580 613 527 1581 673 527 1582 674 527 1583 673 528 1584 671 528 1585 676 528 1586 676 529 1587 671 529 1588 591 529 1589 676 530 1590 591 530 1591 678 530 1592 678 531 1593 591 531 1594 680 531 1595 680 532 1596 591 532 1597 683 532 1598 683 533 1599 591 533 1600 684 533 1601 684 534 1602 591 534 1603 686 534 1604 686 535 1605 591 535 1606 689 535 1607 689 536 1608 591 536 1609 589 536 1610 689 537 1611 589 537 1612 691 537 1613 691 538 1614 589 538 1615 692 538 1616 692 539 1617 589 539 1618 695 539 1619 695 540 1620 589 540 1621 697 540 1622 697 541 1623 589 541 1624 698 541 1625 698 542 1626 589 542 1627 701 542 1628 701 543 1629 589 543 1630 619 543 1631 701 544 1632 619 544 1633 703 544 1634 703 545 1635 619 545 1636 704 545 1637 704 546 1638 619 546 1639 599 546 1640 704 547 1641 599 547 1642 667 547 1643 667 548 1644 599 548 1645 620 548 1646 620 549 1647 599 549 1648 622 549 1649 622 550 1650 599 550 1651 596 550 1652 622 551 1653 596 551 1654 624 551 1655 624 552 1656 596 552 1657 626 552 1658 626 553 1659 596 553 1660 628 553 1661 628 554 1662 596 554 1663 630 554 1664 630 555 1665 596 555 1666 632 555 1667 632 556 1668 596 556 1669 635 556 1670 635 557 1671 596 557 1672 607 557 1673 635 558 1674 607 558 1675 636 558 1676 636 559 1677 607 559 1678 638 559 1679 638 560 1680 607 560 1681 641 560 1682 641 561 1683 607 561 1684 643 561 1685 643 562 1686 607 562 1687 645 562 1688 645 563 1689 607 563 1690 647 563 1691 647 564 1692 607 564 1693 608 564 1694 647 565 1695 608 565 1696 613 565 1697 667 566 1698 665 566 1699 704 566 1700 704 567 1701 665 567 1702 706 567 1703 706 568 1704 665 568 1705 663 568 1706 706 569 1707 663 569 1708 709 569 1709 709 570 1710 663 570 1711 711 570 1712 711 571 1713 663 571 1714 661 571 1715 711 572 1716 661 572 1717 713 572 1718 713 573 1719 661 573 1720 658 573 1721 713 574 1722 658 574 1723 657 574 1724 713 575 1725 657 575 1726 715 575 1727 715 576 1728 657 576 1729 655 576 1730 715 577 1731 655 577 1732 717 577 1733 717 578 1734 655 578 1735 653 578 1736 717 579 1737 653 579 1738 719 579 1739 719 580 1740 653 580 1741 613 580 1742 719 581 1743 613 581 1744 674 581 1745 653 582 1746 651 582 1747 613 582 1748 613 583 1749 651 583 1750 649 583 1751 613 584 1752 649 584 1753 647 584 1754 103 585 1755 698 585 1756 101 585 1757 101 586 1758 698 586 1759 701 586 1760 101 587 1761 701 587 1762 147 587 1763 147 588 1764 701 588 1765 703 588 1766 147 589 1767 703 589 1768 144 589 1769 144 590 1770 703 590 1771 704 590 1772 144 591 1773 704 591 1774 143 591 1775 143 592 1776 704 592 1777 706 592 1778 143 593 1779 706 593 1780 140 593 1781 140 594 1782 706 594 1783 709 594 1784 140 595 1785 709 595 1786 139 595 1787 139 596 1788 709 596 1789 711 596 1790 139 597 1791 711 597 1792 137 597 1793 137 598 1794 711 598 1795 713 598 1796 137 599 1797 713 599 1798 134 599 1799 134 600 1800 713 600 1801 715 600 1802 134 601 1803 715 601 1804 132 601 1805 132 602 1806 715 602 1807 717 602 1808 132 603 1809 717 603 1810 130 603 1811 130 604 1812 717 604 1813 719 604 1814 130 605 1815 719 605 1816 129 605 1817 129 606 1818 719 606 1819 674 606 1820 129 607 1821 674 607 1822 127 607 1823 127 608 1824 674 608 1825 673 608 1826 127 609 1827 673 609 1828 124 609 1829 124 610 1830 673 610 1831 676 610 1832 124 611 1833 676 611 1834 123 611 1835 123 612 1836 676 612 1837 678 612 1838 123 613 1839 678 613 1840 120 613 1841 120 614 1842 678 614 1843 680 614 1844 120 615 1845 680 615 1846 118 615 1847 118 616 1848 680 616 1849 683 616 1850 118 617 1851 683 617 1852 116 617 1853 116 618 1854 683 618 1855 684 618 1856 116 619 1857 684 619 1858 114 619 1859 114 620 1860 684 620 1861 686 620 1862 114 621 1863 686 621 1864 112 621 1865 112 622 1866 686 622 1867 689 622 1868 112 623 1869 689 623 1870 110 623 1871 110 624 1872 689 624 1873 691 624 1874 110 625 1875 691 625 1876 109 625 1877 109 626 1878 691 626 1879 692 626 1880 109 627 1881 692 627 1882 106 627 1883 106 628 1884 692 628 1885 695 628 1886 106 629 1887 695 629 1888 105 629 1889 105 630 1890 695 630 1891 697 630 1892 105 631 1893 697 631 1894 103 631 1895 103 632 1896 697 632 1897 698 632 1898 515 633 1899 564 633 1900 366 633 1901 366 634 1902 564 634 1903 364 634 1904 721 635 1905 577 635 1906 722 635 1907 722 636 1908 577 636 1909 595 636 1910 595 637 1911 577 637 1912 570 637 1913 595 638 1914 570 638 1915 593 638 1916 593 639 1917 570 639 1918 568 639 1919 593 640 1920 568 640 1921 616 640 1922 616 641 1923 568 641 1924 566 641 1925 616 642 1926 566 642 1927 564 642 1928 564 643 1929 515 643 1930 616 643 1931 616 644 1932 515 644 1933 603 644 1934 603 645 1935 515 645 1936 512 645 1937 603 646 1938 512 646 1939 509 646 1940 509 647 1941 505 647 1942 603 647 1943 603 648 1944 505 648 1945 501 648 1946 603 649 1947 501 649 1948 496 649 1949 496 650 1950 492 650 1951 603 650 1952 603 651 1953 492 651 1954 488 651 1955 603 652 1956 488 652 1957 486 652 1958 516 653 1959 605 653 1960 486 653 1961 486 654 1962 605 654 1963 601 654 1964 486 655 1965 601 655 1966 603 655 1967 605 656 1968 516 656 1969 611 656 1970 611 657 1971 516 657 1972 546 657 1973 611 658 1974 546 658 1975 542 658 1976 542 659 1977 538 659 1978 611 659 1979 611 660 1980 538 660 1981 534 660 1982 611 661 1983 534 661 1984 530 661 1985 530 662 1986 526 662 1987 611 662 1988 611 663 1989 526 663 1990 522 663 1991 611 664 1992 522 664 1993 520 664 1994 520 665 1995 725 665 1996 611 665 1997 611 666 1998 725 666 1999 614 666 2000 614 667 2001 725 667 2002 726 667 2003 402 668 2004 725 668 2005 387 668 2006 387 669 2007 725 669 2008 520 669 2009 725 670 2010 728 670 2011 730 670 2012 730 671 2013 728 671 2014 732 671 2015 730 672 2016 732 672 2017 734 672 2018 734 673 2019 732 673 2020 737 673 2021 734 674 2022 737 674 2023 739 674 2024 739 675 2025 740 675 2026 734 675 2027 734 676 2028 740 676 2029 743 676 2030 730 677 2031 734 677 2032 744 677 2033 744 678 2034 734 678 2035 746 678 2036 744 679 2037 746 679 2038 748 679 2039 748 680 2040 746 680 2041 751 680 2042 751 681 2043 746 681 2044 753 681 2045 753 682 2046 746 682 2047 755 682 2048 755 683 2049 746 683 2050 757 683 2051 748 684 2052 759 684 2053 744 684 2054 744 685 2055 759 685 2056 577 685 2057 744 686 2058 577 686 2059 721 686 2060 730 687 2061 726 687 2062 725 687 2063 728 688 2064 725 688 2065 439 688 2066 439 689 2067 725 689 2068 405 689 2069 405 690 2070 725 690 2071 402 690 2072 722 691 2073 595 691 2074 671 691 2075 671 692 2076 595 692 2077 591 692 2078 459 693 2079 461 693 2080 361 693 2081 361 694 2082 461 694 2083 363 694 2084 744 695 2085 761 695 2086 763 695 2087 763 696 2088 761 696 2089 765 696 2090 763 697 2091 765 697 2092 766 697 2093 763 698 2094 769 698 2095 744 698 2096 744 699 2097 769 699 2098 730 699 2099 730 700 2100 769 700 2101 770 700 2102 770 701 2103 769 701 2104 773 701 2105 773 702 2106 769 702 2107 775 702 2108 317 703 2109 355 703 2110 776 703 2111 776 704 2112 355 704 2113 765 704 2114 776 705 2115 765 705 2116 761 705 2117 355 706 2118 359 706 2119 765 706 2120 765 707 2121 359 707 2122 766 707 2123 766 708 2124 359 708 2125 363 708 2126 766 709 2127 363 709 2128 763 709 2129 763 710 2130 363 710 2131 769 710 2132 769 711 2133 363 711 2134 461 711 2135 770 712 2136 773 712 2137 778 712 2138 778 713 2139 773 713 2140 452 713 2141 778 714 2142 452 714 2143 427 714 2144 452 715 2145 773 715 2146 457 715 2147 457 716 2148 773 716 2149 775 716 2150 457 717 2151 775 717 2152 461 717 2153 461 718 2154 775 718 2155 769 718 2156 759 719 2157 338 719 2158 577 719 2159 577 720 2160 338 720 2161 340 720 2162 577 721 2163 340 721 2164 371 721 2165 746 722 2166 734 722 2167 781 722 2168 781 723 2169 734 723 2170 783 723 2171 781 724 2172 783 724 2173 785 724 2174 785 725 2175 783 725 2176 787 725 2177 787 726 2178 783 726 2179 788 726 2180 787 727 2181 788 727 2182 791 727 2183 791 728 2184 792 728 2185 787 728 2186 787 729 2187 792 729 2188 795 729 2189 787 730 2190 795 730 2191 797 730 2192 797 731 2193 799 731 2194 787 731 2195 801 732 2196 803 732 2197 785 732 2198 785 733 2199 803 733 2200 805 733 2201 785 734 2202 805 734 2203 806 734 2204 806 735 2205 809 735 2206 785 735 2207 785 736 2208 809 736 2209 810 736 2210 785 737 2211 810 737 2212 781 737 2213 783 738 2214 734 738 2215 812 738 2216 812 739 2217 734 739 2218 743 739 2219 812 740 2220 743 740 2221 815 740 2222 815 741 2223 743 741 2224 740 741 2225 815 742 2226 740 742 2227 817 742 2228 817 743 2229 740 743 2230 739 743 2231 817 744 2232 739 744 2233 819 744 2234 819 745 2235 739 745 2236 737 745 2237 819 746 2238 737 746 2239 821 746 2240 821 747 2241 737 747 2242 732 747 2243 821 748 2244 732 748 2245 728 748 2246 728 749 2247 439 749 2248 821 749 2249 821 750 2250 439 750 2251 822 750 2252 821 751 2253 822 751 2254 819 751 2255 819 752 2256 822 752 2257 824 752 2258 819 753 2259 824 753 2260 817 753 2261 817 754 2262 824 754 2263 827 754 2264 817 755 2265 827 755 2266 815 755 2267 815 756 2268 827 756 2269 828 756 2270 815 757 2271 828 757 2272 812 757 2273 812 758 2274 828 758 2275 830 758 2276 812 759 2277 830 759 2278 783 759 2279 788 760 2280 783 760 2281 832 760 2282 832 761 2283 783 761 2284 830 761 2285 832 762 2286 830 762 2287 828 762 2288 832 763 2289 828 763 2290 835 763 2291 835 764 2292 828 764 2293 827 764 2294 835 765 2295 827 765 2296 837 765 2297 837 766 2298 827 766 2299 824 766 2300 837 767 2301 824 767 2302 839 767 2303 839 768 2304 824 768 2305 822 768 2306 839 769 2307 822 769 2308 841 769 2309 841 770 2310 822 770 2311 439 770 2312 841 771 2313 439 771 2314 440 771 2315 841 772 2316 440 772 2317 842 772 2318 842 773 2319 440 773 2320 442 773 2321 842 774 2322 442 774 2323 845 774 2324 845 775 2325 442 775 2326 444 775 2327 845 776 2328 444 776 2329 846 776 2330 846 777 2331 444 777 2332 447 777 2333 846 778 2334 447 778 2335 848 778 2336 848 779 2337 447 779 2338 449 779 2339 848 780 2340 449 780 2341 850 780 2342 850 781 2343 449 781 2344 451 781 2345 850 782 2346 451 782 2347 852 782 2348 852 783 2349 451 783 2350 454 783 2351 852 784 2352 454 784 2353 854 784 2354 854 785 2355 454 785 2356 459 785 2357 854 786 2358 856 786 2359 852 786 2360 852 787 2361 856 787 2362 859 787 2363 852 788 2364 859 788 2365 850 788 2366 850 789 2367 859 789 2368 861 789 2369 850 790 2370 861 790 2371 848 790 2372 848 791 2373 861 791 2374 863 791 2375 848 792 2376 863 792 2377 846 792 2378 846 793 2379 863 793 2380 864 793 2381 846 794 2382 864 794 2383 845 794 2384 845 795 2385 864 795 2386 866 795 2387 845 796 2388 866 796 2389 842 796 2390 842 797 2391 866 797 2392 869 797 2393 842 798 2394 869 798 2395 841 798 2396 841 799 2397 869 799 2398 839 799 2399 856 800 2400 871 800 2401 859 800 2402 859 801 2403 871 801 2404 873 801 2405 859 802 2406 873 802 2407 861 802 2408 861 803 2409 873 803 2410 875 803 2411 861 804 2412 875 804 2413 863 804 2414 863 805 2415 875 805 2416 877 805 2417 863 806 2418 877 806 2419 864 806 2420 864 807 2421 877 807 2422 879 807 2423 864 808 2424 879 808 2425 866 808 2426 866 809 2427 879 809 2428 881 809 2429 866 810 2430 881 810 2431 869 810 2432 869 811 2433 881 811 2434 883 811 2435 869 812 2436 883 812 2437 839 812 2438 839 813 2439 883 813 2440 837 813 2441 871 814 2442 884 814 2443 873 814 2444 873 815 2445 884 815 2446 886 815 2447 873 816 2448 886 816 2449 875 816 2450 875 817 2451 886 817 2452 889 817 2453 875 818 2454 889 818 2455 877 818 2456 877 819 2457 889 819 2458 890 819 2459 877 820 2460 890 820 2461 879 820 2462 879 821 2463 890 821 2464 893 821 2465 879 822 2466 893 822 2467 881 822 2468 881 823 2469 893 823 2470 895 823 2471 881 824 2472 895 824 2473 883 824 2474 883 825 2475 895 825 2476 897 825 2477 883 826 2478 897 826 2479 837 826 2480 837 827 2481 897 827 2482 835 827 2483 884 828 2484 899 828 2485 886 828 2486 886 829 2487 899 829 2488 901 829 2489 886 830 2490 901 830 2491 889 830 2492 889 831 2493 901 831 2494 903 831 2495 889 832 2496 903 832 2497 890 832 2498 890 833 2499 903 833 2500 905 833 2501 890 834 2502 905 834 2503 893 834 2504 893 835 2505 905 835 2506 907 835 2507 893 836 2508 907 836 2509 895 836 2510 895 837 2511 907 837 2512 909 837 2513 895 838 2514 909 838 2515 897 838 2516 897 839 2517 909 839 2518 910 839 2519 897 840 2520 910 840 2521 835 840 2522 835 841 2523 910 841 2524 832 841 2525 899 842 2526 787 842 2527 901 842 2528 901 843 2529 787 843 2530 799 843 2531 901 844 2532 799 844 2533 903 844 2534 903 845 2535 799 845 2536 797 845 2537 903 846 2538 797 846 2539 905 846 2540 905 847 2541 797 847 2542 795 847 2543 905 848 2544 795 848 2545 907 848 2546 907 849 2547 795 849 2548 792 849 2549 907 850 2550 792 850 2551 909 850 2552 909 851 2553 792 851 2554 791 851 2555 909 852 2556 791 852 2557 910 852 2558 910 853 2559 791 853 2560 788 853 2561 910 854 2562 788 854 2563 832 854 2564 899 855 2565 913 855 2566 787 855 2567 787 856 2568 913 856 2569 915 856 2570 787 857 2571 915 857 2572 785 857 2573 785 858 2574 915 858 2575 917 858 2576 917 859 2577 915 859 2578 919 859 2579 919 860 2580 915 860 2581 921 860 2582 919 861 2583 921 861 2584 922 861 2585 922 862 2586 921 862 2587 925 862 2588 922 863 2589 925 863 2590 927 863 2591 927 864 2592 925 864 2593 928 864 2594 927 865 2595 928 865 2596 930 865 2597 930 866 2598 928 866 2599 933 866 2600 930 867 2601 933 867 2602 361 867 2603 361 868 2604 933 868 2605 934 868 2606 361 869 2607 934 869 2608 459 869 2609 459 870 2610 934 870 2611 854 870 2612 854 871 2613 934 871 2614 856 871 2615 856 872 2616 934 872 2617 936 872 2618 856 873 2619 936 873 2620 871 873 2621 871 874 2622 936 874 2623 939 874 2624 871 875 2625 939 875 2626 884 875 2627 884 876 2628 939 876 2629 940 876 2630 884 877 2631 940 877 2632 899 877 2633 899 878 2634 940 878 2635 913 878 2636 921 879 2637 915 879 2638 913 879 2639 921 880 2640 913 880 2641 940 880 2642 925 881 2643 921 881 2644 940 881 2645 925 882 2646 940 882 2647 939 882 2648 928 883 2649 925 883 2650 939 883 2651 928 884 2652 939 884 2653 936 884 2654 933 885 2655 928 885 2656 936 885 2657 933 886 2658 936 886 2659 934 886 2660 801 887 2661 785 887 2662 942 887 2663 942 888 2664 785 888 2665 917 888 2666 942 889 2667 917 889 2668 919 889 2669 942 890 2670 919 890 2671 944 890 2672 944 891 2673 919 891 2674 922 891 2675 944 892 2676 922 892 2677 947 892 2678 947 893 2679 922 893 2680 927 893 2681 947 894 2682 927 894 2683 948 894 2684 948 895 2685 927 895 2686 930 895 2687 948 896 2688 930 896 2689 950 896 2690 950 897 2691 930 897 2692 361 897 2693 950 898 2694 361 898 2695 357 898 2696 950 899 2697 357 899 2698 953 899 2699 953 900 2700 357 900 2701 353 900 2702 953 901 2703 353 901 2704 954 901 2705 954 902 2706 353 902 2707 350 902 2708 954 903 2709 350 903 2710 956 903 2711 956 904 2712 350 904 2713 348 904 2714 956 905 2715 348 905 2716 958 905 2717 958 906 2718 348 906 2719 347 906 2720 958 907 2721 347 907 2722 960 907 2723 960 908 2724 347 908 2725 344 908 2726 960 909 2727 344 909 2728 962 909 2729 962 910 2730 344 910 2731 342 910 2732 962 911 2733 342 911 2734 965 911 2735 965 912 2736 342 912 2737 338 912 2738 965 913 2739 966 913 2740 962 913 2741 962 914 2742 966 914 2743 968 914 2744 962 915 2745 968 915 2746 960 915 2747 960 916 2748 968 916 2749 970 916 2750 960 917 2751 970 917 2752 958 917 2753 958 918 2754 970 918 2755 972 918 2756 958 919 2757 972 919 2758 956 919 2759 956 920 2760 972 920 2761 975 920 2762 956 921 2763 975 921 2764 954 921 2765 954 922 2766 975 922 2767 976 922 2768 954 923 2769 976 923 2770 953 923 2771 953 924 2772 976 924 2773 979 924 2774 953 925 2775 979 925 2776 950 925 2777 950 926 2778 979 926 2779 948 926 2780 966 927 2781 981 927 2782 968 927 2783 968 928 2784 981 928 2785 983 928 2786 968 929 2787 983 929 2788 970 929 2789 970 930 2790 983 930 2791 985 930 2792 970 931 2793 985 931 2794 972 931 2795 972 932 2796 985 932 2797 987 932 2798 972 933 2799 987 933 2800 975 933 2801 975 934 2802 987 934 2803 988 934 2804 975 935 2805 988 935 2806 976 935 2807 976 936 2808 988 936 2809 990 936 2810 976 937 2811 990 937 2812 979 937 2813 979 938 2814 990 938 2815 992 938 2816 979 939 2817 992 939 2818 948 939 2819 948 940 2820 992 940 2821 947 940 2822 981 941 2823 995 941 2824 983 941 2825 983 942 2826 995 942 2827 997 942 2828 983 943 2829 997 943 2830 985 943 2831 985 944 2832 997 944 2833 999 944 2834 985 945 2835 999 945 2836 987 945 2837 987 946 2838 999 946 2839 1000 946 2840 987 947 2841 1000 947 2842 988 947 2843 988 948 2844 1000 948 2845 1002 948 2846 988 949 2847 1002 949 2848 990 949 2849 990 950 2850 1002 950 2851 1004 950 2852 990 951 2853 1004 951 2854 992 951 2855 992 952 2856 1004 952 2857 1006 952 2858 992 953 2859 1006 953 2860 947 953 2861 947 954 2862 1006 954 2863 944 954 2864 995 955 2865 1009 955 2866 997 955 2867 997 956 2868 1009 956 2869 1010 956 2870 997 957 2871 1010 957 2872 999 957 2873 999 958 2874 1010 958 2875 1012 958 2876 999 959 2877 1012 959 2878 1000 959 2879 1000 960 2880 1012 960 2881 1015 960 2882 1000 961 2883 1015 961 2884 1002 961 2885 1002 962 2886 1015 962 2887 1016 962 2888 1002 963 2889 1016 963 2890 1004 963 2891 1004 964 2892 1016 964 2893 1019 964 2894 1004 965 2895 1019 965 2896 1006 965 2897 1006 966 2898 1019 966 2899 1021 966 2900 1006 967 2901 1021 967 2902 944 967 2903 944 968 2904 1021 968 2905 942 968 2906 1009 969 2907 781 969 2908 1010 969 2909 1010 970 2910 781 970 2911 810 970 2912 1010 971 2913 810 971 2914 1012 971 2915 1012 972 2916 810 972 2917 809 972 2918 1012 973 2919 809 973 2920 1015 973 2921 1015 974 2922 809 974 2923 806 974 2924 1015 975 2925 806 975 2926 1016 975 2927 1016 976 2928 806 976 2929 805 976 2930 1016 977 2931 805 977 2932 1019 977 2933 1019 978 2934 805 978 2935 803 978 2936 1019 979 2937 803 979 2938 1021 979 2939 1021 980 2940 803 980 2941 801 980 2942 1021 981 2943 801 981 2944 942 981 2945 338 982 2946 759 982 2947 1023 982 2948 1023 983 2949 759 983 2950 748 983 2951 1023 984 2952 748 984 2953 1024 984 2954 1024 985 2955 748 985 2956 751 985 2957 1024 986 2958 751 986 2959 1026 986 2960 1026 987 2961 751 987 2962 753 987 2963 1026 988 2964 753 988 2965 1028 988 2966 1028 989 2967 753 989 2968 755 989 2969 1028 990 2970 755 990 2971 1030 990 2972 1030 991 2973 755 991 2974 757 991 2975 1030 992 2976 757 992 2977 746 992 2978 746 993 2979 781 993 2980 1030 993 2981 1030 994 2982 781 994 2983 1009 994 2984 1030 995 2985 1009 995 2986 1028 995 2987 1028 996 2988 1009 996 2989 995 996 2990 1028 997 2991 995 997 2992 1026 997 2993 1026 998 2994 995 998 2995 981 998 2996 1026 999 2997 981 999 2998 1024 999 2999 1024 1000 3000 981 1000 3001 966 1000 3002 1024 1001 3003 966 1001 3004 1023 1001 3005 1023 1002 3006 966 1002 3007 965 1002 3008 1023 1003 3009 965 1003 3010 338 1003 3011 306 1004 3012 315 1004 3013 668 1004 3014 668 1005 3015 315 1005 3016 721 1005 3017 668 1006 3018 721 1006 3019 722 1006 3020 776 1007 3021 761 1007 3022 315 1007 3023 315 1008 3024 761 1008 3025 721 1008 3026 761 1009 3027 744 1009 3028 721 1009 3029 722 1010 3030 671 1010 3031 668 1010 3032 315 1011 3033 313 1011 3034 776 1011 3035 776 1012 3036 313 1012 3037 317 1012 3038 301 1013 3039 306 1013 3040 613 1013 3041 613 1014 3042 306 1014 3043 668 1014 3044 301 1015 3045 613 1015 3046 296 1015 3047 296 1016 3048 613 1016 3049 726 1016 3050 296 1017 3051 726 1017 3052 770 1017 3053 770 1018 3054 726 1018 3055 730 1018 3056 613 1019 3057 614 1019 3058 726 1019 3059 770 1020 3060 778 1020 3061 296 1020 3062 296 1021 3063 778 1021 3064 299 1021 3065 299 1022 3066 778 1022 3067 427 1022 3068 1048 1023 3069 487 1023 3070 584 1023 3071 584 1024 3072 1069 1024 3073 553 1024 3074 1044 1025 3075 553 1025 3076 483 1025 3077 479 1026 3078 1032 1026 3079 482 1026 3080 482 1027 3081 1032 1027 3082 578 1027 3083 482 1028 3084 578 1028 3085 575 1028 3086 479 1029 3087 474 1029 3088 1032 1029 3089 1032 1030 3090 474 1030 3091 1035 1030 3092 1032 1031 3093 1035 1031 3094 580 1031 3095 580 1032 3096 1035 1032 3097 582 1032 3098 582 1033 3099 1035 1033 3100 584 1033 3101 584 1034 3102 1035 1034 3103 470 1034 3104 584 1035 3105 470 1035 3106 464 1035 3107 474 1036 3108 470 1036 3109 1035 1036 3110 580 1037 3111 578 1037 3112 1032 1037 3113 482 1038 3114 575 1038 3115 369 1038 3116 369 1039 3117 575 1039 3118 577 1039 3119 369 1040 3120 577 1040 3121 371 1040 3122 1069 1041 3123 1092 1041 3124 1093 1041 3125 1044 1042 3126 3 1042 3127 1045 1042 3128 5 1043 3129 1045 1043 3130 3 1043 3131 6 1044 3132 1046 1044 3133 5 1044 3134 9 1045 3135 11 1045 3136 0 1045 3137 0 1046 3138 11 1046 3139 13 1046 3140 0 1047 3141 13 1047 3142 15 1047 3143 17 1048 3144 1048 1048 3145 1049 1048 3146 9 1049 3147 17 1049 3148 19 1049 3149 9 1050 3150 19 1050 3151 21 1050 3152 1050 1051 3153 22 1051 3154 1051 1051 3155 25 1052 3156 1051 1052 3157 22 1052 3158 27 1053 3159 1052 1053 3160 25 1053 3161 29 1054 3162 1047 1054 3163 6 1054 3164 31 1055 3165 1054 1055 3166 29 1055 3167 33 1056 3168 1055 1056 3169 31 1056 3170 34 1057 3171 1056 1057 3172 33 1057 3173 1058 1058 3174 34 1058 3175 37 1058 3176 1059 1059 3177 37 1059 3178 39 1059 3179 1060 1060 3180 39 1060 3181 41 1060 3182 1061 1061 3183 41 1061 3184 43 1061 3185 1062 1062 3186 43 1062 3187 44 1062 3188 47 1063 3189 49 1063 3190 44 1063 3191 44 1064 3192 49 1064 3193 22 1064 3194 1050 1065 3195 44 1065 3196 22 1065 3197 49 1066 3198 47 1066 3199 51 1066 3200 51 1067 3201 47 1067 3202 53 1067 3203 51 1068 3204 53 1068 3205 55 1068 3206 55 1069 3207 53 1069 3208 57 1069 3209 55 1070 3210 57 1070 3211 58 1070 3212 58 1071 3213 57 1071 3214 60 1071 3215 58 1072 3216 60 1072 3217 63 1072 3218 63 1073 3219 60 1073 3220 65 1073 3221 63 1074 3222 65 1074 3223 67 1074 3224 67 1075 3225 65 1075 3226 69 1075 3227 67 1076 3228 69 1076 3229 71 1076 3230 71 1077 3231 69 1077 3232 73 1077 3233 71 1078 3234 73 1078 3235 74 1078 3236 74 1079 3237 73 1079 3238 77 1079 3239 74 1080 3240 77 1080 3241 79 1080 3242 79 1081 3243 77 1081 3244 81 1081 3245 79 1082 3246 81 1082 3247 83 1082 3248 83 1083 3249 81 1083 3250 85 1083 3251 83 1084 3252 85 1084 3253 87 1084 3254 87 1085 3255 85 1085 3256 89 1085 3257 87 1086 3258 89 1086 3259 90 1086 3260 90 1087 3261 89 1087 3262 92 1087 3263 90 1088 3264 92 1088 3265 94 1088 3266 94 1089 3267 92 1089 3268 11 1089 3269 94 1090 3270 11 1090 3271 9 1090 3272 15 1091 3273 96 1091 3274 0 1091 3275 0 1092 3276 96 1092 3277 98 1092 3278 0 1093 3279 98 1093 3280 100 1093 3281 100 1094 3282 102 1094 3283 0 1094 3284 0 1095 3285 102 1095 3286 104 1095 3287 0 1096 3288 104 1096 3289 107 1096 3290 107 1097 3291 108 1097 3292 0 1097 3293 0 1098 3294 108 1098 3295 3 1098 3296 111 1099 3297 1053 1099 3298 27 1099 3299 113 1100 3300 1064 1100 3301 111 1100 3302 115 1101 3303 1065 1101 3304 113 1101 3305 115 1102 3306 1067 1102 3307 1066 1102 3308 117 1103 3309 1068 1103 3310 1067 1103 3311 119 1104 3312 1070 1104 3313 1068 1104 3314 121 1105 3315 1071 1105 3316 1070 1105 3317 122 1106 3318 1072 1106 3319 1071 1106 3320 125 1107 3321 1049 1107 3322 1072 1107 3323 21 1108 3324 126 1108 3325 9 1108 3326 9 1109 3327 126 1109 3328 128 1109 3329 9 1110 3330 128 1110 3331 131 1110 3332 131 1111 3333 133 1111 3334 9 1111 3335 9 1112 3336 133 1112 3337 135 1112 3338 9 1113 3339 135 1113 3340 136 1113 3341 136 1114 3342 138 1114 3343 9 1114 3344 9 1115 3345 138 1115 3346 94 1115 3347 71 1116 3348 141 1116 3349 67 1116 3350 67 1117 3351 141 1117 3352 142 1117 3353 67 1118 3354 142 1118 3355 63 1118 3356 63 1119 3357 142 1119 3358 145 1119 3359 63 1120 3360 145 1120 3361 58 1120 3362 58 1121 3363 145 1121 3364 146 1121 3365 58 1122 3366 146 1122 3367 55 1122 3368 55 1123 3369 146 1123 3370 148 1123 3371 55 1124 3372 148 1124 3373 51 1124 3374 51 1125 3375 148 1125 3376 151 1125 3377 51 1126 3378 151 1126 3379 49 1126 3380 49 1127 3381 151 1127 3382 153 1127 3383 49 1128 3384 153 1128 3385 22 1128 3386 22 1129 3387 153 1129 3388 155 1129 3389 22 1130 3390 155 1130 3391 25 1130 3392 25 1131 3393 155 1131 3394 157 1131 3395 25 1132 3396 157 1132 3397 27 1132 3398 27 1133 3399 157 1133 3400 158 1133 3401 27 1134 3402 158 1134 3403 111 1134 3404 111 1135 3405 158 1135 3406 160 1135 3407 111 1136 3408 160 1136 3409 113 1136 3410 113 1137 3411 160 1137 3412 162 1137 3413 113 1138 3414 162 1138 3415 115 1138 3416 115 1139 3417 162 1139 3418 164 1139 3419 115 1140 3420 164 1140 3421 117 1140 3422 117 1141 3423 164 1141 3424 167 1141 3425 117 1142 3426 167 1142 3427 119 1142 3428 119 1143 3429 167 1143 3430 169 1143 3431 119 1144 3432 169 1144 3433 121 1144 3434 121 1145 3435 169 1145 3436 171 1145 3437 121 1146 3438 171 1146 3439 122 1146 3440 122 1147 3441 171 1147 3442 173 1147 3443 122 1148 3444 173 1148 3445 125 1148 3446 125 1149 3447 173 1149 3448 174 1149 3449 125 1150 3450 174 1150 3451 17 1150 3452 17 1151 3453 174 1151 3454 177 1151 3455 17 1152 3456 177 1152 3457 19 1152 3458 19 1153 3459 177 1153 3460 179 1153 3461 19 1154 3462 179 1154 3463 21 1154 3464 21 1155 3465 179 1155 3466 181 1155 3467 21 1156 3468 181 1156 3469 126 1156 3470 126 1157 3471 181 1157 3472 183 1157 3473 126 1158 3474 183 1158 3475 128 1158 3476 128 1159 3477 183 1159 3478 185 1159 3479 128 1160 3480 185 1160 3481 131 1160 3482 131 1161 3483 185 1161 3484 187 1161 3485 131 1162 3486 187 1162 3487 133 1162 3488 133 1163 3489 187 1163 3490 189 1163 3491 133 1164 3492 189 1164 3493 135 1164 3494 135 1165 3495 189 1165 3496 190 1165 3497 135 1166 3498 190 1166 3499 136 1166 3500 136 1167 3501 190 1167 3502 192 1167 3503 136 1168 3504 192 1168 3505 138 1168 3506 138 1169 3507 192 1169 3508 195 1169 3509 138 1170 3510 195 1170 3511 94 1170 3512 94 1171 3513 195 1171 3514 197 1171 3515 94 1172 3516 197 1172 3517 90 1172 3518 90 1173 3519 197 1173 3520 198 1173 3521 90 1174 3522 198 1174 3523 87 1174 3524 87 1175 3525 198 1175 3526 200 1175 3527 87 1176 3528 200 1176 3529 83 1176 3530 83 1177 3531 200 1177 3532 202 1177 3533 83 1178 3534 202 1178 3535 79 1178 3536 79 1179 3537 202 1179 3538 204 1179 3539 79 1180 3540 204 1180 3541 74 1180 3542 74 1181 3543 204 1181 3544 206 1181 3545 74 1182 3546 206 1182 3547 71 1182 3548 71 1183 3549 206 1183 3550 141 1183 3551 145 1184 3552 142 1184 3553 208 1184 3554 208 1185 3555 142 1185 3556 141 1185 3557 208 1186 3558 141 1186 3559 210 1186 3560 210 1187 3561 141 1187 3562 206 1187 3563 210 1188 3564 206 1188 3565 212 1188 3566 212 1189 3567 206 1189 3568 204 1189 3569 212 1190 3570 204 1190 3571 214 1190 3572 214 1191 3573 204 1191 3574 202 1191 3575 214 1192 3576 202 1192 3577 200 1192 3578 214 1193 3579 200 1193 3580 216 1193 3581 216 1194 3582 200 1194 3583 198 1194 3584 216 1195 3585 198 1195 3586 218 1195 3587 218 1196 3588 198 1196 3589 197 1196 3590 218 1197 3591 197 1197 3592 220 1197 3593 220 1198 3594 197 1198 3595 195 1198 3596 220 1199 3597 195 1199 3598 192 1199 3599 220 1200 3600 192 1200 3601 222 1200 3602 222 1201 3603 192 1201 3604 190 1201 3605 222 1202 3606 190 1202 3607 224 1202 3608 224 1203 3609 190 1203 3610 189 1203 3611 224 1204 3612 189 1204 3613 187 1204 3614 224 1205 3615 187 1205 3616 226 1205 3617 226 1206 3618 187 1206 3619 185 1206 3620 226 1207 3621 185 1207 3622 228 1207 3623 228 1208 3624 185 1208 3625 183 1208 3626 228 1209 3627 183 1209 3628 230 1209 3629 230 1210 3630 183 1210 3631 181 1210 3632 230 1211 3633 181 1211 3634 179 1211 3635 230 1212 3636 179 1212 3637 232 1212 3638 232 1213 3639 179 1213 3640 177 1213 3641 232 1214 3642 177 1214 3643 234 1214 3644 234 1215 3645 177 1215 3646 174 1215 3647 234 1216 3648 174 1216 3649 236 1216 3650 236 1217 3651 174 1217 3652 173 1217 3653 236 1218 3654 173 1218 3655 171 1218 3656 236 1219 3657 171 1219 3658 239 1219 3659 239 1220 3660 171 1220 3661 169 1220 3662 239 1221 3663 169 1221 3664 241 1221 3665 241 1222 3666 169 1222 3667 167 1222 3668 241 1223 3669 167 1223 3670 243 1223 3671 243 1224 3672 167 1224 3673 164 1224 3674 243 1225 3675 164 1225 3676 162 1225 3677 243 1226 3678 162 1226 3679 245 1226 3680 245 1227 3681 162 1227 3682 160 1227 3683 245 1228 3684 160 1228 3685 246 1228 3686 246 1229 3687 160 1229 3688 158 1229 3689 246 1230 3690 158 1230 3691 157 1230 3692 246 1231 3693 157 1231 3694 248 1231 3695 248 1232 3696 157 1232 3697 155 1232 3698 248 1233 3699 155 1233 3700 251 1233 3701 251 1234 3702 155 1234 3703 153 1234 3704 251 1235 3705 153 1235 3706 253 1235 3707 253 1236 3708 153 1236 3709 151 1236 3710 253 1237 3711 151 1237 3712 148 1237 3713 253 1238 3714 148 1238 3715 254 1238 3716 254 1239 3717 148 1239 3718 146 1239 3719 254 1240 3720 146 1240 3721 256 1240 3722 256 1241 3723 146 1241 3724 145 1241 3725 256 1242 3726 145 1242 3727 208 1242 3728 258 1243 3729 260 1243 3730 262 1243 3731 262 1244 3732 260 1244 3733 264 1244 3734 262 1245 3735 264 1245 3736 267 1245 3737 267 1246 3738 264 1246 3739 269 1246 3740 267 1247 3741 269 1247 3742 270 1247 3743 270 1248 3744 269 1248 3745 273 1248 3746 270 1249 3747 273 1249 3748 275 1249 3749 275 1250 3750 273 1250 3751 276 1250 3752 275 1251 3753 276 1251 3754 278 1251 3755 275 1252 3756 278 1252 3757 280 1252 3758 280 1253 3759 278 1253 3760 282 1253 3761 280 1254 3762 282 1254 3763 284 1254 3764 284 1255 3765 282 1255 3766 286 1255 3767 284 1256 3768 286 1256 3769 288 1256 3770 288 1257 3771 286 1257 3772 291 1257 3773 288 1258 3774 291 1258 3775 292 1258 3776 288 1259 3777 292 1259 3778 295 1259 3779 295 1260 3780 292 1260 3781 297 1260 3782 295 1261 3783 297 1261 3784 298 1261 3785 298 1262 3786 297 1262 3787 300 1262 3788 298 1263 3789 300 1263 3790 302 1263 3791 298 1264 3792 302 1264 3793 305 1264 3794 305 1265 3795 302 1265 3796 307 1265 3797 305 1266 3798 307 1266 3799 309 1266 3800 309 1267 3801 307 1267 3802 310 1267 3803 309 1268 3804 310 1268 3805 312 1268 3806 312 1269 3807 310 1269 3808 314 1269 3809 312 1270 3810 314 1270 3811 316 1270 3812 312 1271 3813 316 1271 3814 318 1271 3815 318 1272 3816 316 1272 3817 320 1272 3818 318 1273 3819 320 1273 3820 322 1273 3821 322 1274 3822 320 1274 3823 324 1274 3824 322 1275 3825 324 1275 3826 327 1275 3827 327 1276 3828 324 1276 3829 329 1276 3830 327 1277 3831 329 1277 3832 331 1277 3833 327 1278 3834 331 1278 3835 333 1278 3836 333 1279 3837 331 1279 3838 335 1279 3839 333 1280 3840 335 1280 3841 337 1280 3842 337 1281 3843 335 1281 3844 339 1281 3845 337 1282 3846 339 1282 3847 341 1282 3848 341 1283 3849 339 1283 3850 343 1283 3851 341 1284 3852 343 1284 3853 345 1284 3854 341 1285 3855 345 1285 3856 346 1285 3857 346 1286 3858 345 1286 3859 349 1286 3860 346 1287 3861 349 1287 3862 351 1287 3863 351 1288 3864 349 1288 3865 352 1288 3866 351 1289 3867 352 1289 3868 354 1289 3869 351 1290 3870 354 1290 3871 356 1290 3872 356 1291 3873 354 1291 3874 358 1291 3875 356 1292 3876 358 1292 3877 360 1292 3878 360 1293 3879 358 1293 3880 362 1293 3881 360 1294 3882 362 1294 3883 365 1294 3884 365 1295 3885 362 1295 3886 367 1295 3887 365 1296 3888 367 1296 3889 368 1296 3890 365 1297 3891 368 1297 3892 370 1297 3893 370 1298 3894 368 1298 3895 372 1298 3896 370 1299 3897 372 1299 3898 374 1299 3899 374 1300 3900 372 1300 3901 258 1300 3902 374 1301 3903 258 1301 3904 262 1301 3905 108 1302 3906 264 1302 3907 3 1302 3908 3 1303 3909 264 1303 3910 260 1303 3911 3 1304 3912 260 1304 3913 5 1304 3914 5 1305 3915 260 1305 3916 258 1305 3917 5 1306 3918 258 1306 3919 6 1306 3920 6 1307 3921 258 1307 3922 372 1307 3923 6 1308 3924 372 1308 3925 29 1308 3926 29 1309 3927 372 1309 3928 368 1309 3929 29 1310 3930 368 1310 3931 31 1310 3932 31 1311 3933 368 1311 3934 367 1311 3935 31 1312 3936 367 1312 3937 33 1312 3938 33 1313 3939 367 1313 3940 362 1313 3941 33 1314 3942 362 1314 3943 34 1314 3944 34 1315 3945 362 1315 3946 358 1315 3947 34 1316 3948 358 1316 3949 37 1316 3950 37 1317 3951 358 1317 3952 354 1317 3953 37 1318 3954 354 1318 3955 39 1318 3956 39 1319 3957 354 1319 3958 352 1319 3959 39 1320 3960 352 1320 3961 41 1320 3962 41 1321 3963 352 1321 3964 349 1321 3965 41 1322 3966 349 1322 3967 43 1322 3968 43 1323 3969 349 1323 3970 345 1323 3971 43 1324 3972 345 1324 3973 44 1324 3974 44 1325 3975 345 1325 3976 343 1325 3977 44 1326 3978 343 1326 3979 47 1326 3980 47 1327 3981 343 1327 3982 339 1327 3983 47 1328 3984 339 1328 3985 53 1328 3986 53 1329 3987 339 1329 3988 335 1329 3989 53 1330 3990 335 1330 3991 57 1330 3992 57 1331 3993 335 1331 3994 331 1331 3995 57 1332 3996 331 1332 3997 60 1332 3998 60 1333 3999 331 1333 4000 329 1333 4001 60 1334 4002 329 1334 4003 65 1334 4004 65 1335 4005 329 1335 4006 324 1335 4007 65 1336 4008 324 1336 4009 69 1336 4010 69 1337 4011 324 1337 4012 320 1337 4013 69 1338 4014 320 1338 4015 73 1338 4016 73 1339 4017 320 1339 4018 316 1339 4019 73 1340 4020 316 1340 4021 77 1340 4022 77 1341 4023 316 1341 4024 314 1341 4025 77 1342 4026 314 1342 4027 81 1342 4028 81 1343 4029 314 1343 4030 310 1343 4031 81 1344 4032 310 1344 4033 85 1344 4034 85 1345 4035 310 1345 4036 307 1345 4037 85 1346 4038 307 1346 4039 89 1346 4040 89 1347 4041 307 1347 4042 302 1347 4043 89 1348 4044 302 1348 4045 92 1348 4046 92 1349 4047 302 1349 4048 300 1349 4049 92 1350 4050 300 1350 4051 11 1350 4052 11 1351 4053 300 1351 4054 297 1351 4055 11 1352 4056 297 1352 4057 13 1352 4058 13 1353 4059 297 1353 4060 292 1353 4061 13 1354 4062 292 1354 4063 15 1354 4064 15 1355 4065 292 1355 4066 291 1355 4067 15 1356 4068 291 1356 4069 96 1356 4070 96 1357 4071 291 1357 4072 286 1357 4073 96 1358 4074 286 1358 4075 98 1358 4076 98 1359 4077 286 1359 4078 282 1359 4079 98 1360 4080 282 1360 4081 100 1360 4082 100 1361 4083 282 1361 4084 278 1361 4085 100 1362 4086 278 1362 4087 102 1362 4088 102 1363 4089 278 1363 4090 276 1363 4091 102 1364 4092 276 1364 4093 104 1364 4094 104 1365 4095 276 1365 4096 273 1365 4097 104 1366 4098 273 1366 4099 107 1366 4100 107 1367 4101 273 1367 4102 269 1367 4103 107 1368 4104 269 1368 4105 108 1368 4106 108 1369 4107 269 1369 4108 264 1369 4109 376 1370 4110 208 1370 4111 378 1370 4112 378 1371 4113 208 1371 4114 210 1371 4115 378 1372 4116 210 1372 4117 380 1372 4118 380 1373 4119 210 1373 4120 212 1373 4121 380 1374 4122 212 1374 4123 382 1374 4124 382 1375 4125 212 1375 4126 214 1375 4127 382 1376 4128 214 1376 4129 384 1376 4130 384 1377 4131 214 1377 4132 216 1377 4133 384 1378 4134 216 1378 4135 386 1378 4136 386 1379 4137 216 1379 4138 218 1379 4139 386 1380 4140 218 1380 4141 388 1380 4142 388 1381 4143 218 1381 4144 220 1381 4145 388 1382 4146 220 1382 4147 390 1382 4148 390 1383 4149 220 1383 4150 222 1383 4151 390 1384 4152 222 1384 4153 393 1384 4154 393 1385 4155 222 1385 4156 224 1385 4157 393 1386 4158 224 1386 4159 395 1386 4160 395 1387 4161 224 1387 4162 226 1387 4163 395 1388 4164 226 1388 4165 397 1388 4166 397 1389 4167 226 1389 4168 228 1389 4169 397 1390 4170 228 1390 4171 399 1390 4172 399 1391 4173 228 1391 4174 230 1391 4175 399 1392 4176 230 1392 4177 401 1392 4178 401 1393 4179 230 1393 4180 232 1393 4181 401 1394 4182 232 1394 4183 403 1394 4184 403 1395 4185 232 1395 4186 234 1395 4187 403 1396 4188 234 1396 4189 404 1396 4190 404 1397 4191 234 1397 4192 236 1397 4193 404 1398 4194 236 1398 4195 406 1398 4196 406 1399 4197 236 1399 4198 239 1399 4199 406 1400 4200 239 1400 4201 408 1400 4202 408 1401 4203 239 1401 4204 241 1401 4205 408 1402 4206 241 1402 4207 410 1402 4208 410 1403 4209 241 1403 4210 243 1403 4211 410 1404 4212 243 1404 4213 412 1404 4214 412 1405 4215 243 1405 4216 245 1405 4217 412 1406 4218 245 1406 4219 414 1406 4220 414 1407 4221 245 1407 4222 246 1407 4223 414 1408 4224 246 1408 4225 417 1408 4226 417 1409 4227 246 1409 4228 248 1409 4229 417 1410 4230 248 1410 4231 419 1410 4232 419 1411 4233 248 1411 4234 251 1411 4235 419 1412 4236 251 1412 4237 421 1412 4238 421 1413 4239 251 1413 4240 253 1413 4241 421 1414 4242 253 1414 4243 423 1414 4244 423 1415 4245 253 1415 4246 254 1415 4247 423 1416 4248 254 1416 4249 424 1416 4250 424 1417 4251 254 1417 4252 256 1417 4253 424 1418 4254 256 1418 4255 376 1418 4256 376 1419 4257 256 1419 4258 208 1419 4259 1029 1420 4260 480 1420 4261 478 1420 4262 430 1421 4263 262 1421 4264 433 1421 4265 433 1422 4266 262 1422 4267 267 1422 4268 433 1423 4269 267 1423 4270 435 1423 4271 435 1424 4272 267 1424 4273 270 1424 4274 435 1425 4275 270 1425 4276 437 1425 4277 437 1426 4278 270 1426 4279 275 1426 4280 437 1427 4281 275 1427 4282 438 1427 4283 438 1428 4284 275 1428 4285 280 1428 4286 438 1429 4287 280 1429 4288 441 1429 4289 441 1430 4290 280 1430 4291 284 1430 4292 441 1431 4293 284 1431 4294 443 1431 4295 443 1432 4296 284 1432 4297 288 1432 4298 443 1433 4299 288 1433 4300 445 1433 4301 445 1434 4302 288 1434 4303 295 1434 4304 445 1435 4305 295 1435 4306 446 1435 4307 446 1436 4308 295 1436 4309 298 1436 4310 446 1437 4311 298 1437 4312 448 1437 4313 448 1438 4314 298 1438 4315 305 1438 4316 448 1439 4317 305 1439 4318 450 1439 4319 450 1440 4320 305 1440 4321 309 1440 4322 450 1441 4323 309 1441 4324 453 1441 4325 453 1442 4326 309 1442 4327 312 1442 4328 453 1443 4329 312 1443 4330 455 1443 4331 455 1444 4332 312 1444 4333 318 1444 4334 455 1445 4335 318 1445 4336 456 1445 4337 456 1446 4338 318 1446 4339 322 1446 4340 456 1447 4341 322 1447 4342 458 1447 4343 458 1448 4344 322 1448 4345 327 1448 4346 458 1449 4347 327 1449 4348 460 1449 4349 460 1450 4350 327 1450 4351 333 1450 4352 460 1451 4353 333 1451 4354 462 1451 4355 462 1452 4356 333 1452 4357 337 1452 4358 462 1453 4359 337 1453 4360 463 1453 4361 463 1454 4362 337 1454 4363 341 1454 4364 463 1455 4365 341 1455 4366 465 1455 4367 465 1456 4368 341 1456 4369 346 1456 4370 465 1457 4371 346 1457 4372 466 1457 4373 466 1458 4374 346 1458 4375 351 1458 4376 466 1459 4377 351 1459 4378 469 1459 4379 469 1460 4380 351 1460 4381 356 1460 4382 469 1461 4383 356 1461 4384 471 1461 4385 471 1462 4386 356 1462 4387 360 1462 4388 471 1463 4389 360 1463 4390 473 1463 4391 473 1464 4392 360 1464 4393 365 1464 4394 473 1465 4395 365 1465 4396 475 1465 4397 475 1466 4398 365 1466 4399 370 1466 4400 475 1467 4401 370 1467 4402 476 1467 4403 476 1468 4404 370 1468 4405 374 1468 4406 476 1469 4407 374 1469 4408 430 1469 4409 430 1470 4410 374 1470 4411 262 1470 4412 483 1471 4413 485 1471 4414 487 1471 4415 487 1472 4416 485 1472 4417 489 1472 4418 483 1473 4419 491 1473 4420 426 1473 4421 426 1474 4422 491 1474 4423 493 1474 4424 426 1475 4425 493 1475 4426 495 1475 4427 487 1476 4428 497 1476 4429 483 1476 4430 483 1477 4431 497 1477 4432 498 1477 4433 483 1478 4434 498 1478 4435 500 1478 4436 428 1479 4437 502 1479 4438 487 1479 4439 487 1480 4440 502 1480 4441 504 1480 4442 487 1481 4443 504 1481 4444 506 1481 4445 426 1482 4446 508 1482 4447 428 1482 4448 428 1483 4449 508 1483 4450 510 1483 4451 428 1484 4452 510 1484 4453 513 1484 4454 495 1485 4455 514 1485 4456 426 1485 4457 426 1486 4458 514 1486 4459 517 1486 4460 426 1487 4461 517 1487 4462 519 1487 4463 519 1488 4464 521 1488 4465 426 1488 4466 426 1489 4467 521 1489 4468 523 1489 4469 426 1490 4470 523 1490 4471 525 1490 4472 525 1491 4473 527 1491 4474 426 1491 4475 426 1492 4476 527 1492 4477 529 1492 4478 426 1493 4479 529 1493 4480 508 1493 4481 508 1494 4482 529 1494 4483 531 1494 4484 531 1495 4485 529 1495 4486 532 1495 4487 531 1496 4488 532 1496 4489 535 1496 4490 535 1497 4491 532 1497 4492 537 1497 4493 535 1498 4494 537 1498 4495 539 1498 4496 539 1499 4497 537 1499 4498 541 1499 4499 539 1500 4500 541 1500 4501 543 1500 4502 543 1501 4503 541 1501 4504 545 1501 4505 543 1502 4506 545 1502 4507 547 1502 4508 547 1503 4509 545 1503 4510 549 1503 4511 547 1504 4512 549 1504 4513 550 1504 4514 550 1505 4515 549 1505 4516 552 1505 4517 550 1506 4518 552 1506 4519 554 1506 4520 554 1507 4521 552 1507 4522 556 1507 4523 554 1508 4524 556 1508 4525 558 1508 4526 558 1509 4527 556 1509 4528 560 1509 4529 558 1510 4530 560 1510 4531 562 1510 4532 562 1511 4533 560 1511 4534 565 1511 4535 562 1512 4536 565 1512 4537 567 1512 4538 567 1513 4539 565 1513 4540 569 1513 4541 567 1514 4542 569 1514 4543 571 1514 4544 571 1515 4545 569 1515 4546 573 1515 4547 571 1516 4548 573 1516 4549 574 1516 4550 574 1517 4551 573 1517 4552 576 1517 4553 574 1518 4554 576 1518 4555 579 1518 4556 579 1519 4557 576 1519 4558 581 1519 4559 579 1520 4560 581 1520 4561 583 1520 4562 583 1521 4563 581 1521 4564 497 1521 4565 583 1522 4566 497 1522 4567 487 1522 4568 500 1523 4569 585 1523 4570 483 1523 4571 483 1524 4572 585 1524 4573 586 1524 4574 483 1525 4575 586 1525 4576 587 1525 4577 587 1526 4578 588 1526 4579 483 1526 4580 483 1527 4581 588 1527 4582 590 1527 4583 483 1528 4584 590 1528 4585 592 1528 4586 592 1529 4587 594 1529 4588 483 1529 4589 483 1530 4590 594 1530 4591 491 1530 4592 597 1531 4593 598 1531 4594 428 1531 4595 428 1532 4596 598 1532 4597 600 1532 4598 428 1533 4599 600 1533 4600 502 1533 4601 506 1534 4602 602 1534 4603 487 1534 4604 487 1535 4605 602 1535 4606 604 1535 4607 487 1536 4608 604 1536 4609 606 1536 4610 606 1537 4611 609 1537 4612 487 1537 4613 487 1538 4614 609 1538 4615 610 1538 4616 487 1539 4617 610 1539 4618 612 1539 4619 612 1540 4620 615 1540 4621 487 1540 4622 487 1541 4623 615 1541 4624 583 1541 4625 513 1542 4626 617 1542 4627 428 1542 4628 428 1543 4629 617 1543 4630 618 1543 4631 428 1544 4632 618 1544 4633 621 1544 4634 621 1545 4635 623 1545 4636 428 1545 4637 428 1546 4638 623 1546 4639 597 1546 4640 493 1547 4641 625 1547 4642 495 1547 4643 495 1548 4644 625 1548 4645 627 1548 4646 495 1549 4647 627 1549 4648 514 1549 4649 514 1550 4650 627 1550 4651 629 1550 4652 514 1551 4653 629 1551 4654 517 1551 4655 517 1552 4656 629 1552 4657 631 1552 4658 517 1553 4659 631 1553 4660 519 1553 4661 519 1554 4662 631 1554 4663 633 1554 4664 519 1555 4665 633 1555 4666 521 1555 4667 521 1556 4668 633 1556 4669 634 1556 4670 521 1557 4671 634 1557 4672 523 1557 4673 523 1558 4674 634 1558 4675 637 1558 4676 523 1559 4677 637 1559 4678 525 1559 4679 525 1560 4680 637 1560 4681 639 1560 4682 525 1561 4683 639 1561 4684 527 1561 4685 527 1562 4686 639 1562 4687 640 1562 4688 527 1563 4689 640 1563 4690 529 1563 4691 529 1564 4692 640 1564 4693 642 1564 4694 529 1565 4695 642 1565 4696 532 1565 4697 532 1566 4698 642 1566 4699 644 1566 4700 532 1567 4701 644 1567 4702 537 1567 4703 537 1568 4704 644 1568 4705 646 1568 4706 537 1569 4707 646 1569 4708 541 1569 4709 541 1570 4710 646 1570 4711 648 1570 4712 541 1571 4713 648 1571 4714 545 1571 4715 545 1572 4716 648 1572 4717 650 1572 4718 545 1573 4719 650 1573 4720 549 1573 4721 549 1574 4722 650 1574 4723 652 1574 4724 549 1575 4725 652 1575 4726 552 1575 4727 552 1576 4728 652 1576 4729 654 1576 4730 552 1577 4731 654 1577 4732 556 1577 4733 556 1578 4734 654 1578 4735 656 1578 4736 556 1579 4737 656 1579 4738 560 1579 4739 560 1580 4740 656 1580 4741 659 1580 4742 560 1581 4743 659 1581 4744 565 1581 4745 565 1582 4746 659 1582 4747 660 1582 4748 565 1583 4749 660 1583 4750 569 1583 4751 569 1584 4752 660 1584 4753 662 1584 4754 569 1585 4755 662 1585 4756 573 1585 4757 573 1586 4758 662 1586 4759 664 1586 4760 573 1587 4761 664 1587 4762 576 1587 4763 576 1588 4764 664 1588 4765 666 1588 4766 576 1589 4767 666 1589 4768 581 1589 4769 581 1590 4770 666 1590 4771 669 1590 4772 581 1591 4773 669 1591 4774 497 1591 4775 497 1592 4776 669 1592 4777 670 1592 4778 497 1593 4779 670 1593 4780 498 1593 4781 498 1594 4782 670 1594 4783 672 1594 4784 498 1595 4785 672 1595 4786 500 1595 4787 500 1596 4788 672 1596 4789 675 1596 4790 500 1597 4791 675 1597 4792 585 1597 4793 585 1598 4794 675 1598 4795 677 1598 4796 585 1599 4797 677 1599 4798 586 1599 4799 586 1600 4800 677 1600 4801 679 1600 4802 586 1601 4803 679 1601 4804 587 1601 4805 587 1602 4806 679 1602 4807 681 1602 4808 587 1603 4809 681 1603 4810 588 1603 4811 588 1604 4812 681 1604 4813 682 1604 4814 588 1605 4815 682 1605 4816 590 1605 4817 590 1606 4818 682 1606 4819 685 1606 4820 590 1607 4821 685 1607 4822 592 1607 4823 592 1608 4824 685 1608 4825 687 1608 4826 592 1609 4827 687 1609 4828 594 1609 4829 594 1610 4830 687 1610 4831 688 1610 4832 594 1611 4833 688 1611 4834 491 1611 4835 491 1612 4836 688 1612 4837 690 1612 4838 491 1613 4839 690 1613 4840 493 1613 4841 493 1614 4842 690 1614 4843 625 1614 4844 435 1615 4845 690 1615 4846 433 1615 4847 433 1616 4848 690 1616 4849 688 1616 4850 433 1617 4851 688 1617 4852 687 1617 4853 690 1618 4854 435 1618 4855 625 1618 4856 625 1619 4857 435 1619 4858 437 1619 4859 625 1620 4860 437 1620 4861 627 1620 4862 627 1621 4863 437 1621 4864 438 1621 4865 627 1622 4866 438 1622 4867 629 1622 4868 629 1623 4869 438 1623 4870 631 1623 4871 631 1624 4872 438 1624 4873 441 1624 4874 631 1625 4875 441 1625 4876 633 1625 4877 633 1626 4878 441 1626 4879 443 1626 4880 633 1627 4881 443 1627 4882 634 1627 4883 634 1628 4884 443 1628 4885 637 1628 4886 637 1629 4887 443 1629 4888 445 1629 4889 637 1630 4890 445 1630 4891 639 1630 4892 639 1631 4893 445 1631 4894 446 1631 4895 639 1632 4896 446 1632 4897 640 1632 4898 640 1633 4899 446 1633 4900 448 1633 4901 640 1634 4902 448 1634 4903 642 1634 4904 642 1635 4905 448 1635 4906 644 1635 4907 644 1636 4908 448 1636 4909 450 1636 4910 644 1637 4911 450 1637 4912 646 1637 4913 646 1638 4914 450 1638 4915 453 1638 4916 646 1639 4917 453 1639 4918 648 1639 4919 648 1640 4920 453 1640 4921 455 1640 4922 648 1641 4923 455 1641 4924 650 1641 4925 650 1642 4926 455 1642 4927 652 1642 4928 652 1643 4929 455 1643 4930 456 1643 4931 652 1644 4932 456 1644 4933 654 1644 4934 654 1645 4935 456 1645 4936 458 1645 4937 654 1646 4938 458 1646 4939 656 1646 4940 656 1647 4941 458 1647 4942 460 1647 4943 656 1648 4944 460 1648 4945 659 1648 4946 659 1649 4947 460 1649 4948 660 1649 4949 660 1650 4950 460 1650 4951 462 1650 4952 660 1651 4953 462 1651 4954 662 1651 4955 662 1652 4956 462 1652 4957 463 1652 4958 662 1653 4959 463 1653 4960 664 1653 4961 664 1654 4962 463 1654 4963 465 1654 4964 664 1655 4965 465 1655 4966 666 1655 4967 666 1656 4968 465 1656 4969 669 1656 4970 669 1657 4971 465 1657 4972 466 1657 4973 669 1658 4974 466 1658 4975 670 1658 4976 670 1659 4977 466 1659 4978 469 1659 4979 670 1660 4980 469 1660 4981 672 1660 4982 672 1661 4983 469 1661 4984 675 1661 4985 675 1662 4986 469 1662 4987 471 1662 4988 675 1663 4989 471 1663 4990 677 1663 4991 677 1664 4992 471 1664 4993 473 1664 4994 677 1665 4995 473 1665 4996 679 1665 4997 679 1666 4998 473 1666 4999 475 1666 5000 679 1667 5001 475 1667 5002 681 1667 5003 681 1668 5004 475 1668 5005 682 1668 5006 682 1669 5007 475 1669 5008 476 1669 5009 682 1670 5010 476 1670 5011 685 1670 5012 685 1671 5013 476 1671 5014 430 1671 5015 685 1672 5016 430 1672 5017 687 1672 5018 687 1673 5019 430 1673 5020 433 1673 5021 693 1674 5022 694 1674 5023 696 1674 5024 696 1675 5025 694 1675 5026 699 1675 5027 696 1676 5028 699 1676 5029 700 1676 5030 700 1677 5031 699 1677 5032 702 1677 5033 700 1678 5034 702 1678 5035 705 1678 5036 705 1679 5037 702 1679 5038 707 1679 5039 705 1680 5040 707 1680 5041 708 1680 5042 708 1681 5043 707 1681 5044 710 1681 5045 708 1682 5046 710 1682 5047 712 1682 5048 712 1683 5049 710 1683 5050 714 1683 5051 712 1684 5052 714 1684 5053 716 1684 5054 716 1685 5055 714 1685 5056 718 1685 5057 716 1686 5058 718 1686 5059 720 1686 5060 720 1687 5061 718 1687 5062 723 1687 5063 720 1688 5064 723 1688 5065 724 1688 5066 724 1689 5067 723 1689 5068 727 1689 5069 724 1690 5070 727 1690 5071 729 1690 5072 729 1691 5073 727 1691 5074 731 1691 5075 729 1692 5076 731 1692 5077 733 1692 5078 733 1693 5079 731 1693 5080 735 1693 5081 733 1694 5082 735 1694 5083 736 1694 5084 736 1695 5085 735 1695 5086 738 1695 5087 736 1696 5088 738 1696 5089 741 1696 5090 741 1697 5091 738 1697 5092 742 1697 5093 741 1698 5094 742 1698 5095 745 1698 5096 745 1699 5097 742 1699 5098 747 1699 5099 745 1700 5100 747 1700 5101 749 1700 5102 749 1701 5103 747 1701 5104 750 1701 5105 749 1702 5106 750 1702 5107 752 1702 5108 752 1703 5109 750 1703 5110 754 1703 5111 752 1704 5112 754 1704 5113 756 1704 5114 756 1705 5115 754 1705 5116 758 1705 5117 756 1706 5118 758 1706 5119 760 1706 5120 760 1707 5121 758 1707 5122 762 1707 5123 760 1708 5124 762 1708 5125 764 1708 5126 764 1709 5127 762 1709 5128 767 1709 5129 764 1710 5130 767 1710 5131 768 1710 5132 768 1711 5133 767 1711 5134 771 1711 5135 768 1712 5136 771 1712 5137 772 1712 5138 772 1713 5139 771 1713 5140 774 1713 5141 772 1714 5142 774 1714 5143 777 1714 5144 777 1715 5145 774 1715 5146 779 1715 5147 777 1716 5148 779 1716 5149 780 1716 5150 780 1717 5151 779 1717 5152 782 1717 5153 780 1718 5154 782 1718 5155 784 1718 5156 784 1719 5157 782 1719 5158 786 1719 5159 784 1720 5160 786 1720 5161 693 1720 5162 693 1721 5163 786 1721 5164 694 1721 5165 489 1722 5166 789 1722 5167 480 1722 5168 480 1723 5169 789 1723 5170 790 1723 5171 480 1724 5172 790 1724 5173 793 1724 5174 485 1725 5175 714 1725 5176 489 1725 5177 489 1726 5178 714 1726 5179 794 1726 5180 489 1727 5181 794 1727 5182 796 1727 5183 478 1728 5184 747 1728 5185 485 1728 5186 485 1729 5187 747 1729 5188 742 1729 5189 485 1730 5190 742 1730 5191 738 1730 5192 480 1731 5193 779 1731 5194 478 1731 5195 478 1732 5196 779 1732 5197 774 1732 5198 478 1733 5199 774 1733 5200 771 1733 5201 694 1734 5202 798 1734 5203 699 1734 5204 699 1735 5205 798 1735 5206 800 1735 5207 699 1736 5208 800 1736 5209 802 1736 5210 798 1737 5211 694 1737 5212 804 1737 5213 804 1738 5214 694 1738 5215 786 1738 5216 804 1739 5217 786 1739 5218 807 1739 5219 807 1740 5220 786 1740 5221 782 1740 5222 807 1741 5223 782 1741 5224 779 1741 5225 771 1742 5226 767 1742 5227 478 1742 5228 478 1743 5229 767 1743 5230 762 1743 5231 478 1744 5232 762 1744 5233 758 1744 5234 758 1745 5235 754 1745 5236 478 1745 5237 478 1746 5238 754 1746 5239 750 1746 5240 478 1747 5241 750 1747 5242 747 1747 5243 738 1748 5244 735 1748 5245 485 1748 5246 485 1749 5247 735 1749 5248 731 1749 5249 485 1750 5250 731 1750 5251 727 1750 5252 727 1751 5253 723 1751 5254 485 1751 5255 485 1752 5256 723 1752 5257 718 1752 5258 485 1753 5259 718 1753 5260 714 1753 5261 794 1754 5262 714 1754 5263 808 1754 5264 808 1755 5265 714 1755 5266 710 1755 5267 808 1756 5268 710 1756 5269 707 1756 5270 808 1757 5271 707 1757 5272 811 1757 5273 811 1758 5274 707 1758 5275 702 1758 5276 811 1759 5277 702 1759 5278 802 1759 5279 802 1760 5280 702 1760 5281 699 1760 5282 793 1761 5283 813 1761 5284 480 1761 5285 480 1762 5286 813 1762 5287 814 1762 5288 480 1763 5289 814 1763 5290 816 1763 5291 816 1764 5292 818 1764 5293 480 1764 5294 480 1765 5295 818 1765 5296 820 1765 5297 480 1766 5298 820 1766 5299 823 1766 5300 480 1767 5301 823 1767 5302 779 1767 5303 779 1768 5304 823 1768 5305 807 1768 5306 796 1769 5307 825 1769 5308 489 1769 5309 489 1770 5310 825 1770 5311 826 1770 5312 489 1771 5313 826 1771 5314 829 1771 5315 829 1772 5316 831 1772 5317 489 1772 5318 489 1773 5319 831 1773 5320 833 1773 5321 489 1774 5322 833 1774 5323 834 1774 5324 834 1775 5325 789 1775 5326 489 1775 5327 836 1776 5328 790 1776 5329 838 1776 5330 838 1777 5331 790 1777 5332 789 1777 5333 838 1778 5334 789 1778 5335 840 1778 5336 840 1779 5337 789 1779 5338 834 1779 5339 840 1780 5340 834 1780 5341 843 1780 5342 843 1781 5343 834 1781 5344 833 1781 5345 843 1782 5346 833 1782 5347 844 1782 5348 844 1783 5349 833 1783 5350 831 1783 5351 844 1784 5352 831 1784 5353 847 1784 5354 847 1785 5355 831 1785 5356 829 1785 5357 847 1786 5358 829 1786 5359 849 1786 5360 849 1787 5361 829 1787 5362 826 1787 5363 849 1788 5364 826 1788 5365 851 1788 5366 851 1789 5367 826 1789 5368 825 1789 5369 851 1790 5370 825 1790 5371 853 1790 5372 853 1791 5373 825 1791 5374 796 1791 5375 853 1792 5376 796 1792 5377 855 1792 5378 855 1793 5379 796 1793 5380 794 1793 5381 855 1794 5382 794 1794 5383 857 1794 5384 857 1795 5385 794 1795 5386 808 1795 5387 857 1796 5388 808 1796 5389 858 1796 5390 858 1797 5391 808 1797 5392 811 1797 5393 858 1798 5394 811 1798 5395 860 1798 5396 860 1799 5397 811 1799 5398 802 1799 5399 860 1800 5400 802 1800 5401 862 1800 5402 862 1801 5403 802 1801 5404 800 1801 5405 862 1802 5406 800 1802 5407 865 1802 5408 865 1803 5409 800 1803 5410 798 1803 5411 865 1804 5412 798 1804 5413 867 1804 5414 867 1805 5415 798 1805 5416 804 1805 5417 867 1806 5418 804 1806 5419 868 1806 5420 868 1807 5421 804 1807 5422 807 1807 5423 868 1808 5424 807 1808 5425 870 1808 5426 870 1809 5427 807 1809 5428 823 1809 5429 870 1810 5430 823 1810 5431 872 1810 5432 872 1811 5433 823 1811 5434 820 1811 5435 872 1812 5436 820 1812 5437 874 1812 5438 874 1813 5439 820 1813 5440 818 1813 5441 874 1814 5442 818 1814 5443 876 1814 5444 876 1815 5445 818 1815 5446 816 1815 5447 876 1816 5448 816 1816 5449 878 1816 5450 878 1817 5451 816 1817 5452 814 1817 5453 878 1818 5454 814 1818 5455 880 1818 5456 880 1819 5457 814 1819 5458 813 1819 5459 880 1820 5460 813 1820 5461 882 1820 5462 882 1821 5463 813 1821 5464 793 1821 5465 882 1822 5466 793 1822 5467 836 1822 5468 836 1823 5469 793 1823 5470 790 1823 5471 380 1824 5472 885 1824 5473 378 1824 5474 378 1825 5475 885 1825 5476 887 1825 5477 378 1826 5478 887 1826 5479 888 1826 5480 885 1827 5481 380 1827 5482 891 1827 5483 891 1828 5484 380 1828 5485 382 1828 5486 891 1829 5487 382 1829 5488 892 1829 5489 892 1830 5490 382 1830 5491 384 1830 5492 892 1831 5493 384 1831 5494 894 1831 5495 894 1832 5496 384 1832 5497 896 1832 5498 896 1833 5499 384 1833 5500 386 1833 5501 896 1834 5502 386 1834 5503 898 1834 5504 898 1835 5505 386 1835 5506 388 1835 5507 898 1836 5508 388 1836 5509 900 1836 5510 900 1837 5511 388 1837 5512 390 1837 5513 900 1838 5514 390 1838 5515 902 1838 5516 902 1839 5517 390 1839 5518 904 1839 5519 904 1840 5520 390 1840 5521 393 1840 5522 904 1841 5523 393 1841 5524 906 1841 5525 906 1842 5526 393 1842 5527 395 1842 5528 906 1843 5529 395 1843 5530 908 1843 5531 908 1844 5532 395 1844 5533 911 1844 5534 911 1845 5535 395 1845 5536 397 1845 5537 911 1846 5538 397 1846 5539 912 1846 5540 912 1847 5541 397 1847 5542 399 1847 5543 912 1848 5544 399 1848 5545 914 1848 5546 914 1849 5547 399 1849 5548 401 1849 5549 914 1850 5550 401 1850 5551 916 1850 5552 916 1851 5553 401 1851 5554 918 1851 5555 918 1852 5556 401 1852 5557 403 1852 5558 918 1853 5559 403 1853 5560 920 1853 5561 920 1854 5562 403 1854 5563 404 1854 5564 920 1855 5565 404 1855 5566 923 1855 5567 923 1856 5568 404 1856 5569 406 1856 5570 923 1857 5571 406 1857 5572 924 1857 5573 924 1858 5574 406 1858 5575 926 1858 5576 926 1859 5577 406 1859 5578 408 1859 5579 926 1860 5580 408 1860 5581 929 1860 5582 929 1861 5583 408 1861 5584 410 1861 5585 929 1862 5586 410 1862 5587 931 1862 5588 931 1863 5589 410 1863 5590 412 1863 5591 931 1864 5592 412 1864 5593 932 1864 5594 932 1865 5595 412 1865 5596 935 1865 5597 935 1866 5598 412 1866 5599 414 1866 5600 935 1867 5601 414 1867 5602 937 1867 5603 937 1868 5604 414 1868 5605 417 1868 5606 937 1869 5607 417 1869 5608 938 1869 5609 938 1870 5610 417 1870 5611 419 1870 5612 938 1871 5613 419 1871 5614 941 1871 5615 941 1872 5616 419 1872 5617 943 1872 5618 943 1873 5619 419 1873 5620 421 1873 5621 943 1874 5622 421 1874 5623 945 1874 5624 945 1875 5625 421 1875 5626 423 1875 5627 945 1876 5628 423 1876 5629 946 1876 5630 946 1877 5631 423 1877 5632 949 1877 5633 949 1878 5634 423 1878 5635 424 1878 5636 949 1879 5637 424 1879 5638 951 1879 5639 951 1880 5640 424 1880 5641 376 1880 5642 951 1881 5643 376 1881 5644 888 1881 5645 888 1882 5646 376 1882 5647 378 1882 5648 597 1883 5649 914 1883 5650 598 1883 5651 598 1884 5652 914 1884 5653 916 1884 5654 598 1885 5655 916 1885 5656 600 1885 5657 600 1886 5658 916 1886 5659 918 1886 5660 600 1887 5661 918 1887 5662 502 1887 5663 502 1888 5664 918 1888 5665 920 1888 5666 502 1889 5667 920 1889 5668 504 1889 5669 504 1890 5670 920 1890 5671 923 1890 5672 504 1891 5673 923 1891 5674 506 1891 5675 506 1892 5676 923 1892 5677 924 1892 5678 506 1893 5679 924 1893 5680 602 1893 5681 602 1894 5682 924 1894 5683 926 1894 5684 602 1895 5685 926 1895 5686 604 1895 5687 604 1896 5688 926 1896 5689 929 1896 5690 604 1897 5691 929 1897 5692 606 1897 5693 606 1898 5694 929 1898 5695 931 1898 5696 606 1899 5697 931 1899 5698 609 1899 5699 609 1900 5700 931 1900 5701 932 1900 5702 609 1901 5703 932 1901 5704 610 1901 5705 610 1902 5706 932 1902 5707 935 1902 5708 610 1903 5709 935 1903 5710 612 1903 5711 612 1904 5712 935 1904 5713 937 1904 5714 612 1905 5715 937 1905 5716 615 1905 5717 615 1906 5718 937 1906 5719 938 1906 5720 615 1907 5721 938 1907 5722 583 1907 5723 583 1908 5724 938 1908 5725 941 1908 5726 583 1909 5727 941 1909 5728 579 1909 5729 579 1910 5730 941 1910 5731 943 1910 5732 579 1911 5733 943 1911 5734 574 1911 5735 574 1912 5736 943 1912 5737 945 1912 5738 574 1913 5739 945 1913 5740 571 1913 5741 571 1914 5742 945 1914 5743 946 1914 5744 571 1915 5745 946 1915 5746 567 1915 5747 567 1916 5748 946 1916 5749 949 1916 5750 567 1917 5751 949 1917 5752 562 1917 5753 562 1918 5754 949 1918 5755 951 1918 5756 562 1919 5757 951 1919 5758 558 1919 5759 558 1920 5760 951 1920 5761 888 1920 5762 558 1921 5763 888 1921 5764 554 1921 5765 554 1922 5766 888 1922 5767 887 1922 5768 554 1923 5769 887 1923 5770 550 1923 5771 550 1924 5772 887 1924 5773 885 1924 5774 550 1925 5775 885 1925 5776 547 1925 5777 547 1926 5778 885 1926 5779 891 1926 5780 547 1927 5781 891 1927 5782 543 1927 5783 543 1928 5784 891 1928 5785 892 1928 5786 543 1929 5787 892 1929 5788 539 1929 5789 539 1930 5790 892 1930 5791 894 1930 5792 539 1931 5793 894 1931 5794 535 1931 5795 535 1932 5796 894 1932 5797 896 1932 5798 535 1933 5799 896 1933 5800 531 1933 5801 531 1934 5802 896 1934 5803 898 1934 5804 531 1935 5805 898 1935 5806 508 1935 5807 508 1936 5808 898 1936 5809 900 1936 5810 508 1937 5811 900 1937 5812 510 1937 5813 510 1938 5814 900 1938 5815 902 1938 5816 510 1939 5817 902 1939 5818 513 1939 5819 513 1940 5820 902 1940 5821 904 1940 5822 513 1941 5823 904 1941 5824 617 1941 5825 617 1942 5826 904 1942 5827 906 1942 5828 617 1943 5829 906 1943 5830 618 1943 5831 618 1944 5832 906 1944 5833 908 1944 5834 618 1945 5835 908 1945 5836 621 1945 5837 621 1946 5838 908 1946 5839 911 1946 5840 621 1947 5841 911 1947 5842 623 1947 5843 623 1948 5844 911 1948 5845 912 1948 5846 623 1949 5847 912 1949 5848 597 1949 5849 597 1950 5850 912 1950 5851 914 1950 5852 878 1951 5853 1027 1951 5854 876 1951 5855 712 1952 5856 957 1952 5857 708 1952 5858 862 1953 5859 1020 1953 5860 860 1953 5861 880 1954 5862 1040 1954 5863 878 1954 5864 729 1955 5865 952 1955 5866 724 1955 5867 847 1956 5868 1025 1956 5869 844 1956 5870 865 1957 5871 1022 1957 5872 862 1957 5873 784 1958 5874 1014 1958 5875 780 1958 5876 849 1959 5877 1039 1959 5878 847 1959 5879 836 1960 5880 991 1960 5881 882 1960 5882 768 1961 5883 1013 1961 5884 764 1961 5885 870 1962 5886 986 1962 5887 868 1962 5888 752 1963 5889 1011 1963 5890 749 1963 5891 855 1964 5892 982 1964 5893 853 1964 5894 736 1965 5895 1008 1965 5896 733 1965 5897 844 1966 5898 1017 1966 5899 843 1966 5900 838 1967 5901 978 1967 5902 836 1967 5903 720 1968 5904 1007 1968 5905 716 1968 5906 693 1969 5907 977 1969 5908 784 1969 5909 705 1970 5910 1005 1970 5911 700 1970 5912 777 1971 5913 973 1971 5914 772 1971 5915 760 1972 5916 969 1972 5917 756 1972 5918 745 1973 5919 964 1973 5920 741 1973 5921 876 1974 5922 1018 1974 5923 874 1974 5924 882 1975 5925 1043 1975 5926 880 1975 5927 860 1976 5928 993 1976 5929 858 1976 5930 867 1977 5931 998 1977 5932 865 1977 5933 851 1978 5934 1042 1978 5935 849 1978 5936 874 1979 5937 1003 1979 5938 872 1979 5939 772 1980 5940 1038 1980 5941 768 1980 5942 858 1981 5943 994 1981 5944 857 1981 5945 756 1982 5946 1037 1982 5947 752 1982 5948 843 1983 5949 1001 1983 5950 840 1983 5951 741 1984 5952 1036 1984 5953 736 1984 5954 780 1985 5955 974 1985 5956 777 1985 5957 724 1986 5958 1034 1986 5959 720 1986 5960 764 1987 5961 971 1987 5962 760 1987 5963 708 1988 5964 1033 1988 5965 705 1988 5966 749 1989 5967 967 1989 5968 745 1989 5969 868 1990 5970 996 1990 5971 867 1990 5972 733 1991 5973 955 1991 5974 729 1991 5975 853 1992 5976 1041 1992 5977 851 1992 5978 716 1993 5979 959 1993 5980 712 1993 5981 700 1994 5982 963 1994 5983 696 1994 5984 872 1995 5985 989 1995 5986 870 1995 5987 857 1996 5988 984 1996 5989 855 1996 5990 840 1997 5991 980 1997 5992 838 1997 5993 696 1998 5994 961 1998 5995 693 1998 5996 1017 1999 5997 1075 1999 5998 1001 1999 5999 1001 2000 6000 1073 2000 6001 1031 2000 6002 1025 2001 6003 1076 2001 6004 1017 2001 6005 1029 2002 6006 974 2002 6007 1031 2002 6008 1031 2003 6009 974 2003 6010 989 2003 6011 1031 2004 6012 989 2004 6013 1003 2004 6014 964 2005 6015 1074 2005 6016 1078 2005 6017 1029 2006 6018 964 2006 6019 967 2006 6020 1029 2007 6021 967 2007 6022 1011 2007 6023 1079 2008 6024 959 2008 6025 1080 2008 6026 1007 2009 6027 1080 2009 6028 959 2009 6029 1034 2010 6030 1081 2010 6031 1007 2010 6032 1005 2011 6033 1020 2011 6034 963 2011 6035 963 2012 6036 1020 2012 6037 1022 2012 6038 963 2013 6039 1022 2013 6040 998 2013 6041 1005 2014 6042 1033 2014 6043 1020 2014 6044 1020 2015 6045 1033 2015 6046 993 2015 6047 993 2016 6048 1033 2016 6049 957 2016 6050 993 2017 6051 957 2017 6052 994 2017 6053 994 2018 6054 957 2018 6055 959 2018 6056 994 2019 6057 959 2019 6058 984 2019 6059 1079 2020 6060 984 2020 6061 959 2020 6062 1083 2021 6063 982 2021 6064 984 2021 6065 1084 2022 6066 1041 2022 6067 982 2022 6068 1085 2023 6069 1042 2023 6070 1041 2023 6071 1087 2024 6072 1042 2024 6073 1086 2024 6074 1039 2025 6075 1077 2025 6076 1025 2025 6077 952 2026 6078 1082 2026 6079 1034 2026 6080 1089 2027 6081 952 2027 6082 955 2027 6083 955 2028 6084 1090 2028 6085 1089 2028 6086 1008 2029 6087 1091 2029 6088 1090 2029 6089 1036 2030 6090 1078 2030 6091 1091 2030 6092 1011 2031 6093 1037 2031 6094 1029 2031 6095 1029 2032 6096 1037 2032 6097 969 2032 6098 1029 2033 6099 969 2033 6100 971 2033 6101 971 2034 6102 1013 2034 6103 1029 2034 6104 1029 2035 6105 1013 2035 6106 1038 2035 6107 1029 2036 6108 1038 2036 6109 973 2036 6110 973 2037 6111 974 2037 6112 1029 2037 6113 989 2038 6114 974 2038 6115 986 2038 6116 986 2039 6117 974 2039 6118 1014 2039 6119 986 2040 6120 1014 2040 6121 977 2040 6122 986 2041 6123 977 2041 6124 996 2041 6125 996 2042 6126 977 2042 6127 961 2042 6128 996 2043 6129 961 2043 6130 998 2043 6131 998 2044 6132 961 2044 6133 963 2044 6134 978 2045 6135 980 2045 6136 1031 2045 6137 1031 2046 6138 980 2046 6139 1001 2046 6140 1003 2047 6141 1018 2047 6142 1031 2047 6143 1031 2048 6144 1018 2048 6145 1027 2048 6146 1031 2049 6147 1027 2049 6148 1040 2049 6149 1040 2050 6150 1043 2050 6151 1031 2050 6152 1031 2051 6153 1043 2051 6154 991 2051 6155 1031 2052 6156 991 2052 6157 978 2052 6158 1092 2053 6159 1083 2053 6160 1079 2053 6161 428 2054 6162 0 2054 6163 426 2054 6164 1031 2055 6165 1094 2055 6166 1029 2055 6167 1095 2056 6168 1096 2056 6169 1094 2056 6170 467 2057 6171 1062 2057 6172 1050 2057 6173 1063 2058 6174 584 2058 6175 1092 2058 6176 584 2059 6177 464 2059 6178 1048 2059 6179 1092 2060 6180 584 2060 6181 489 2060 6182 1048 2061 6183 9 2061 6184 487 2061 6185 9 2062 6186 428 2062 6187 487 2062 6188 489 2063 6189 584 2063 6190 487 2063 6191 1031 2064 6192 1073 2064 6193 489 2064 6194 1073 2065 6195 1092 2065 6196 489 2065 6197 489 2066 6198 480 2066 6199 1031 2066 6200 584 2067 6201 1063 2067 6202 1069 2067 6203 1044 2068 6204 467 2068 6205 553 2068 6206 553 2069 6207 1069 2069 6208 1093 2069 6209 1093 2070 6210 1074 2070 6211 485 2070 6212 1074 2071 6213 1029 2071 6214 485 2071 6215 1029 2072 6216 478 2072 6217 485 2072 6218 483 2073 6219 426 2073 6220 0 2073 6221 483 2074 6222 0 2074 6223 1044 2074 6224 1093 2075 6225 485 2075 6226 553 2075 6227 485 2076 6228 483 2076 6229 553 2076 6230 1069 2077 6231 1063 2077 6232 1092 2077 6233 1044 2078 6234 0 2078 6235 3 2078 6236 5 2079 6237 1046 2079 6238 1045 2079 6239 6 2080 6240 1047 2080 6241 1046 2080 6242 17 2081 6243 9 2081 6244 1048 2081 6245 25 2082 6246 1052 2082 6247 1051 2082 6248 27 2083 6249 1053 2083 6250 1052 2083 6251 29 2084 6252 1054 2084 6253 1047 2084 6254 31 2085 6255 1055 2085 6256 1054 2085 6257 33 2086 6258 1056 2086 6259 1055 2086 6260 34 2087 6261 1057 2087 6262 1056 2087 6263 1058 2088 6264 1057 2088 6265 34 2088 6266 1059 2089 6267 1058 2089 6268 37 2089 6269 1060 2090 6270 1059 2090 6271 39 2090 6272 1061 2091 6273 1060 2091 6274 41 2091 6275 1062 2092 6276 1061 2092 6277 43 2092 6278 1050 2093 6279 1062 2093 6280 44 2093 6281 111 2094 6282 1064 2094 6283 1053 2094 6284 113 2095 6285 1065 2095 6286 1064 2095 6287 115 2096 6288 1066 2096 6289 1065 2096 6290 115 2097 6291 117 2097 6292 1067 2097 6293 117 2098 6294 119 2098 6295 1068 2098 6296 119 2099 6297 121 2099 6298 1070 2099 6299 121 2100 6300 122 2100 6301 1071 2100 6302 122 2101 6303 125 2101 6304 1072 2101 6305 125 2102 6306 17 2102 6307 1049 2102 6308 1029 2103 6309 1031 2103 6310 480 2103 6311 878 2104 6312 1040 2104 6313 1027 2104 6314 712 2105 6315 959 2105 6316 957 2105 6317 862 2106 6318 1022 2106 6319 1020 2106 6320 880 2107 6321 1043 2107 6322 1040 2107 6323 729 2108 6324 955 2108 6325 952 2108 6326 847 2109 6327 1039 2109 6328 1025 2109 6329 865 2110 6330 998 2110 6331 1022 2110 6332 784 2111 6333 977 2111 6334 1014 2111 6335 849 2112 6336 1042 2112 6337 1039 2112 6338 836 2113 6339 978 2113 6340 991 2113 6341 768 2114 6342 1038 2114 6343 1013 2114 6344 870 2115 6345 989 2115 6346 986 2115 6347 752 2116 6348 1037 2116 6349 1011 2116 6350 855 2117 6351 984 2117 6352 982 2117 6353 736 2118 6354 1036 2118 6355 1008 2118 6356 844 2119 6357 1025 2119 6358 1017 2119 6359 838 2120 6360 980 2120 6361 978 2120 6362 720 2121 6363 1034 2121 6364 1007 2121 6365 693 2122 6366 961 2122 6367 977 2122 6368 705 2123 6369 1033 2123 6370 1005 2123 6371 777 2124 6372 974 2124 6373 973 2124 6374 760 2125 6375 971 2125 6376 969 2125 6377 745 2126 6378 967 2126 6379 964 2126 6380 876 2127 6381 1027 2127 6382 1018 2127 6383 882 2128 6384 991 2128 6385 1043 2128 6386 860 2129 6387 1020 2129 6388 993 2129 6389 867 2130 6390 996 2130 6391 998 2130 6392 851 2131 6393 1041 2131 6394 1042 2131 6395 874 2132 6396 1018 2132 6397 1003 2132 6398 772 2133 6399 973 2133 6400 1038 2133 6401 858 2134 6402 993 2134 6403 994 2134 6404 756 2135 6405 969 2135 6406 1037 2135 6407 843 2136 6408 1017 2136 6409 1001 2136 6410 741 2137 6411 964 2137 6412 1036 2137 6413 780 2138 6414 1014 2138 6415 974 2138 6416 724 2139 6417 952 2139 6418 1034 2139 6419 764 2140 6420 1013 2140 6421 971 2140 6422 708 2141 6423 957 2141 6424 1033 2141 6425 749 2142 6426 1011 2142 6427 967 2142 6428 868 2143 6429 986 2143 6430 996 2143 6431 733 2144 6432 1008 2144 6433 955 2144 6434 853 2145 6435 982 2145 6436 1041 2145 6437 716 2146 6438 1007 2146 6439 959 2146 6440 700 2147 6441 1005 2147 6442 963 2147 6443 872 2148 6444 1003 2148 6445 989 2148 6446 857 2149 6447 994 2149 6448 984 2149 6449 840 2150 6450 1001 2150 6451 980 2150 6452 696 2151 6453 963 2151 6454 961 2151 6455 1017 2152 6456 1076 2152 6457 1075 2152 6458 1001 2153 6459 1075 2153 6460 1073 2153 6461 1025 2154 6462 1077 2154 6463 1076 2154 6464 964 2155 6465 1029 2155 6466 1074 2155 6467 1007 2156 6468 1081 2156 6469 1080 2156 6470 1034 2157 6471 1082 2157 6472 1081 2157 6473 1079 2158 6474 1083 2158 6475 984 2158 6476 1083 2159 6477 1084 2159 6478 982 2159 6479 1084 2160 6480 1085 2160 6481 1041 2160 6482 1085 2161 6483 1086 2161 6484 1042 2161 6485 1087 2162 6486 1039 2162 6487 1042 2162 6488 1039 2163 6489 1087 2163 6490 1077 2163 6491 952 2164 6492 1088 2164 6493 1082 2164 6494 1089 2165 6495 1088 2165 6496 952 2165 6497 955 2166 6498 1008 2166 6499 1090 2166 6500 1008 2167 6501 1036 2167 6502 1091 2167 6503 1036 2168 6504 964 2168 6505 1078 2168 6506 1092 2169 6507 1073 2169 6508 1075 2169 6509 1092 2170 6510 1075 2170 6511 1076 2170 6512 1074 2171 6513 1093 2171 6514 1078 2171 6515 1093 2172 6516 1092 2172 6517 1079 2172 6518 1078 2173 6519 1093 2173 6520 1091 2173 6521 1091 2174 6522 1093 2174 6523 1090 2174 6524 1092 2175 6525 1076 2175 6526 1077 2175 6527 1092 2176 6528 1077 2176 6529 1087 2176 6530 1090 2177 6531 1093 2177 6532 1089 2177 6533 1089 2178 6534 1093 2178 6535 1088 2178 6536 1092 2179 6537 1087 2179 6538 1086 2179 6539 1092 2180 6540 1086 2180 6541 1085 2180 6542 1088 2181 6543 1093 2181 6544 1082 2181 6545 1082 2182 6546 1093 2182 6547 1081 2182 6548 1092 2183 6549 1085 2183 6550 1084 2183 6551 1092 2184 6552 1084 2184 6553 1083 2184 6554 1081 2185 6555 1093 2185 6556 1080 2185 6557 1080 2186 6558 1093 2186 6559 1079 2186 6560 428 2187 6561 9 2187 6562 0 2187 6563 1031 2188 6564 1095 2188 6565 1094 2188 6566 1095 2189 6567 1097 2189 6568 1096 2189 6569 1048 2190 6570 464 2190 6571 1049 2190 6572 464 2191 6573 467 2191 6574 1050 2191 6575 1049 2192 6576 464 2192 6577 1072 2192 6578 467 2193 6579 1044 2193 6580 1045 2193 6581 467 2194 6582 1045 2194 6583 1046 2194 6584 1072 2195 6585 464 2195 6586 1071 2195 6587 1071 2196 6588 464 2196 6589 1070 2196 6590 467 2197 6591 1046 2197 6592 1047 2197 6593 467 2198 6594 1047 2198 6595 1054 2198 6596 1070 2199 6597 464 2199 6598 1068 2199 6599 1068 2200 6600 464 2200 6601 1067 2200 6602 467 2201 6603 1054 2201 6604 1055 2201 6605 467 2202 6606 1055 2202 6607 1056 2202 6608 1067 2203 6609 464 2203 6610 1066 2203 6611 1066 2204 6612 464 2204 6613 1065 2204 6614 467 2205 6615 1056 2205 6616 1057 2205 6617 467 2206 6618 1057 2206 6619 1058 2206 6620 1065 2207 6621 464 2207 6622 1064 2207 6623 1064 2208 6624 464 2208 6625 1053 2208 6626 467 2209 6627 1058 2209 6628 1059 2209 6629 467 2210 6630 1059 2210 6631 1060 2210 6632 1053 2211 6633 464 2211 6634 1052 2211 6635 1052 2212 6636 464 2212 6637 1051 2212 6638 467 2213 6639 1060 2213 6640 1061 2213 6641 467 2214 6642 1061 2214 6643 1062 2214 6644 1051 2215 6645 464 2215 6646 1050 2215 6647</p>
        </triangles>
      </mesh>
    </geometry>
    <geometry id="panda_attach_gs_mini-mesh" name="panda_attach_gs_mini">
      <mesh>
        <source id="panda_attach_gs_mini-mesh-positions">
          <float_array id="panda_attach_gs_mini-mesh-positions-array" count="618">-0.010405 0.003963947 -0.01838696 0.01030296 0.003999948 -0.01967495 -0.01030695 0.003999948 -0.01970398 -0.01032799 0.006311953 -0.01741099 0.01033794 0.006347954 -0.01741099 -0.01034998 0.001799941 -0.002562999 -0.01046395 0.001740992 -0.008071959 -0.01036596 1.33e-4 -0.002523958 -0.01033794 0.003837943 -0.008028984 -0.01049798 0.003807961 -0.01066797 -0.01037496 0.01777297 -0.01157695 -0.01037895 0.01885199 -0.01279199 -0.01040196 0.00476998 -0.01741397 -0.010333 0.01882696 -0.01621496 -0.01050096 0.01771396 -0.01703596 -0.01046395 0.001740992 -0.02075397 -0.01025599 0.003919959 -0.02079796 -0.01039099 1.64e-4 -0.02630394 -0.01034998 0.001799941 -0.02626299 -0.005032956 0.003874957 -0.005964994 0.006783962 0.003921985 -0.007869958 0.01033896 0.003837943 -0.008028984 -0.006687998 0.003912985 -0.00782597 -0.004874944 0.003874957 -0.002587974 0.004874944 0.003824949 -0.002537965 0.004881978 0.003997981 -0.006313979 0.01034998 0.001799941 -0.002562999 0.00486195 0.001760959 -0.002481997 0.010378 1.53e-4 -0.002534985 -0.004860997 0.001760959 -0.002481997 0.01038897 1.33e-4 -0.02627998 0.004900991 0.001760959 -0.02634495 0.01034998 0.001799941 -0.02626299 -0.004837989 0.003837943 -0.02629798 0.004838943 0.003884971 -0.02625197 -0.004912972 0.00177896 -0.02631497 -0.004739999 0.003991961 -0.02308696 0.004736959 0.003989994 -0.02311295 0.01039797 0.00475198 -0.01140695 -0.01040297 0.004798948 -0.01144498 0.01038295 0.01879996 -0.01261198 0.01026898 0.003931999 -0.02076297 0.01045894 0.001744985 -0.02080297 0.01046496 0.001740992 -0.008071959 0.01049798 0.003798961 -0.01065397 0.01040899 0.01771897 -0.011617 0.010499 0.004729986 -0.017232 0.01032799 0.01887297 -0.016056 0.01040196 0.003997981 -0.01821196 0.01050198 0.01771396 -0.01703596 0.007072985 0.001899957 -0.02100598 0.005206942 0.001899957 -0.02254098 0.005030989 0.003700971 -0.02334898 0.005555987 0.003699958 -0.022134 0.006973981 0.003698945 -0.02102094 0.005150973 0.001899957 -0.00613898 0.006992995 0.001899957 -0.007812976 0.005120992 0.003693997 -0.005961954 -0.005205988 0.001899957 -0.02254098 -0.007104992 0.001899957 -0.02099096 -0.006962954 0.003688991 -0.02102994 -0.005555987 0.003699958 -0.022134 -0.005030989 0.003702998 -0.02333998 -0.005050957 0.001899957 -0.005644977 -0.005777955 0.001899957 -0.006962954 -0.007154941 0.001899957 -0.007843971 0.01021295 0.004017949 -0.01028096 -0.01020997 0.004014968 -0.01025795 0.01020598 0.005109965 -0.01744198 0.01019799 0.01776999 -0.01733398 -0.010194 0.017681 -0.01734995 -0.006565988 0.003996968 -0.02081894 0.006602942 0.003996968 -0.02079498 0.001799941 0.01199996 -0.01150697 0.001880943 0.01118099 -0.01149398 0.001880943 0.01281899 -0.01152098 0.002119958 0.01360696 -0.01153397 0.00248295 0.009712994 -0.01147198 0.002119958 0.01039296 -0.011482 0.002507984 0.01433295 -0.01154696 0.003029942 0.01497 -0.01155799 0.004392981 0.01587998 -0.01157498 0.003666996 0.01549196 -0.01156795 0.005448997 0.007853984 -0.01144796 0.005999982 0.007799983 -0.01144796 0.005999982 0.0162 -0.01158398 0.005180954 0.016119 -0.011581 0.007606983 0.00812 -0.01145595 0.007606983 0.01587998 -0.01158195 0.008969962 0.009029984 -0.011473 0.008969962 0.01497 -0.01156997 0.008332967 0.008507966 -0.01146399 0.008332967 0.01549196 -0.01157695 0.009879946 0.01039296 -0.01149696 0.01019996 0.01199996 -0.01152396 0.01011896 0.01118099 -0.01151096 0.01011896 0.01281899 -0.01153695 0.00949198 0.009666979 -0.01148498 0.009879946 0.01360696 -0.01154899 0.00949198 0.01433295 -0.01155996 0.00681895 0.016119 -0.01158398 0.00681895 0.007880985 -0.01145094 0.003029942 0.009029984 -0.01146399 0.002507984 0.009666979 -0.01147097 0.004392981 0.00812 -0.01145195 0.005180954 0.007880985 -0.01144796 0.003666996 0.008507966 -0.01145696 0.002119958 0.01360696 -0.01736199 0.003029942 0.01497 -0.01735395 0.002507984 0.01433295 -0.017358 0.003666996 0.01549196 -0.01735097 0.005180954 0.016119 -0.01734697 0.004392981 0.01587998 -0.017349 0.00681895 0.016119 -0.01734495 0.005999982 0.0162 -0.01734596 0.001799941 0.01199996 -0.01737296 0.001880943 0.01118099 -0.01737797 0.001880943 0.01281899 -0.017367 0.002507984 0.009666979 -0.01738899 0.002119958 0.01039296 -0.01738399 0.004392981 0.00812 -0.01739895 0.003666996 0.008507966 -0.01739597 0.00681895 0.007880985 -0.01740097 0.005999982 0.007799983 -0.01740097 0.005180954 0.007880985 -0.01740097 0.003029942 0.009029984 -0.01739299 0.008969962 0.009029984 -0.01739299 0.008969962 0.01497 -0.01735299 0.008332967 0.008507966 -0.01739597 0.008332967 0.01549196 -0.017349 0.009879946 0.01039296 -0.01738399 0.009879946 0.01360696 -0.01736199 0.01019996 0.01199996 -0.01737296 0.01011896 0.01118099 -0.01737797 0.01011896 0.01281899 -0.017367 0.00949198 0.01433295 -0.01735699 0.007606983 0.00812 -0.01739895 0.00949198 0.009666979 -0.01738899 0.007606983 0.01587998 -0.01734697 -0.007437944 0.01593196 -0.01155298 -0.001841962 0.01242399 -0.01150697 -0.001880943 0.01281899 -0.01151299 -0.002119958 0.01360696 -0.01152598 -0.00681895 0.016119 -0.01155698 -0.002507984 0.01433295 -0.01153695 -0.005999982 0.0162 -0.01155996 -0.003666996 0.01549196 -0.01155298 -0.003029942 0.01497 -0.01154595 -0.005180954 0.016119 -0.01155996 -0.004392981 0.01587998 -0.01155799 -0.01019996 0.01199996 -0.011518 -0.01011896 0.01118099 -0.011509 -0.009879946 0.01039296 -0.01150095 -0.01011896 0.01281899 -0.01152598 -0.009879946 0.01360696 -0.01153397 -0.00949198 0.01433295 -0.01153999 -0.008332967 0.008507966 -0.01147896 -0.008332967 0.01549196 -0.01154994 -0.008969962 0.009029984 -0.01148498 -0.008969962 0.01497 -0.01154595 -0.00949198 0.009666979 -0.01149296 -0.00681895 0.007880985 -0.01146996 -0.004392981 0.00812 -0.01146799 -0.005180954 0.007880985 -0.01146697 -0.005999982 0.007799983 -0.01146799 -0.003029942 0.009029984 -0.01147496 -0.002507984 0.009666979 -0.01147997 -0.001880943 0.01118099 -0.01149499 -0.001799941 0.01199996 -0.01150298 -0.002119958 0.01039296 -0.01148694 -0.003666996 0.008507966 -0.01147097 -0.007606983 0.00812 -0.01147395 -0.007606983 0.01587998 -0.01155298 -0.01019996 0.01199996 -0.01737999 -0.01011896 0.01118099 -0.017385 -0.009879946 0.01360696 -0.01737195 -0.009879946 0.01039296 -0.01738899 -0.01011896 0.01281899 -0.017376 -0.00949198 0.009666979 -0.01739299 -0.008332967 0.008507966 -0.01739895 -0.008451998 0.008604943 -0.01739799 -0.008332967 0.01549196 -0.01736098 -0.008969962 0.009029984 -0.01739597 -0.008969962 0.01497 -0.01736396 -0.00949198 0.01433295 -0.01736795 -0.00681895 0.007880985 -0.01740199 -0.004392981 0.00812 -0.01739996 -0.005180954 0.007880985 -0.01740199 -0.005999982 0.007799983 -0.01740199 -0.002507984 0.009666979 -0.01739096 -0.003029942 0.009029984 -0.01739495 -0.001799941 0.01199996 -0.01737898 -0.002119958 0.01039296 -0.01738697 -0.001880943 0.01118099 -0.01738297 -0.003666996 0.008507966 -0.01739799 -0.007606983 0.00812 -0.01740097 -0.007606983 0.01587998 -0.01735895 -0.005180954 0.016119 -0.01735496 -0.004392981 0.01587998 -0.01735496 -0.005999982 0.0162 -0.01735496 -0.003029942 0.01497 -0.01735895 -0.003666996 0.01549196 -0.01735699 -0.00681895 0.016119 -0.01735597 -0.002507984 0.01433295 -0.01736295 -0.001880943 0.01281899 -0.01737195 -0.002119958 0.01360696 -0.017367</float_array>
          <technique_common>
            <accessor source="#panda_attach_gs_mini-mesh-positions-array" count="206" stride="3">
              <param name="X" type="float"/>
              <param name="Y" type="float"/>
              <param name="Z" type="float"/>
            </accessor>
          </technique_common>
        </source>
        <source id="panda_attach_gs_mini-mesh-normals">
          <float_array id="panda_attach_gs_mini-mesh-normals-array" count="1374">-0.7815675 0.5869448 -0.211301 0.4955008 0.8673467 -0.0467838 -0.5950606 0.8021891 -0.04894572 0.8120978 0.5129467 -0.2781781 -0.2255305 0.01370203 -0.9741398 0.3574923 0.2304427 -0.905039 -0.8107634 0.2535338 -0.5276206 0.437672 0.0115832 -0.8990601 -0.5752675 0.5836752 0.5730537 -0.9250027 0.252207 0.2841863 -0.5761651 -0.5717912 0.5840279 -0.5673049 0.5639804 0.6000762 -0.9706918 0.2089097 0.118804 -0.624756 0.7296699 0.2779601 -0.8809556 0.2246875 -0.4164529 -0.6189928 0.3241398 0.7153889 -0.8108389 0.3088515 0.4971429 -0.5693823 0.7626909 -0.306768 -0.9224048 0.2688735 -0.2772662 -0.5545626 0.5746255 -0.6018854 -0.5806081 -0.5657114 -0.5855467 -0.5691232 0.5881237 -0.5746385 0.3987918 0.8802576 0.2571218 0.2468137 0.8037775 0.5413177 0.5677158 0.5641776 0.599502 -0.3891646 0.8853814 0.2542657 -0.2485412 0.7940229 0.5547568 -0.5752366 0.7837849 0.2340603 -0.5668662 0.5897876 0.5751638 0.2066872 0.9718955 0.1126927 0.5596435 0.5721114 0.5995731 0.5722454 0.5844497 0.575286 0.2815422 0.2688489 0.9211159 0.5792331 -0.5706855 0.5820714 -0.2778161 0.2818288 0.9183632 0.5814006 -0.5716281 -0.5789773 0.2819894 0.2839834 -0.9164254 0.5701671 0.5842775 -0.57752 -0.5511596 0.5767953 -0.6029347 0.5532788 0.5908926 -0.587136 -0.2896717 0.2979593 -0.9095662 -0.2807261 0.9547359 -0.09834706 0.2834042 0.95451 -0.09269666 0.001975357 0.01626652 0.9998658 0.002065837 0.01572883 0.9998742 0.6318542 0.289368 0.7190455 -0.001903653 0.01036369 0.9999445 -0.002139627 0.01080179 0.9999394 0.5737593 0.7745352 -0.2662622 0.6126073 0.7214334 0.3228719 0.5610724 0.5879911 -0.5826358 0.9182071 0.280807 -0.2793625 0.9247525 0.2536523 0.2837137 0.9695082 0.2143663 0.1187474 0.8899536 0.2129403 -0.4032855 0.8019723 0.3215184 0.5034544 0.9751108 0.06928026 -0.2106164 0.2834367 0.6386196 -0.715422 0.6845009 0.6267892 -0.3722819 0.8923349 0.4219329 -0.1603472 0.7680233 0.1193134 -0.6292096 0.2714346 0.4162804 -0.8677754 0.7025437 0.6252333 0.3398761 0.2893788 0.6523971 0.7004556 0.8617428 0.4082607 0.3012022 -0.2831306 0.6382939 -0.7158338 -0.6846858 0.627273 -0.3711251 -0.273084 0.3918923 -0.8785476 -0.7654968 0.1419361 -0.6275897 -0.8901743 0.425593 -0.1626662 -0.7156944 0.6693481 0.1993857 -0.217516 0.6656141 0.7138941 -0.5452351 0.6716427 0.5016122 0.3401335 0.3762013 -0.8618479 -0.3346953 0.3322587 -0.8818069 -0.1255903 0.9603403 -0.2489454 0.1204338 0.9618877 -0.2454952 0.007043063 0.005283415 -0.9999613 4.23818e-4 0.004784584 -0.9999885 -6.70618e-4 0.008001029 -0.9999678 9.96745e-4 0.006753504 -0.9999768 -0.9951781 0.09808599 0 -0.9951779 0.09808707 0 -0.9951781 0.09808588 0 -0.9569524 0.2902452 0 -0.9569528 0.2902436 0 -0.9569523 0.2902454 0 -0.8819494 0.4713441 0 -0.881949 0.471345 0 -0.8819495 0.4713439 0 -0.7730447 0.6343517 0 -0.7730441 0.6343523 0 -0.7730447 0.6343516 0 -0.6343519 0.7730445 0 -0.6343529 0.7730437 0 -0.6343517 0.7730447 0 -0.4713444 0.8819494 0 -0.4713435 0.8819497 0 -0.4713445 0.8819493 0 -0.2902439 0.9569528 0 -0.2902443 0.9569526 0 -0.2902438 0.9569528 0 -0.09808695 0.9951779 0 -0.09808689 0.9951779 0 -0.09808695 0.9951779 -1.22351e-6 0.09855514 0.9951316 -2.88708e-5 0.09720361 0.9952645 -3.25082e-5 0.09803628 0.9951829 4.51226e-5 0.2902441 0.9569528 0 0.2902442 0.9569527 0 0.4713437 0.8819496 0 0.4713441 0.8819495 0 0.4713442 0.8819495 0 0.6343523 0.7730442 5.70409e-6 0.6343522 0.7730443 0 0.6343522 0.7730443 0 0.7729837 0.634426 0 0.7729837 0.634426 3.72621e-6 0.7729837 0.634426 0 0.881968 0.4713093 5.69003e-5 0.8821734 0.470925 0 0.8803861 0.4742579 2.7272e-6 0.9569528 0.2902438 0 0.9569529 0.2902435 0 0.9569529 0.2902434 0 0.9951779 0.09808701 0 0.9951779 0.09808695 0 0.9951779 0.09808695 0 0.9951779 -0.09808695 0 0.9951779 -0.09808713 2.44621e-6 0.9951779 -0.09808713 0 0.956953 -0.290243 0 0.9569529 -0.2902435 0 0.9569529 -0.2902435 0 0.8819495 -0.4713442 0 0.8819493 -0.4713444 0 0.8819493 -0.4713445 0 0.7730447 -0.6343517 8.96321e-6 0.7730444 -0.634352 0 0.7730444 -0.634352 0 0.6344997 -0.7729231 0 0.6344998 -0.7729232 3.144e-6 0.6344998 -0.7729232 0 0.4713448 -0.881949 0 0.4713445 -0.8819492 0 0.4713444 -0.8819493 0 0.2902432 -0.956953 0 0.2902428 -0.9569531 0 0.2902427 -0.9569531 0 0.09808796 -0.9951778 1.22313e-6 0.09808808 -0.9951778 0 0.09808808 -0.9951778 0 -0.09808796 -0.9951778 0 -0.0980879 -0.9951778 0 -0.09808796 -0.9951778 4.07838e-7 -0.2902427 -0.9569531 0 -0.2902433 -0.9569529 0 -0.2902433 -0.9569529 0 -0.471345 -0.8819489 0 -0.4713447 -0.8819492 0 -0.4713451 -0.8819489 0 -0.6344254 -0.7729842 0 -0.6344264 -0.7729834 0 -0.6344253 -0.7729843 0 -0.7729226 -0.6345003 0 -0.7729233 -0.6344994 0 -0.7729225 -0.6345004 0 -0.881949 -0.4713448 0 -0.8819488 -0.4713454 0 -0.8819491 -0.4713448 0 -0.9569531 -0.2902429 0 -0.9569528 -0.2902441 0 -0.9569531 -0.2902428 0 -0.9951778 -0.0980879 0 -0.9951779 -0.09808659 0 -0.9951778 -0.09808802 0 -0.9951778 0.09808725 0 -0.9951779 0.09808677 0 -0.9951778 0.09808731 0 -0.9569528 0.2902439 0 -0.9569529 0.2902434 0 -0.9569527 0.2902439 0 -0.8819493 0.4713446 0 -0.8819493 0.4713444 0 -0.8819492 0.4713447 0 -0.7730443 0.634352 0 -0.7730447 0.6343518 0 -0.7730444 0.6343521 -4.07475e-6 -0.6343519 0.7730445 0 -0.6343522 0.7730444 0 -0.6343519 0.7730445 0 -0.4713438 0.8819497 0 -0.4713439 0.8819495 0 -0.4713438 0.8819497 0 -0.2902442 0.9569526 0 -0.2902439 0.9569527 0 -0.2902439 0.9569528 0 -0.09794372 0.9951921 5.82626e-7 -0.09794372 0.9951921 1.60854e-7 -0.09794366 0.9951919 0 0.09794372 0.995192 0 0.09794366 0.9951919 0 0.09794366 0.995192 0 0.2902441 0.9569528 0 0.2902442 0.9569526 0 0.4713445 0.8819493 0 0.4713435 0.8819497 0 0.4713435 0.8819498 0 0.6343181 0.7730723 -3.5696e-5 0.6323394 0.7746915 3.08426e-5 0.6335732 0.7736828 2.78459e-5 0.772984 0.6344255 0 0.7729837 0.634426 2.79293e-6 0.7729836 0.6344261 0 0.8819488 0.4713454 0 0.8819491 0.4713447 0 0.8819493 0.4713447 0 0.9569527 0.2902441 0 0.9569529 0.2902434 0 0.956953 0.2902433 0 0.995145 0.09842103 0 0.9951449 0.09842145 0 0.9951449 0.09842151 0 0.9951919 -0.09794515 0 0.9951921 -0.09794348 2.32939e-6 0.995192 -0.0979433 0 0.956953 -0.290243 0 0.9569523 -0.2902453 0 0.9569522 -0.2902455 0 0.8819493 -0.4713444 0 0.8819493 -0.4713444 0 0.8819493 -0.4713443 0 0.7729222 -0.6345009 6.28593e-6 0.7729231 -0.6344997 0 0.7729233 -0.6344996 0 0.6344262 -0.7729834 0 0.6344252 -0.7729843 2.79467e-6 0.6344251 -0.7729845 0 0.4713448 -0.8819491 0 0.471345 -0.8819491 0 0.2916434 -0.9565271 5.49057e-6 0.2940832 -0.9557799 0 0.2903173 -0.9569305 1.19398e-4 0.0980879 -0.9951778 1.22313e-6 0.09808814 -0.9951778 0 0.0980882 -0.9951778 0 -0.0980879 -0.9951778 0 -0.09808796 -0.9951778 0 -0.09808796 -0.9951778 0 -0.2902429 -0.9569531 0 -0.2902432 -0.956953 0 -0.2902428 -0.9569531 0 -0.4713447 -0.8819491 0 -0.4713448 -0.8819491 0 -0.6344997 -0.7729232 0 -0.6344996 -0.7729232 0 -0.6344998 -0.7729231 0 -0.7729228 -0.6345001 0 -0.7729227 -0.6345002 0 -0.7729229 -0.6345001 0 -0.8819493 -0.4713444 0 -0.8819493 -0.4713447 0 -0.8819493 -0.4713444 0 -0.9569531 -0.2902431 0 -0.9569529 -0.2902435 0 -0.9569531 -0.290243 0 -0.9951924 -0.09793943 5.83684e-6 -0.9952083 -0.09777879 6.29172e-6 -0.9951927 -0.09793692 -4.38519e-6 0.00164175 0.01581913 0.9998735 0.001582443 0.01573443 0.999875 5.06222e-4 0.01383966 0.9999041 0.001961052 0.01630765 0.9998651 0.001547694 0.01511383 0.9998846 0.001892626 0.01622271 0.9998667 0.001830756 0.01606535 0.9998694 0.00199145 0.0163908 0.9998637 0.001679837 0.01609718 0.9998691 0.002312183 0.0161969 0.9998663 0.002012193 0.01528859 0.9998812 0.001958847 0.01634854 0.9998645 0.001949131 0.01809054 0.9998345 0.001449882 0.01613461 0.9998689 0.003948986 0.0163145 0.9998592 0.002026379 0.01588213 0.9998719 0.002033293 0.01471436 0.9998897 0.001955032 0.01590955 0.9998716 0.001982629 0.01644885 0.9998629 -0.001455485 0.01611179 0.9998692 0.001748025 0.01618558 0.9998676 0.002126395 0.01637154 0.9998638 7.77315e-4 0.01377224 0.9999049 0.001941084 0.01637601 0.9998641 -5.58773e-7 0.01918363 0.9998161 0.001711428 0.01564556 0.9998762 0.001805007 0.01586431 0.9998726 0.001963734 0.01646196 0.9998627 0.00191456 0.01644712 0.9998629 0.002883553 0.01615357 0.9998655 0.00194776 0.0164566 0.9998627 0.002852678 0.01616752 0.9998652 0.001794099 0.01634693 0.9998649 0.00147897 0.0163201 0.9998658 0.001947641 0.01614379 0.9998679 0.001993298 0.01602292 0.9998697 0.002082705 0.01585578 0.9998722 0.001785516 0.01661664 0.9998604 -0.00229603 0.009320855 0.9999539 -0.001821458 0.01032608 0.9999451 -0.001727461 0.0102244 0.9999462 -0.001847743 0.009972989 0.9999486 -0.001707971 0.01030743 0.9999455 -0.001537382 0.01028823 0.999946 -0.001840353 0.009834766 0.9999499 -0.002613067 0.0100845 0.9999458 -8.96421e-4 0.01021379 0.9999474 -0.001881778 0.0106334 0.9999418 -0.001891553 0.01103729 0.9999374 -0.001326322 0.01291 0.9999158 -0.001742303 0.01065623 0.9999417 -0.00218141 0.009469687 0.9999528 -0.001810431 0.009735882 0.9999511 -0.003189623 0.0101301 0.9999436 -0.00169295 0.01017999 0.9999468 -0.001811087 0.01028287 0.9999455 -0.006036281 0.01029688 0.9999288 -0.001794219 0.009733974 0.999951 -5.75672e-4 0.01006412 0.9999492 -0.001883983 0.01021289 0.9999462 -0.002182126 0.01019304 0.9999458 -0.001414597 0.009955823 0.9999495 -0.001768648 0.01022148 0.9999462 -0.0016101 0.009983956 0.9999489 5.58398e-4 0.005240201 -0.9999862 -8.95912e-4 0.006404638 -0.9999791 1.87907e-4 0.005185306 -0.9999866 6.69846e-4 0.005466878 -0.9999849 3.65483e-4 0.005452811 -0.9999852 3.85586e-5 0.005355477 -0.9999858 5.86369e-4 0.005325496 -0.9999856 -6.73136e-4 0.005347967 -0.9999855 -0.003782987 0.005289614 -0.9999788 -0.00478065 0.005544722 -0.9999732 0.001087248 0.006556689 -0.999978 3.25195e-5 0.006557762 -0.9999785 -3.29162e-5 0.006924271 -0.9999761 0.001143038 0.004327595 -0.99999 8.92269e-4 0.005764782 -0.999983 4.93067e-4 0.004775762 -0.9999885 7.56629e-4 0.005612015 -0.999984 7.62846e-4 0.005581796 -0.9999842 7.35994e-4 0.005306959 -0.9999856 7.58232e-4 0.005504965 -0.9999846 7.00967e-4 0.002862989 -0.9999957 7.12953e-4 0.00409758 -0.9999914 8.1947e-4 0.006300508 -0.9999799 8.20167e-4 0.004977762 -0.9999873 8.64589e-4 0.005385875 -0.9999852 8.86584e-4 0.005451321 -0.9999848 0.001047015 0.006733238 -0.9999769 0.001075148 0.005417704 -0.9999848 0.001227915 0.006326854 -0.9999793 0.001253962 0.006563425 -0.9999778 0.001455426 0.007514894 -0.9999707 0.001520574 0.006832182 -0.9999755 0.001519501 0.006832122 -0.9999755 0.00145632 0.007146954 -0.9999734 0.00101763 0.004997313 -0.999987 9.09168e-4 0.007368087 -0.9999725 5.30725e-4 0.005221545 -0.9999862 4.84181e-4 0.006728291 -0.9999773 3.54589e-4 0.005799353 -0.9999831 3.45844e-4 0.00624895 -0.9999805 2.8931e-4 0.005587518 -0.9999844 2.82849e-4 0.007795572 -0.9999697 1.48871e-4 0.005086898 -0.9999871 1.34915e-4 0.008623898 -0.9999628 9.92613e-5 0.007599651 -0.9999712 5.85028e-5 0.006833851 -0.9999766 4.14037e-5 0.005832195 -0.999983 7.76038e-4 0.009210824 -0.9999573 -9.66848e-4 0.006347477 -0.9999794 3.14885e-4 0.007256746 -0.9999737 -9.90396e-5 0.006853282 -0.9999765 -3.43647e-4 0.005730748 -0.9999836 2.24361e-4 0.005190789 -0.9999865 3.94661e-5 0.006767809 -0.9999772 -4.20852e-4 0.006497144 -0.9999789 1.44134e-4 0.006664991 -0.9999778 -8.36945e-5 0.006709694 -0.9999776 7.89859e-4 0.006665647 -0.9999775 0.001909792 0.006890237 -0.9999744 -0.004243493 0.006634473 -0.999969 -0.005149126 0.006746888 -0.999964 -0.9951779 0.09808719 -2.03915e-6 -0.9569529 0.2902435 0 -0.8819489 0.4713451 0 -0.7730441 0.6343524 0 -0.634353 0.7730435 -2.44382e-6 -0.4713435 0.8819499 0 -0.2902444 0.9569526 0 -0.09808689 0.9951779 0 0.09814083 0.9951726 4.76342e-5 0.09990626 0.9949969 -3.24923e-5 0.6343523 0.7730442 0 0.7729837 0.6344259 0 0.8786224 0.4775172 0 0.8819309 0.4713787 6.16462e-5 0.9951779 0.09808701 0 0.9951779 -0.09808689 0 0.956953 -0.290243 0 0.8819494 -0.4713441 0 0.7730446 -0.6343517 0 0.6344997 -0.7729232 0 0.2902433 -0.956953 0 0.09808796 -0.9951778 0 -0.0980879 -0.9951778 0 -0.2902426 -0.9569531 0 -0.4713447 -0.8819493 0 -0.6344265 -0.7729833 -6.51897e-6 -0.7729235 -0.6344994 -4.19003e-6 -0.8819488 -0.4713454 0 -0.9569527 -0.2902442 0 -0.9951779 -0.09808647 0 -0.9951779 0.09808671 -1.63057e-6 -0.9569529 0.2902433 0 -0.8819494 0.4713444 0 -0.7730446 0.6343517 0 -0.6343522 0.7730443 -2.44381e-6 -0.471344 0.8819495 0 -0.09794372 0.995192 0 0.09794378 0.995192 0 0.2902441 0.9569527 0 0.4713446 0.8819493 0 0.6348136 0.7726655 3.08347e-5 0.6343844 0.7730178 -3.1956e-5 0.7729841 0.6344255 0 0.8819488 0.4713454 0 0.9569527 0.2902442 0 0.9951449 0.09842097 0 0.9951919 -0.09794533 0 0.9569531 -0.2902427 0 0.8819493 -0.4713445 0 0.772922 -0.634501 0 0.6344264 -0.7729834 0 0.4713447 -0.8819491 0 0.2901687 -0.9569755 1.13183e-4 0.2891923 -0.9572711 0 0.09808784 -0.9951778 0 -0.0980879 -0.9951778 0 -0.2902432 -0.956953 0 -0.4713448 -0.8819491 0 -0.6344996 -0.7729233 -7.33384e-6 -0.7729227 -0.6345003 -4.19198e-6 -0.8819491 -0.4713446 0 -0.9569529 -0.2902435 0 -0.9951912 -0.09795105 -4.37221e-6 -0.9951769 -0.09809762 6.34497e-6</float_array>
          <technique_common>
            <accessor source="#panda_attach_gs_mini-mesh-normals-array" count="458" stride="3">
              <param name="X" type="float"/>
              <param name="Y" type="float"/>
              <param name="Z" type="float"/>
            </accessor>
          </technique_common>
        </source>
        <source id="panda_attach_gs_mini-mesh-map-0">
          <float_array id="panda_attach_gs_mini-mesh-map-0-array" count="2496">0 0 0 0 0 0 0 0 0 0 0 0 0 0 0 0 0 0 0 0 0 0 0 0 0 0 0 0 0 0 0 0 0 0 0 0 0 0 0 0 0 0 0 0 0 0 0 0 0 0 0 0 0 0 0 0 0 0 0 0 0 0 0 0 0 0 0 0 0 0 0 0 0 0 0 0 0 0 0 0 0 0 0 0 0 0 0 0 0 0 0 0 0 0 0 0 0 0 0 0 0 0 0 0 0 0 0 0 0 0 0 0 0 0 0 0 0 0 0 0 0 0 0 0 0 0 0 0 0 0 0 0 0 0 0 0 0 0 0 0 0 0 0 0 0 0 0 0 0 0 0 0 0 0 0 0 0 0 0 0 0 0 0 0 0 0 0 0 0 0 0 0 0 0 0 0 0 0 0 0 0 0 0 0 0 0 0 0 0 0 0 0 0 0 0 0 0 0 0 0 0 0 0 0 0 0 0 0 0 0 0 0 0 0 0 0 0 0 0 0 0 0 0 0 0 0 0 0 0 0 0 0 0 0 0 0 0 0 0 0 0 0 0 0 0 0 0 0 0 0 0 0 0 0 0 0 0 0 0 0 0 0 0 0 0 0 0 0 0 0 0 0 0 0 0 0 0 0 0 0 0 0 0 0 0 0 0 0 0 0 0 0 0 0 0 0 0 0 0 0 0 0 0 0 0 0 0 0 0 0 0 0 0 0 0 0 0 0 0 0 0 0 0 0 0 0 0 0 0 0 0 0 0 0 0 0 0 0 0 0 0 0 0 0 0 0 0 0 0 0 0 0 0 0 0 0 0 0 0 0 0 0 0 0 0 0 0 0 0 0 0 0 0 0 0 0 0 0 0 0 0 0 0 0 0 0 0 0 0 0 0 0 0 0 0 0 0 0 0 0 0 0 0 0 0 0 0 0 0 0 0 0 0 0 0 0 0 0 0 0 0 0 0 0 0 0 0 0 0 0 0 0 0 0 0 0 0 0 0 0 0 0 0 0 0 0 0 0 0 0 0 0 0 0 0 0 0 0 0 0 0 0 0 0 0 0 0 0 0 0 0 0 0 0 0 0 0 0 0 0 0 0 0 0 0 0 0 0 0 0 0 0 0 0 0 0 0 0 0 0 0 0 0 0 0 0 0 0 0 0 0 0 0 0 0 0 0 0 0 0 0 0 0 0 0 0 0 0 0 0 0 0 0 0 0 0 0 0 0 0 0 0 0 0 0 0 0 0 0 0 0 0 0 0 0 0 0 0 0 0 0 0 0 0 0 0 0 0 0 0 0 0 0 0 0 0 0 0 0 0 0 0 0 0 0 0 0 0 0 0 0 0 0 0 0 0 0 0 0 0 0 0 0 0 0 0 0 0 0 0 0 0 0 0 0 0 0 0 0 0 0 0 0 0 0 0 0 0 0 0 0 0 0 0 0 0 0 0 0 0 0 0 0 0 0 0 0 0 0 0 0 0 0 0 0 0 0 0 0 0 0 0 0 0 0 0 0 0 0 0 0 0 0 0 0 0 0 0 0 0 0 0 0 0 0 0 0 0 0 0 0 0 0 0 0 0 0 0 0 0 0 0 0 0 0 0 0 0 0 0 0 0 0 0 0 0 0 0 0 0 0 0 0 0 0 0 0 0 0 0 0 0 0 0 0 0 0 0 0 0 0 0 0 0 0 0 0 0 0 0 0 0 0 0 0 0 0 0 0 0 0 0 0 0 0 0 0 0 0 0 0 0 0 0 0 0 0 0 0 0 0 0 0 0 0 0 0 0 0 0 0 0 0 0 0 0 0 0 0 0 0 0 0 0 0 0 0 0 0 0 0 0 0 0 0 0 0 0 0 0 0 0 0 0 0 0 0 0 1 0.887144 1 0.594422 1 0.887815 0.96875 0.887815 0.96875 0.594156 0.96875 0.888477 0.9375 0.888477 0.9375 0.593912 0.9375 0.889103 0.90625 0.889103 0.90625 0.593698 0.90625 0.889669 0.875 0.889669 0.875 0.593522 0.875 0.890155 0.84375 0.890155 0.84375 0.593392 0.84375 0.890541 0.8125 0.890541 0.8125 0.593312 0.8125 0.890812 0.78125 0.890812 0.78125 0.593285 0.78125 0.890957 0.75 0.890968 0.75 0.890957 0.75 0.593285 0.71875 0.890737 0.71875 0.593313 0.71875 0.593394 0.6875 0.890474 0.6875 0.593394 0.6875 0.593525 0.65625 0.890151 0.65625 0.593525 0.65625 0.593701 0.625 0.88978 0.625 0.593701 0.625 0.593916 0.59375 0.594161 0.59375 0.88924 0.59375 0.889754 0.5625 0.888625 0.5625 0.594161 0.5625 0.594427 0.53125 0.88797 0.53125 0.594427 0.53125 0.594703 0.5 0.887299 0.5 0.594703 0.5 0.594979 0.46875 0.886637 0.46875 0.594979 0.46875 0.595221 0.4375 0.886011 0.4375 0.595221 0.4375 0.59543 0.40625 0.885444 0.40625 0.59543 0.40625 0.59562 0.375 0.884959 0.375 0.59562 0.375 0.595784 0.34375 0.884573 0.34375 0.595784 0.34375 0.595916 0.3125 0.884302 0.3125 0.595916 0.3125 0.59601 0.28125 0.884156 0.28125 0.59601 0.28125 0.596063 0.25 0.596072 0.25 0.884156 0.25 0.596063 0.21875 0.884257 0.21875 0.596072 0.21875 0.596007 0.1875 0.595876 0.1875 0.884257 0.1875 0.596007 0.15625 0.5957 0.15625 0.8845 0.15625 0.595876 0.125 0.88486 0.125 0.595485 0.125 0.885324 0.09375 0.885324 0.09375 0.59524 0.09375 0.885874 0.0625 0.885874 0.0625 0.594974 0.0625 0.886488 0.03125 0.886488 0.03125 0.594698 0.03125 0.887144 1 0.888211 1 0.594192 1 0.888621 0.96875 0.888621 0.96875 0.593978 0.96875 0.889 0.9375 0.889 0.9375 0.59378 0.9375 0.889335 0.90625 0.889335 0.90625 0.593604 0.90625 0.889612 0.875 0.889612 0.875 0.593457 0.875 0.88982 0.84375 0.88982 0.84375 0.593346 0.84375 0.889952 0.8125 0.890003 0.8125 0.593346 0.8125 0.593273 0.78125 0.88997 0.78125 0.593273 0.78125 0.593243 0.75 0.889855 0.75 0.593243 0.75 0.593257 0.71875 0.889662 0.71875 0.593257 0.71875 0.593313 0.6875 0.889399 0.6875 0.593313 0.6875 0.593409 0.65625 0.889399 0.65625 0.593409 0.65625 0.593434 0.625 0.888705 0.625 0.593543 0.625 0.593708 0.59375 0.888301 0.59375 0.593708 0.59375 0.593899 0.5625 0.887878 0.5625 0.593899 0.5625 0.594108 0.53125 0.887454 0.53125 0.594108 0.53125 0.594327 0.5 0.887044 0.5 0.594327 0.5 0.594547 0.46875 0.886665 0.46875 0.594547 0.46875 0.594761 0.4375 0.88633 0.4375 0.594761 0.4375 0.594959 0.40625 0.886053 0.40625 0.594959 0.40625 0.595136 0.375 0.885845 0.375 0.595136 0.375 0.595282 0.34375 0.885713 0.34375 0.595282 0.34375 0.595394 0.3125 0.885702 0.3125 0.885713 0.3125 0.595394 0.28125 0.885343 0.28125 0.595541 0.28125 0.595611 0.25 0.885328 0.25 0.595611 0.25 0.595623 0.21875 0.595589 0.21875 0.885328 0.21875 0.595623 0.1875 0.595512 0.1875 0.885444 0.1875 0.595589 0.15625 0.595388 0.15625 0.885687 0.15625 0.595512 0.125 0.886047 0.125 0.595217 0.125 0.886511 0.09375 0.886511 0.09375 0.594997 0.09375 0.887061 0.0625 0.887061 0.0625 0.594736 0.0625 0.887676 0.03125 0.887992 0.03125 0.887676 0.03125 0.594736 0 0 0 0 0 0 0 0 0 0 0 0 0 0 0 0 0 0 0 0 0 0 0 0 0 0 0 0 0 0 0 0 0 0 0 0 0 0 0 0 0 0 0 0 0 0 0 0 0 0 0 0 0 0 0 0 0 0 0 0 0 0 0 0 0 0 0 0 0 0 0 0 0 0 0 0 0 0 0 0 0 0 0 0 0 0 0 0 0 0 0 0 0 0 0 0 0 0 0 0 0 0 0 0 0 0 0 0 0 0 0 0 0 0 0 0 0 0 0 0 0 0 0 0 0 0 0 0 0 0 0 0 0 0 0 0 0 0 0 0 0 0 0 0 0 0 0 0 0 0 0 0 0 0 0 0 0 0 0 0 0 0 0 0 0 0 0 0 0 0 0 0 0 0 0 0 0 0 0 0 0 0 0 0 0 0 0 0 0 0 0 0 0 0 0 0 0 0 0 0 0 0 0 0 0 0 0 0 0 0 0 0 0 0 0 0 0 0 0 0 0 0 0 0 0 0 0 0 0 0 0 0 0 0 0 0 0 0 0 0 0 0 0 0 0 0 0 0 0 0 0 0 0 0 0 0 0 0 0 0 0 0 0 0 0 0 0 0 0 0 0 0 0 0 0 0 0 0 0 0 0 0 0 0 0 0 0 0 0 0 0 0 0 0 0 0 0 0 0 0 0 0 0 0 0 0 0 0 0 0 0 0 0 0 0 0 0 0 0 0 0 0 0 0 0 0 0 0 0 0 0 0 0 0 0 0 0 0 0 0 0 0 0 0 0 0 0 0 0 0 0 0 0 0 0 0 0 0 0 0 0 0 0 0 0 0 0 0 0 0 0 0 0 0 0 0 0 0 0 0 0 0 0 0 0 0 0 0 0 0 0 0 0 0 0 0 0 0 0 0 0 0 0 0 0 0 0 0 0 0 0 0 0 0 0 0 0 0 0 0 0 0 0 0 0 0 0 0 0 0 0 0 0 0 0 0 0 0 0 0 0 0 0 0 0 0 0 0 0 0 0 0 0 0 0 0 0 0 0 0 0 0 0 0 0 0 0 0 0 0 0 0 0 0 0 0 0 0 0 0 0 0 0 0 0 0 0 0 0 0 0 0 0 0 0 0 0 0 0 0 0 0 0 0 0 0 0 0 0 0 0 0 0 0 0 0 0 0 0 0 0 0 0 0 0 0 0 0 0 0 0 0 0 0 0 0 0 0 0 0 0 0 0 0 0 0 0 0 0 0 0 0 0 0 0 0 0 0 0 0 0 0 0 0 0 0 0 0 0 0 0 0 0 0 0 0 0 0 0 0 0 0 0 0 0 0 0 0 0 0 0 0 0 0 0 0 0 0 0 0 0 0 0 0 0 0 0 0 0 0 0 0 0 0 0 0 0 0 0 0 0 0 0 0 0 0 0 0 0 0 0 0 0 0 0 0 0 0 0 0 0 0 0 0 0 0 0 0 0 0 0 0 0 0 0 0 0 0 0 0 0 0 0 0 0 0 0 0 0 0 0 0 0 0 0 0 0 0 0 0 0 0 0 0 0 0 0 0 0 0 0 0 0 0 0 0 0 0 0 0 0 0 0 0 0 0 0 0 0 0 0 0 0 0 0 0 0 0 0 0 0 0 0 0 0 0 0 0 0 0 0 0 0 0 0 0 0 0 0 0 0 0 0 0 0 0 0 0 0 0 0 0 0 0 0 0 0 0 0 0 0 0 0 0 0 0 0 0 0 0 0 0 0 0 0 0 0 0 0 0 0 0 0 0 0 0 0 0 0 0 0 0 0 0 0 0 0 0 0 0 0 0 0 0 0 0 0 0 0 0 0 0 0 0 0 0 0 0 0 0 0 0 0 0 0 0 0 0 0 0 0 0 0 0 0 0 0 0 0 0 0 0 0 0 0 0 0 0 0 0 0 0 0 0 0 0 0 0 0 0 0 0 0 0 0 0 0 0 0 0 1 0.887144 1 0.594698 1 0.594422 0.96875 0.887815 0.96875 0.594422 0.96875 0.594156 0.9375 0.888477 0.9375 0.594156 0.9375 0.593912 0.90625 0.889103 0.90625 0.593912 0.90625 0.593698 0.875 0.889669 0.875 0.593698 0.875 0.593522 0.84375 0.890155 0.84375 0.593522 0.84375 0.593392 0.8125 0.890541 0.8125 0.593392 0.8125 0.593312 0.78125 0.890812 0.78125 0.593312 0.78125 0.593285 0.75 0.593285 0.75 0.593313 0.75 0.890968 0.75 0.593313 0.75 0.89093 0.75 0.890968 0.71875 0.890737 0.71875 0.89093 0.71875 0.593313 0.6875 0.890474 0.6875 0.890737 0.6875 0.593394 0.65625 0.890151 0.65625 0.890474 0.65625 0.593525 0.625 0.88978 0.625 0.890151 0.625 0.593701 0.59375 0.88978 0.59375 0.593916 0.59375 0.889754 0.59375 0.593916 0.59375 0.594161 0.59375 0.889754 0.5625 0.888625 0.5625 0.88924 0.5625 0.594161 0.53125 0.88797 0.53125 0.888625 0.53125 0.594427 0.5 0.887299 0.5 0.88797 0.5 0.594703 0.46875 0.886637 0.46875 0.887298 0.46875 0.594979 0.4375 0.886011 0.4375 0.886637 0.4375 0.595221 0.40625 0.885444 0.40625 0.886011 0.40625 0.59543 0.375 0.884959 0.375 0.885444 0.375 0.59562 0.34375 0.884573 0.34375 0.884959 0.34375 0.595784 0.3125 0.884302 0.3125 0.884573 0.3125 0.595916 0.28125 0.884156 0.28125 0.884302 0.28125 0.59601 0.25 0.596072 0.25 0.884141 0.25 0.884156 0.21875 0.884257 0.21875 0.884141 0.21875 0.596072 0.1875 0.595876 0.1875 0.8845 0.1875 0.884257 0.15625 0.5957 0.15625 0.88486 0.15625 0.8845 0.125 0.88486 0.125 0.5957 0.125 0.595485 0.09375 0.885324 0.09375 0.595485 0.09375 0.59524 0.0625 0.885874 0.0625 0.59524 0.0625 0.594974 0.03125 0.886488 0.03125 0.594974 0.03125 0.594698 1 0.888211 1 0.594413 1 0.594192 0.96875 0.888621 0.96875 0.594192 0.96875 0.593978 0.9375 0.889 0.9375 0.593978 0.9375 0.59378 0.90625 0.889335 0.90625 0.59378 0.90625 0.593604 0.875 0.889612 0.875 0.593604 0.875 0.593457 0.84375 0.88982 0.84375 0.593457 0.84375 0.593346 0.8125 0.890003 0.8125 0.889952 0.8125 0.593346 0.78125 0.88997 0.78125 0.890003 0.78125 0.593273 0.75 0.889855 0.75 0.88997 0.75 0.593243 0.71875 0.889662 0.71875 0.889855 0.71875 0.593257 0.6875 0.889399 0.6875 0.889662 0.6875 0.593313 0.65625 0.593543 0.65625 0.889076 0.65625 0.593434 0.65625 0.889076 0.65625 0.889399 0.65625 0.593434 0.625 0.888705 0.625 0.889076 0.625 0.593543 0.59375 0.888301 0.59375 0.888705 0.59375 0.593708 0.5625 0.887878 0.5625 0.888301 0.5625 0.593899 0.53125 0.887454 0.53125 0.887878 0.53125 0.594108 0.5 0.887044 0.5 0.887454 0.5 0.594327 0.46875 0.886665 0.46875 0.887044 0.46875 0.594547 0.4375 0.88633 0.4375 0.886665 0.4375 0.594761 0.40625 0.886053 0.40625 0.88633 0.40625 0.594959 0.375 0.885845 0.375 0.886053 0.375 0.595136 0.34375 0.885713 0.34375 0.885845 0.34375 0.595282 0.3125 0.595394 0.3125 0.595541 0.3125 0.885702 0.3125 0.595541 0.3125 0.885489 0.3125 0.885702 0.28125 0.885343 0.28125 0.885489 0.28125 0.595541 0.25 0.885328 0.25 0.885343 0.25 0.595611 0.21875 0.595589 0.21875 0.885444 0.21875 0.885328 0.1875 0.595512 0.1875 0.885687 0.1875 0.885444 0.15625 0.595388 0.15625 0.886047 0.15625 0.885687 0.125 0.886047 0.125 0.595388 0.125 0.595217 0.09375 0.886511 0.09375 0.595217 0.09375 0.594997 0.0625 0.887061 0.0625 0.594997 0.0625 0.594736 0.03125 0.594736 0.03125 0.594413 0.03125 0.887992 0.03125 0.594413 0.03125 0.888211 0.03125 0.887992</float_array>
          <technique_common>
            <accessor source="#panda_attach_gs_mini-mesh-map-0-array" count="1248" stride="2">
              <param name="S" type="float"/>
              <param name="T" type="float"/>
            </accessor>
          </technique_common>
        </source>
        <vertices id="panda_attach_gs_mini-mesh-vertices">
          <input semantic="POSITION" source="#panda_attach_gs_mini-mesh-positions"/>
        </vertices>
        <triangles material="material_0_002-material" count="416">
          <input semantic="VERTEX" source="#panda_attach_gs_mini-mesh-vertices" offset="0"/>
          <input semantic="NORMAL" source="#panda_attach_gs_mini-mesh-normals" offset="1"/>
          <input semantic="TEXCOORD" source="#panda_attach_gs_mini-mesh-map-0" offset="2" set="0"/>
          <p>0 0 0 1 1 1 2 2 2 0 0 3 48 3 4 1 1 5 3 4 6 68 5 7 12 6 8 3 4 9 4 7 10 68 5 11 5 8 12 6 9 13 7 10 14 8 11 15 9 12 16 6 9 17 11 13 18 14 14 19 10 15 20 10 15 21 14 14 22 39 16 23 39 16 24 14 14 25 12 6 26 11 13 27 13 17 28 14 14 29 12 6 30 0 0 31 9 12 32 39 16 33 12 6 34 9 12 35 9 12 36 15 18 37 6 9 38 0 0 39 15 18 40 9 12 41 0 0 42 16 19 43 15 18 44 15 18 45 17 20 46 6 9 47 6 9 48 17 20 49 7 10 50 15 18 51 18 21 52 17 20 53 66 22 54 20 23 55 21 24 56 66 22 57 67 25 58 20 23 59 20 23 60 67 25 61 22 26 62 67 25 63 8 11 64 22 26 65 19 27 66 23 28 67 25 29 68 25 29 69 23 28 70 24 30 71 20 23 72 22 26 73 25 29 74 22 26 75 19 27 76 25 29 77 26 31 78 27 32 79 28 33 80 24 30 81 29 34 82 27 32 83 23 28 84 29 34 85 24 30 86 5 8 87 7 10 88 29 34 89 7 10 90 28 33 91 27 32 92 7 10 93 27 32 94 29 34 95 30 35 96 31 36 97 32 37 98 31 36 99 33 38 100 34 39 101 35 40 102 33 38 103 31 36 104 17 20 105 18 21 106 35 40 107 30 35 108 17 20 109 31 36 110 31 36 111 17 20 112 35 40 113 36 41 114 34 39 115 33 38 116 36 41 117 37 42 118 34 39 119 7 10 120 30 35 121 28 33 122 7 10 123 17 20 124 30 35 125 86 43 126 85 44 127 45 45 128 39 16 129 163 46 130 164 47 131 13 17 132 11 13 133 47 48 134 47 48 135 11 13 136 40 49 137 41 50 138 48 3 139 42 51 140 30 35 141 42 51 142 43 52 143 30 35 144 43 52 145 28 33 146 43 52 147 26 31 148 28 33 149 32 37 150 42 51 151 30 35 152 44 53 153 21 24 154 43 52 155 49 54 156 38 55 157 46 56 158 49 54 159 45 45 160 38 55 161 49 54 162 40 49 163 45 45 164 47 48 165 40 49 166 49 54 167 46 56 168 38 55 169 44 53 170 48 3 171 46 56 172 44 53 173 42 51 174 44 53 175 43 52 176 42 51 177 48 3 178 44 53 179 32 37 180 50 57 181 42 51 182 51 58 183 50 57 184 32 37 185 31 36 186 51 58 187 32 37 188 52 59 189 53 60 190 51 58 191 51 58 192 54 61 193 50 57 194 53 60 195 54 61 196 51 58 197 34 39 198 52 59 199 31 36 200 31 36 201 52 59 202 51 58 203 54 61 204 42 51 205 50 57 206 54 61 207 41 50 208 42 51 209 55 62 210 27 32 211 26 31 212 56 63 213 26 31 214 43 52 215 56 63 216 55 62 217 26 31 218 56 63 219 20 23 220 55 62 221 20 23 222 57 64 223 55 62 224 21 24 225 56 63 226 43 52 227 21 24 228 20 23 229 56 63 230 57 64 231 24 30 232 55 62 233 55 62 234 24 30 235 27 32 236 18 21 237 15 18 238 59 65 239 18 21 240 58 66 241 35 40 242 18 21 243 59 65 244 58 66 245 59 65 246 60 67 247 58 66 248 60 67 249 61 68 250 58 66 251 61 68 252 62 69 253 58 66 254 16 19 255 60 67 256 59 65 257 16 19 258 59 65 259 15 18 260 62 69 261 33 38 262 35 40 263 62 69 264 35 40 265 58 66 266 5 8 267 29 34 268 63 70 269 65 71 270 63 70 271 64 72 272 65 71 273 5 8 274 63 70 275 6 9 276 5 8 277 65 71 278 63 70 279 19 27 280 64 72 281 19 27 282 22 26 283 64 72 284 64 72 285 22 26 286 65 71 287 23 28 288 19 27 289 63 70 290 23 28 291 63 70 292 29 34 293 65 71 294 8 11 295 6 9 296 22 26 297 8 11 298 65 71 299 38 55 300 39 16 301 66 22 302 39 16 303 67 25 304 66 22 305 0 0 306 12 6 307 48 3 308 48 3 309 12 6 310 68 5 311 69 73 312 70 74 313 13 17 314 47 48 315 69 73 316 13 17 317 40 49 318 11 13 319 10 15 320 45 45 321 40 49 322 10 15 323 60 67 324 16 19 325 71 75 326 60 67 327 71 75 328 61 68 329 71 75 330 36 41 331 61 68 332 61 68 333 36 41 334 62 69 335 33 38 336 62 69 337 36 41 338 2 2 339 16 19 340 0 0 341 3 4 342 14 14 343 70 74 344 3 4 345 12 6 346 14 14 347 13 17 348 70 74 349 14 14 350 34 39 351 37 42 352 52 59 353 52 59 354 37 42 355 53 60 356 37 42 357 72 76 358 53 60 359 53 60 360 72 76 361 54 61 362 72 76 363 41 50 364 54 61 365 39 16 366 9 12 367 67 25 368 48 3 369 41 50 370 1 1 371 8 11 372 67 25 373 9 12 374 68 5 375 46 56 376 48 3 377 4 7 378 46 56 379 68 5 380 69 73 381 49 54 382 4 7 383 49 54 384 46 56 385 4 7 386 69 73 387 47 48 388 49 54 389 66 22 390 44 53 391 38 55 392 21 24 393 44 53 394 66 22 395 25 29 396 24 30 397 57 64 398 20 23 399 25 29 400 57 64 401 71 75 402 2 2 403 72 76 404 3 4 405 70 74 406 173 77 407 3 4 408 185 78 409 188 79 410 69 73 411 4 7 412 132 80 413 94 81 414 133 82 415 95 83 416 95 84 417 130 85 418 93 86 419 93 87 420 137 88 421 97 89 422 97 90 423 126 91 424 89 92 425 89 93 426 128 94 427 91 95 428 91 96 429 136 97 430 87 98 431 87 99 432 122 100 433 101 101 434 101 102 435 123 103 436 84 104 437 83 105 438 84 106 439 123 107 440 104 108 441 124 109 442 120 109 443 106 110 444 120 111 445 121 112 446 102 113 447 121 114 448 125 115 449 103 116 450 125 117 451 118 118 452 119 119 453 78 120 454 77 121 455 74 122 456 119 123 457 116 124 458 73 125 459 116 126 460 115 127 461 75 128 462 115 129 463 117 130 464 76 131 465 117 132 466 107 133 467 79 134 468 107 135 469 109 136 470 80 137 471 109 138 472 108 139 473 82 140 474 108 141 475 110 142 476 81 143 477 110 144 478 112 145 479 86 146 480 112 147 481 111 148 482 85 149 483 111 150 484 114 151 485 113 152 486 85 153 487 114 154 488 88 155 489 113 156 490 138 157 491 129 158 492 88 159 493 138 160 494 127 161 495 92 162 496 129 163 497 90 164 498 135 165 499 99 166 500 99 167 501 131 168 502 98 169 503 98 170 504 134 171 505 96 172 506 96 173 507 132 174 508 94 175 509 168 176 510 193 177 511 167 178 512 167 179 513 192 180 514 169 181 515 169 182 516 189 183 517 166 184 518 166 185 519 190 186 520 165 187 521 165 188 522 194 189 523 170 190 524 170 191 525 186 192 526 162 193 527 163 194 528 186 195 529 187 196 530 164 197 531 187 198 532 188 199 533 161 200 534 188 201 535 185 202 536 171 203 537 185 204 538 195 204 539 156 205 540 195 206 541 179 207 542 156 208 543 179 209 544 180 210 545 160 211 546 182 212 547 178 213 548 152 214 549 178 215 550 176 216 551 151 217 552 176 218 553 174 219 554 150 220 555 174 221 556 173 222 557 153 223 558 173 224 559 177 225 560 154 226 561 177 227 562 175 228 563 155 229 564 175 230 565 184 231 566 159 232 567 184 233 568 183 234 569 157 235 570 183 236 571 181 237 572 172 238 573 181 239 574 196 239 575 139 240 576 172 241 577 196 242 578 145 243 579 202 244 580 199 245 581 148 246 582 199 247 583 197 248 584 198 249 585 148 250 586 197 251 587 201 252 588 149 253 589 198 252 590 200 254 591 146 255 592 201 256 593 147 257 594 203 258 595 144 259 596 144 260 597 205 261 598 142 262 599 142 263 600 204 264 601 141 265 602 140 266 603 141 267 604 204 268 605 84 269 606 83 270 607 38 55 608 10 15 609 139 271 610 143 272 611 10 15 612 143 272 613 145 273 614 101 274 615 84 269 616 38 55 617 87 275 618 101 274 619 38 55 620 45 45 621 10 15 622 86 43 623 10 15 624 145 273 625 148 276 626 10 15 627 148 276 628 86 43 629 91 277 630 87 275 631 38 55 632 89 278 633 91 277 634 38 55 635 148 276 636 149 279 637 86 43 638 149 279 639 146 280 640 81 281 641 86 43 642 149 279 643 81 281 644 97 282 645 89 278 646 38 55 647 93 283 648 97 282 649 38 55 650 146 280 651 147 284 652 82 285 653 147 284 654 144 286 655 80 287 656 95 288 657 93 283 658 38 55 659 94 289 660 95 288 661 38 55 662 141 290 663 140 291 664 75 292 665 140 291 666 77 293 667 78 294 668 140 291 669 78 294 670 74 295 671 142 296 672 141 290 673 75 292 674 140 291 675 74 295 676 73 297 677 140 291 678 73 297 679 75 292 680 94 289 681 38 55 682 45 45 683 96 298 684 94 289 685 45 45 686 144 286 687 142 296 688 76 299 689 98 300 690 96 298 691 45 45 692 99 301 693 98 300 694 45 45 695 142 296 696 75 292 697 76 299 698 90 302 699 99 301 700 45 45 701 92 303 702 90 302 703 45 45 704 144 286 705 76 299 706 79 304 707 144 286 708 79 304 709 80 287 710 88 305 711 92 303 712 45 45 713 100 306 714 88 305 715 45 45 716 80 287 717 82 285 718 147 284 719 82 285 720 81 281 721 146 280 722 85 44 723 100 306 724 45 45 725 172 307 726 139 271 727 10 15 728 39 16 729 38 55 730 162 308 731 38 55 732 83 270 733 105 309 734 38 55 735 105 309 736 104 310 737 157 311 738 172 307 739 10 15 740 159 312 741 157 311 742 10 15 743 38 55 744 104 310 745 162 308 746 104 310 747 106 313 748 162 308 749 155 314 750 159 312 751 10 15 752 154 315 753 155 314 754 10 15 755 106 313 756 102 316 757 170 317 758 103 318 759 77 293 760 169 319 761 77 293 762 140 291 763 168 320 764 106 313 765 170 317 766 162 308 767 102 316 768 103 318 769 165 321 770 170 317 771 102 316 772 165 321 773 153 322 774 154 315 775 10 15 776 150 323 777 153 322 778 10 15 779 77 293 780 168 320 781 167 324 782 77 293 783 167 324 784 169 319 785 150 323 786 10 15 787 39 16 788 151 325 789 150 323 790 39 16 791 103 318 792 169 319 793 166 326 794 152 327 795 151 325 796 39 16 797 160 328 798 152 327 799 39 16 800 103 318 801 166 326 802 165 321 803 158 329 804 160 328 805 39 16 806 156 330 807 158 329 808 39 16 809 171 331 810 156 330 811 39 16 812 161 332 813 171 331 814 39 16 815 39 16 816 162 308 817 163 46 818 164 47 819 161 332 820 39 16 821 71 75 822 16 19 823 2 2 824 2 2 825 1 1 826 72 76 827 1 1 828 41 50 829 72 76 830 72 76 831 37 42 832 36 41 833 72 76 834 36 41 835 71 75 836 182 333 837 180 334 838 3 4 839 70 74 840 181 335 841 183 336 842 70 74 843 183 336 844 184 337 845 178 338 846 182 333 847 3 4 848 176 339 849 178 338 850 3 4 851 70 74 852 184 337 853 175 340 854 70 74 855 175 340 856 177 341 857 174 342 858 176 339 859 3 4 860 70 74 861 177 341 862 173 77 863 173 77 864 174 342 865 3 4 866 196 343 867 181 335 868 70 74 869 69 73 870 129 344 871 138 345 872 69 73 873 138 345 874 113 346 875 202 347 876 196 343 877 70 74 878 199 348 879 202 347 880 70 74 881 69 73 882 113 346 883 114 349 884 69 73 885 114 349 886 111 350 887 199 348 888 70 74 889 197 351 890 70 74 891 69 73 892 197 351 893 69 73 894 111 350 895 197 351 896 111 350 897 112 352 898 197 351 899 198 353 900 197 351 901 112 352 902 198 353 903 112 352 904 110 354 905 201 355 906 198 353 907 110 354 908 201 355 909 110 354 910 108 356 911 200 357 912 201 355 913 108 356 914 200 357 915 108 356 916 109 358 917 203 359 918 200 357 919 109 358 920 203 359 921 109 358 922 107 360 923 205 361 924 203 359 925 107 360 926 205 361 927 107 360 928 117 362 929 204 363 930 205 361 931 117 362 932 204 363 933 117 362 934 115 364 935 191 365 936 204 363 937 115 364 938 191 365 939 115 364 940 116 366 941 193 367 942 191 365 943 116 366 944 193 367 945 116 366 946 119 368 947 192 369 948 193 367 949 119 368 950 192 369 951 119 368 952 118 370 953 189 371 954 192 369 955 118 370 956 189 371 957 118 370 958 125 372 959 190 373 960 189 371 961 125 372 962 190 373 963 125 372 964 121 374 965 194 375 966 190 373 967 121 374 968 194 375 969 121 374 970 120 376 971 186 377 972 194 375 973 120 376 974 186 377 975 120 376 976 124 378 977 187 379 978 186 377 979 124 378 980 187 379 981 124 378 982 3 4 983 124 378 984 123 380 985 4 7 986 188 79 987 187 379 988 3 4 989 124 378 990 4 7 991 3 4 992 3 4 993 180 334 994 179 381 995 136 382 996 128 383 997 4 7 998 122 384 999 136 382 1000 4 7 1001 3 4 1002 179 381 1003 195 385 1004 3 4 1005 195 385 1006 185 78 1007 123 380 1008 122 384 1009 4 7 1010 127 386 1011 129 344 1012 69 73 1013 4 7 1014 128 383 1015 126 387 1016 4 7 1017 126 387 1018 137 388 1019 135 389 1020 127 386 1021 69 73 1022 131 390 1023 135 389 1024 69 73 1025 4 7 1026 137 388 1027 130 391 1028 4 7 1029 130 391 1030 133 392 1031 134 393 1032 131 390 1033 69 73 1034 4 7 1035 133 392 1036 132 80 1037 132 80 1038 134 393 1039 69 73 1040 94 81 1041 132 394 1042 133 82 1043 95 84 1044 133 395 1045 130 85 1046 93 87 1047 130 396 1048 137 88 1049 97 90 1050 137 397 1051 126 91 1052 89 93 1053 126 398 1054 128 94 1055 91 96 1056 128 399 1057 136 97 1058 87 99 1059 136 400 1060 122 100 1061 101 102 1062 122 401 1063 123 103 1064 123 107 1065 124 402 1066 83 105 1067 124 402 1068 105 403 1069 83 105 1070 104 108 1071 105 108 1072 124 109 1073 106 110 1074 104 110 1075 120 111 1076 102 113 1077 106 404 1078 121 114 1079 103 116 1080 102 405 1081 125 117 1082 103 406 1083 118 407 1084 77 121 1085 118 407 1086 119 119 1087 77 121 1088 74 122 1089 78 122 1090 119 123 1091 73 125 1092 74 408 1093 116 126 1094 75 128 1095 73 409 1096 115 129 1097 76 131 1098 75 410 1099 117 132 1100 79 134 1101 76 411 1102 107 135 1103 80 137 1104 79 412 1105 109 138 1106 82 140 1107 80 413 1108 108 141 1109 81 143 1110 82 143 1111 110 144 1112 86 146 1113 81 414 1114 112 147 1115 85 149 1116 86 415 1117 111 150 1118 113 152 1119 100 416 1120 85 153 1121 88 155 1122 100 417 1123 113 156 1124 129 158 1125 92 418 1126 88 159 1127 127 161 1128 90 419 1129 92 162 1130 90 164 1131 127 420 1132 135 165 1133 99 167 1134 135 421 1135 131 168 1136 98 170 1137 131 422 1138 134 171 1139 96 173 1140 134 423 1141 132 174 1142 168 176 1143 191 424 1144 193 177 1145 167 179 1146 193 425 1147 192 180 1148 169 182 1149 192 426 1150 189 183 1151 166 185 1152 189 427 1153 190 186 1154 165 188 1155 190 428 1156 194 189 1157 170 191 1158 194 429 1159 186 192 1160 163 194 1161 162 194 1162 186 195 1163 164 197 1164 163 430 1165 187 198 1166 161 200 1167 164 431 1168 188 201 1169 171 203 1170 161 432 1171 185 204 1172 156 205 1173 171 433 1174 195 206 1175 182 434 1176 158 435 1177 180 210 1178 158 435 1179 156 208 1180 180 210 1181 160 211 1182 158 436 1183 182 212 1184 152 214 1185 160 437 1186 178 215 1187 151 217 1188 152 438 1189 176 218 1190 150 220 1191 151 439 1192 174 221 1193 153 223 1194 150 440 1195 173 224 1196 154 226 1197 153 441 1198 177 227 1199 155 229 1200 154 442 1201 175 230 1202 159 232 1203 155 443 1204 184 233 1205 157 235 1206 159 444 1207 183 236 1208 172 238 1209 157 445 1210 181 239 1211 196 242 1212 202 446 1213 139 240 1214 202 446 1215 143 447 1216 139 240 1217 145 243 1218 143 448 1219 202 244 1220 148 246 1221 145 449 1222 199 247 1223 198 249 1224 149 450 1225 148 250 1226 201 252 1227 146 451 1228 149 253 1229 200 254 1230 147 452 1231 146 255 1232 147 257 1233 200 453 1234 203 258 1235 144 260 1236 203 454 1237 205 261 1238 142 263 1239 205 455 1240 204 264 1241 204 268 1242 191 456 1243 140 266 1244 191 456 1245 168 457 1246 140 266 1247</p>
        </triangles>
      </mesh>
    </geometry>
  </library_geometries>
  <library_visual_scenes>
    <visual_scene id="Scene" name="Scene">
      <node id="panda_gsmini_finger_left" name="panda_gsmini_finger_left" type="NODE">
        <matrix sid="transform">0.001 0 0 0 0 -4.37114e-11 0.001 0.011197 0 -0.001 -4.37114e-11 0.0193593 0 0 0 1</matrix>
        <instance_geometry url="#gelsight-mini-franka-finger-2-v2_002-mesh" name="panda_gsmini_finger_left"/>
      </node>
      <node id="panda_finger_attacher" name="panda_finger_attacher" type="NODE">
        <matrix sid="transform">1 0 0 0 0 7.54979e-8 -1 0 0 1 7.54979e-8 0 0 0 0 1</matrix>
        <instance_geometry url="#panda_attach_gs_mini-mesh" name="panda_finger_attacher">
          <bind_material>
            <technique_common>
              <instance_material symbol="material_0_002-material" target="#material_0_002-material">
                <bind_vertex_input semantic="UVMap" input_semantic="TEXCOORD" input_set="0"/>
              </instance_material>
            </technique_common>
          </bind_material>
        </instance_geometry>
      </node>
    </visual_scene>
  </library_visual_scenes>
  <scene>
    <instance_visual_scene url="#Scene"/>
  </scene>
</COLLADA>